msa,ms_cara_per,ms_carp_per,ms_pt_per,ms_taxi_per,ms_bike_per,ms_walk_per,ms_wfh_per
"Abilene, TX",80.29113320182056,100.10575175028043,0.5105790430510966,0.9154321226421177,0.2656042496679947,1.9430369138333397,5.4990394409417345
"Aguadilla-Isabela, PR",83.0419112871388,100.1014479833934,0.41389147128866705,0.8290564547966837,0.37186556805012544,2.8017268825694384,2.3967499968162196
"Akron, OH",84.67359846893525,100.07173656817439,1.3032138355972551,0.6141180040143771,0.09685851654763572,1.5929141576809973,4.545640199785277
"Albany, GA",81.19073239626069,100.11438227184074,0.9953594727284956,0.9062478983119241,0.13114533593382205,1.5855134844306946,3.7527742282601384
"Albany-Lebanon, OR",79.29696924704442,100.11196896865314,0.1707466453852007,1.5033128561088325,0.6458677455874984,2.225274215400605,4.960932425159148
"Albany-Schenectady-Troy, NY",79.33849233484312,100.08015634979203,3.6182970781455577,0.8598335849644219,0.280517886118314,3.332137239369997,4.555086897354827
"Albuquerque, NM",80.62187150628898,100.09559397011134,1.510128290879588,1.057862494778298,0.7830742000835472,1.6559737478177512,4.811692749017837
"Alexandria, LA",81.33183139060306,100.09687530610246,1.627648806608548,2.8357331766088745,0.1779475626081562,2.0292552323113595,2.310053221014138
"Allentown-Bethlehem-Easton, PA-NJ",81.68253765260248,100.08381208621486,1.7129351814506213,1.0801451998465368,0.1871563062575625,2.3560544204302873,4.599962617925688
"Altoona, PA",83.10422798076232,100.08594142559758,1.1485176943507285,0.6909051755078601,0.18125044863972437,2.8712942358768214,3.409661905103725
"Amarillo, TX",83.1780174889896,100.10613869917661,0.2991957617923023,1.0100848918108125,0.20345311801876556,1.523903746728793,3.171475074998404
"Ames, IA",74.8535551816539,100.07602667165202,4.954197046176855,0.6590016825574874,1.6778837165825389,5.673957749111984,4.5787374587150245
"Anchorage, AK",75.72327364425992,100.11513793015614,1.3479711658473217,3.1875493517410023,1.0234595888840776,2.662828905473904,4.541124328179526
"Ann Arbor, MI",71.84635718717126,100.07934615488361,5.1482210773339085,0.6031343565397999,1.5542308418525612,7.009953335311413,5.903487713430259
"Anniston-Oxford, AL",84.37519859342895,100.1052598131633,0.3918910331094965,0.8197936746668926,0.0,1.3472578219331879,2.539877560531277
"Appleton, WI",85.50369908332215,100.06338578636117,0.4934742959108746,0.6908640142752245,0.37819870038609427,2.131019399461521,4.464165870528136
"Arecibo, PR",90.10201433391228,100.04755345271606,0.327404124493422,0.3693278233614821,0.0938292307999441,1.928490147930766,2.4235890678964283
"Asheville, NC",79.2053564306728,100.08752997039323,0.4358903376859806,0.9815743664575582,0.21771056693896126,1.9730020128843369,8.4334692460364
"Athens-Clarke County, GA",76.27869139438374,100.10321178857184,2.806067283829844,1.163616892010174,0.8917630340538147,2.9358157160362883,5.602866822502086
"Atlanta-Sandy Springs-Alpharetta, GA",77.34126738285919,100.09220514985196,3.0045644935533224,1.5657392424991767,0.1900209761597002,1.3221665821390083,7.3557263375933175
"Atlantic City-Hammonton, NJ",77.61252634362505,100.07817746187686,5.495500548908993,1.843853421265616,0.3942528827738735,3.660461724615964,3.1756588911237014
"Auburn-Opelika, AL",83.05470198854792,100.08969447565417,0.7228622094675997,0.8352171970814776,0.2734422590120883,2.159110906555846,3.9852178739187525
"Augusta-Richmond County, GA-SC",84.07494597843777,100.0875980409211,0.8191176413741384,1.5574445385070335,0.14573258650214732,1.5508730425639656,3.0920821205057734
"Austin-Round Rock-Georgetown, TX",76.25914249967488,100.09153037933245,2.024242478598367,1.1914958497199515,0.7616245958465809,1.8136566859643852,8.796799956950094
"Bakersfield, CA",80.53597994298212,100.12062956750573,0.817928034187021,1.8299658011249473,0.34613766084436254,1.0123341176749507,3.3946976926131613
"Baltimore-Columbia-Towson, MD",76.5049999750518,100.08116575083024,6.197345939538401,1.209417302786286,0.29973476502719,2.5918325305953993,5.080094403976885
"Bangor, ME",79.76437587657784,100.09914446002806,0.4221598877980365,1.3309957924263676,0.22440392706872372,3.784011220196353,4.55960729312763
"Barnstable Town, MA",79.80096722606501,100.0756247471147,1.4701065490067629,1.0327354000886304,0.4884298953777384,2.3458122194177378,7.299473998574209
"Baton Rouge, LA",84.79710406503652,100.08659842035289,0.847020303574924,0.8594764845098493,0.2595461374399752,1.524992437318718,3.0520185368308934
"Battle Creek, MI",82.4257721234033,100.09021607517438,0.9925473677029861,0.7537902689428176,0.33255453041594896,3.0629124955233045,3.410815696573836
"Bay City, MI",86.46283468328593,100.06968361164796,0.5906494972964756,0.4951032550867517,0.5081322881153504,1.341990401945669,3.6329287094742786
"Beaumont-Port Arthur, TX",88.25453643965825,100.07566073901187,0.4770744272385916,0.8041939014288046,0.06288433514932007,0.9245206581087536,1.9107163372293405
"Beckley, WV",80.98206601381685,100.10667348980019,0.26284571189318695,1.7538554581191412,0.039543160196320155,2.5005233653555394,3.793817310599893
"Bellingham, WA",76.30606457034271,100.0856258892507,2.5075675830524338,1.0341567754934446,1.7894827306322394,3.6983279699779414,6.101811445432236
"Bend, OR",74.44559051057246,100.09278651030338,0.26459178868533756,1.0101576339215643,1.6536986792833597,2.111128551247842,11.236181805951073
"Billings, MT",81.57780037774226,100.08870237709407,0.6157869444227136,0.9979995306161221,0.43809161926262025,3.1381664971669334,4.361917321382671
"Binghamton, NY",81.38810729694241,100.0853592196586,2.678671918964547,0.5908835115362971,0.23822922528606263,3.626899268429938,2.941286812980679
"Birmingham-Hoover, AL",84.43195384408526,100.09274168904246,0.576134034690277,0.8976119366497032,0.09473208137587653,1.0997070435849066,3.6256921553687627
"Bismarck, ND",85.1941466241669,100.08146913937989,0.20139090118806144,0.8041147493480151,0.2057374674007534,1.5415821501014197,3.9061141698058535
"Blacksburg-Christiansburg, VA",80.08895379713223,100.0731014338821,2.8199681359532662,0.8696229421136484,0.8629845990440785,4.314922995220393,3.733404142326075
"Bloomington, IL",80.79427157565875,100.07929033214371,1.0638176573207303,0.7924472366965782,0.40591541908486595,4.3373658825809835,4.677149014286854
"Bloomington, IN",73.18216585654717,100.09948431986972,3.4234745490883074,0.7648844037602704,1.4471119445335439,7.0320017765057115,4.201929482592711
"Bloomsburg-Berwick, PA",83.58170407293576,100.07252253415636,0.3176734936336166,0.7231591724992897,0.19886877243730466,3.6700328004338956,4.256308272424391
"Boise City, ID",79.85179108071233,100.08916315168378,0.35640291661836354,1.0739647520785216,1.2442890817051457,1.7163223023806764,6.840914698127622
"Boston-Cambridge-Newton, MA-NH",66.39216229309868,100.07171402516813,13.380003343546276,1.3346257574858393,1.0532170772207916,5.403512119967371,5.2650768918673085
"Boulder, CO",65.02082645394138,100.07218292520436,4.8795889165030095,0.9251695951151973,4.180932353128602,4.961272644061709,12.813917516814682
"Bowling Green, KY",81.68150890534321,100.10820242145287,0.19386631979187513,1.0881528917350412,0.20637382429457676,2.8904842905743444,3.1193716229737842
"Bremerton-Silverdale-Port Orchard, WA",69.09304787672038,100.07206211033996,9.26008704858252,2.079755322903188,0.5920872054268125,5.437791632356977,6.331019880014116
"Bridgeport-Stamford-Norwalk, CT",72.20102379161824,100.08127307376769,10.0518305189034,0.950297395228003,0.15083407397279003,2.47743898270322,6.04126786080536
"Brownsville-Harlingen, TX",84.69992660481397,100.08230297783716,0.7063502518646768,1.2050611312895598,0.16310041339681702,1.420228215116899,3.57503559980177
"Brunswick, GA",82.77111737972105,100.09859348064566,0.5171603196991067,1.3908478294938096,0.25858015984955335,1.3790941858642844,3.8238520608055167
"Buffalo-Cheektowaga, NY",82.507212605415,100.07394769936381,3.246597129752922,0.8568205355821867,0.4201805000739754,2.509431868619618,3.0649874241751736
"Burlington, NC",85.7651292116454,100.08711808963035,0.18187765783447823,0.5273143604841348,0.08635917566241413,1.4550212626758259,3.272489368662087
"Burlington-South Burlington, VT",74.7919573659701,100.08588168048014,2.2317300741388295,0.775011347780038,1.5718776793369533,6.543045912277458,5.498209572482894
"California-Lexington Park, MD",82.33868524689488,100.09086373113317,1.683981681130495,0.8713936953151452,0.3154124418625372,1.9530623518719818,3.75109146960814
"Canton-Massillon, OH",84.76901534909574,100.07400914960024,1.1656120398477916,0.7097353456753174,0.1271965453845825,1.6695882679892255,4.157937491983411
"Cape Coral-Fort Myers, FL",79.01298889727923,100.10179087842405,0.6693948077385997,2.0203852152780297,0.6456527258877724,1.1683082777427876,6.304182233668251
"Cape Girardeau, MO-IL",80.42975656194751,100.11262976562854,0.516795865633075,1.3214560950179066,0.15866539734348792,2.47744684709189,3.832902670111973
"Carbondale-Marion, IL",81.97681621095478,100.08404565967614,0.9149632775860543,0.8424033271391912,0.7556853375807451,3.2970533581099017,3.8085125210158397
"Carson City, NV",80.00158906721754,100.11965676148101,0.794533608771651,1.3030351183855078,0.5959002065787383,2.0181153662799938,3.3211504846655013
"Casper, WY",84.60347877358491,100.08394752358491,0.5699685534591195,0.7787932389937107,0.2825275157232704,1.4003537735849056,3.9701257861635217
"Cedar Rapids, IA",84.6688228700352,100.07484595997458,0.5404787913837542,0.7175444984685244,0.3312842261586023,2.0319717837228066,4.225301832772863
"Chambersburg-Waynesboro, PA",82.33113673805602,100.09755628775397,0.2539813289401428,1.0351455244371226,0.07413509060955518,2.2185612300933553,4.331411312465678
"Champaign-Urbana, IL",72.0679814363996,100.07957001012063,5.304667341375128,1.0093273886047212,2.176390674434932,7.490175697730608,3.9944564493923065
"Charleston, WV",82.88330706845524,100.08148518276512,1.6969673674904868,0.8801937194911019,0.07495099358112003,2.7549294691932196,3.5611331052773183
"Charleston-North Charleston, SC",81.05552820921001,100.08184964862855,0.790193018652535,1.202308264298357,0.6676581171517443,2.304860551092865,5.794486976739314
"Charlotte-Concord-Gastonia, NC-SC",80.40304694397155,100.08948176820078,1.5566083418775507,1.036991859181692,0.10060966092863438,1.3611518645603469,6.593414509401841
"Charlottesville, VA",72.13761295180723,100.09673381024096,3.1372364457831328,1.2932981927710843,0.9572665662650602,4.6187876506024095,8.1824171686747
"Chattanooga, TN-GA",82.44037114598774,100.09050016863142,0.7819791838239332,0.7513902287896971,0.18980838764833682,1.668274547636415,5.1181596429719916
"Cheyenne, WY",81.46926660345467,100.10590757307169,0.5276827307581317,1.0120789875087604,0.3504143133940718,1.7891742589767903,4.260625798738508
"Chicago-Naperville-Elgin, IL-IN-WI",69.99828736182343,100.07697633408405,12.13441658948363,1.2654231213012963,0.6874559649430039,3.0163437982885193,5.200439755755075
"Chico, CA",75.92053691275169,100.10779060402685,1.1865771812080537,1.0706040268456376,2.381744966442953,3.0292617449664427,5.632214765100671
"Cincinnati, OH-KY-IN",82.31056164017942,100.07967008184715,1.7719755565206636,0.8079628232944015,0.16590765156045262,2.0205580411737407,4.956026102555852
"Clarksville, TN-KY",84.01785055690787,100.08123478645719,0.6675518182488751,1.3247768680386516,0.07302500553219739,3.1157335693737553,2.677583536180571
"Cleveland, TN",82.82003845177205,100.1049080422244,0.16686618057822758,1.2007109950302899,0.139659738092647,1.5199332535277688,3.661987158559147
"Cleveland-Elyria, OH",81.43360800145689,100.07654933079058,2.993384638365005,1.0255549803462578,0.28657018155924463,2.179508953144087,4.426440166069518
"Coeur d'Alene, ID",80.84407906633838,100.09300449303788,0.3199376817037377,1.03075574844552,0.4381755205942495,1.9474467581966644,6.119155920933662
"College Station-Bryan, TX",79.81649065663773,100.10674770403452,1.6999378788133175,1.039270663689327,1.333087087187925,1.8955356693138126,3.540907640905962
"Colorado Springs, CO",77.02119803292996,100.1044096831764,0.6940131921250062,0.9712268452470866,0.4467307810655522,3.4367779437516432,6.989084887240339
"Columbia, MO",78.87913649720552,100.10685270900954,0.8450650123878849,0.9209288032727063,0.797049954865846,3.3341655943303823,4.538383236983118
"Columbia, SC",80.67370520056261,100.08642085210177,0.7147053811465299,1.8617948007091096,0.11598065971630521,4.394547891619125,3.5971808560695275
"Columbus, GA-AL",80.30197529959321,100.09237365778576,0.8707443104775168,1.7935280536519222,0.23454392201414592,1.988492688826181,5.573349946861143
"Columbus, IN",84.37920272019082,100.09510517902002,0.32733639523966607,0.7079601106346266,0.16493694333781622,1.2230708721358066,3.6869750564591843
"Columbus, OH",82.2041046096129,100.07619100864743,1.6559365116698268,0.9542913711817501,0.3514491251847132,2.19824391109089,5.016873606517714
"Corpus Christi, TX",83.80691579637863,100.09360585583241,1.0375777011901166,0.9605272748097168,0.22802761320685955,1.5951520704699036,3.0112139607042825
"Corvallis, OR",66.5204036858271,100.07831227916215,2.468765155539133,1.0992817717835617,7.882035056927092,7.946698690561418,6.251587723147272
"Crestview-Fort Walton Beach-Destin, FL",80.81017590999441,100.09343892646977,0.4148301788955146,1.4605479215279578,0.6120316465144051,1.7158884672496286,5.6426332288401255
"Cumberland, MD-WV",83.81722624757629,100.08786610878661,0.7041534850494948,0.7296662924788244,0.02041024594346362,3.5513827941626697,2.3905500561281765
"Dallas-Fort Worth-Arlington, TX",80.64347618239857,100.0966858253163,1.361997140521976,1.1559351792901533,0.14834368370383913,1.249121558657852,5.772543723798215
"Dalton, GA",85.79040576648232,100.10636612191637,0.08388740446156714,0.8652830423165352,0.06524575902566333,0.7503262287951282,1.8082396072826694
"Danville, IL",84.35043175666968,100.07765175924733,0.7056321690939554,0.6218584869184174,0.11599432916612966,2.1007861837865702,4.340121149632684
"Daphne-Fairhope-Foley, AL",83.76010564627822,100.07775308403389,0.04831384674847811,1.2314662715667644,0.08159671895298526,0.6001653407199837,6.503043772345155
"Davenport-Moline-Rock Island, IA-IL",85.58389708328711,100.06778862149274,0.9127204169901297,0.8683597648885438,0.2462016191638017,1.9640678717977156,3.645891094599091
"Dayton-Kettering, OH",82.8403434192779,100.08167111331275,1.7690561892736667,0.7077840087658606,0.22264639606290096,2.5532991780659646,3.7397594772790295
"Decatur, AL",88.28024072848726,100.08171849891293,0.18117654472697484,0.6506601128020922,0.023631723225257587,0.6223020449317831,2.0701389545325646
"Decatur, IL",85.21978863531935,100.08128569240532,1.3565849068988907,0.6695402927597751,0.028444522241428353,1.6847909327615256,2.91228146948778
"Deltona-Daytona Beach-Ormond Beach, FL",80.95518890069896,100.0763978351255,0.9246913626615487,1.5778344494480772,0.6677909190951395,1.2413098917938337,6.993400963752248
"Denver-Aurora-Lakewood, CO",75.25840589761373,100.08118658652488,4.162877912203642,1.0367059669671985,0.8137473992448176,2.193367753204387,8.416236418278492
"Des Moines-West Des Moines, IA",83.59384849868738,100.07849356019959,1.1212565245530524,0.7385387802903164,0.22245819102826675,1.8407434698434668,4.633798515637914
"Detroit-Warren-Dearborn, MI",83.81505040547083,100.08406374722308,1.3256289435437612,0.8904220807784557,0.24678647213987348,1.4046066472984449,3.911130728459975
"Dothan, AL",87.6779359430605,100.07596876235667,0.031303545538420983,1.22742849611177,0.11203374192698037,0.6639646764201925,2.690457361275867
"Dover, DE",82.39360846927292,100.09243479228762,1.0660796220488022,0.8014148434891227,0.2621912759563179,2.1408165032093693,4.092410057261586
"Dubuque, IA",83.12185539318861,100.0775753202237,1.0042696494076613,0.667508569366769,0.26259346122236255,3.2052438511034937,3.980997053340549
"Duluth, MN-WI",80.05119307101067,100.08451158655501,1.8161351382356317,0.8252552483652633,0.4724962716530916,4.078954915682001,4.304806699552598
"Durham-Chapel Hill, NC",76.48144065158746,100.08673674517534,3.43886179705333,1.247989728159369,0.6893286989001868,2.809517015978419,6.659187590786471
"East Stroudsburg, PA",78.18237493142121,100.10065452875206,4.3699044362504305,1.1266060196231038,0.0,1.579545019584827,4.676116717914694
"Eau Claire, WI",81.21801668894933,100.07712876308146,0.4137660780969066,0.7353280162279286,0.7191922917338989,2.9240237886681113,6.276796828177584
"El Centro, CA",80.78122103702205,100.08971572047251,0.93524088772054,1.9075543872065788,0.3134320812901269,2.529363193636992,4.561616365872976
"Elizabethtown-Fort Knox, KY",83.32045769258801,100.10196049850595,0.3046425187668537,1.1617229064936958,0.05101668974564536,1.9226003935573208,3.0435099482545005
"Elkhart-Goshen, IN",77.8795231564511,100.14001476949045,0.27956535499525265,1.257516615676759,1.1615149277349932,1.681611984386539,3.7387910117100955
"Elmira, NY",82.22912071453857,100.0886093184108,2.1893636140838164,0.6889415352776189,0.4792636767148653,3.3875228058709803,2.1648558124336246
"El Paso, TX",80.70963389279764,100.10573187018959,1.371903784989467,2.102190585028019,0.14374423439672857,1.6078976717289237,3.49144281209985
"Enid, OK",81.75516428670456,100.11527797033135,0.31540274504367116,2.0137252183557464,0.44017745736863995,1.0917787328434772,2.855954526549286
"Erie, PA",79.08637660713713,100.1064638173715,1.8452018339799285,0.8352303696816185,0.3414665426913335,3.5132578793805505,3.732085029978518
"Eugene-Springfield, OR",70.75023630183229,100.11048358215965,2.910181820316674,1.2058732013174194,3.2688909371642607,4.738365437114359,6.078094086289798
"Evansville, IN-KY",86.45941762083967,100.0695945765607,1.057597352336723,1.0729441908879815,0.10008807750820722,1.9597245576106974,2.3907705447460432
"Fairbanks, AK",74.28039215686275,100.15007843137255,0.896078431372549,1.7745098039215688,0.9137254901960785,3.4745098039215687,3.652941176470588
"Fargo, ND-MN",82.16071950862826,100.08598274349225,0.7692307692307693,0.7867797601637906,0.4862532904357999,2.777127815150629,4.421614507165838
"Farmington, NM",83.97016567830286,100.10187279656009,0.3321717511361089,0.5787532351083124,0.050946587597562716,1.7179189337898149,3.162764158056693
"Fayetteville, NC",81.28740044641694,100.09224502557778,0.4016883940280878,1.3757284673307915,0.10248482269257159,4.234012801917682,3.3741825098359373
"Fayetteville-Springdale-Rogers, AR",82.01725579782568,100.10892365431293,0.36510494217472006,0.5678503681644808,0.3598017418973219,1.5522059273461561,4.245415791298672
"Flagstaff, AZ",68.86349381186226,100.11905089724172,1.620083528385883,1.3799011733749444,1.944406198846513,8.992304985696146,5.294720577661511
"Flint, MI",83.77564542464327,100.09296244586952,1.4488038051066046,0.5590525095245983,0.13429092027733738,1.0826096216190633,3.703353131877233
"Florence, SC",85.26376744455384,100.0834211593028,0.26058254676009035,1.104869998262783,0.18067056575366264,1.0423301870403614,3.8056633273495857
"Florence-Muscle Shoals, AL",88.80690586419753,100.0712287808642,0.04018775720164609,0.6156764403292181,0.1478909465020576,1.0545267489711936,2.211934156378601
"Fond du Lac, WI",83.2794222740437,100.07785759957873,0.21627110994094859,0.8425170195960431,0.49272200699590024,3.2252604656411026,4.15804716590815
"Fort Collins, CO",74.89190257040941,100.07970550754317,1.5759687032203853,1.1602735685785674,3.0690209739620142,2.7390247024190453,8.593258727093641
"Fort Smith, AR-OK",83.79715877064764,100.10133463261778,0.2789640117317742,1.2228559418379141,0.07738385256943052,1.75594470398288,2.7342294574532118
"Fort Wayne, IN",83.92093499768085,100.08966171066245,0.6804524116558696,0.6045067866845402,0.25688989923187877,1.3787443996472861,4.192300438853578
"Fresno, CA",78.51317575166355,100.12173954797834,1.1140062018403343,1.5484382937104646,0.49306399723014793,1.6080810939904826,4.549279863731365
"Gadsden, AL",86.85021178282634,100.0814401232191,0.08904505198305737,0.712360415864459,0.08904505198305737,0.9963419329996149,3.118983442433577
"Gainesville, FL",74.81698490383953,100.1069897290963,3.0254359964155237,1.664713586544427,1.9052871027779694,2.8186392775901288,5.0699662232025915
"Gainesville, GA",80.6236442516269,100.11648590021692,0.26681127982646424,1.712581344902386,0.09002169197396963,1.1095444685466378,4.54880694143167
"Gettysburg, PA",81.94731456774271,100.09136689204101,0.4072788556066047,0.5196316433601509,0.3089701663222519,3.6314026041771164,4.048712958690288
"Glens Falls, NY",81.95539045897964,100.08637451265834,0.7981527031775513,0.8784699563274936,0.47019058614862036,2.9365995682947643,4.323745461238559
"Goldsboro, NC",81.61258057346078,100.12810254130548,0.4778839742164926,0.4260205971697414,0.13336296954878862,1.7207527598725643,2.819144995184115
"Grand Forks, ND-MN",80.96819683081604,100.08822874531488,0.9017701413886519,0.801573459012135,0.6011800942591011,3.948491483281998,3.955913459754332
"Grand Island, NE",82.12090297941353,100.11368332940961,0.3609825001961861,1.0070888592429832,0.2798922284129849,1.5956472834758952,3.267153208297366
"Grand Junction, CO",78.90799867146096,100.08179179482737,0.3263585033718899,1.9191612875276178,0.7523574347644009,2.7494981876994613,7.165446432439458
"Grand Rapids-Kentwood, MI",81.86851002287226,100.09080452617864,1.4189091087365202,0.741792482892953,0.4772437148454662,2.2189664307789196,4.194125622010156
"Grants Pass, OR",78.82229766172784,100.08861321742441,0.31726894888797236,1.4530917859069132,1.3230115168628447,3.4614042323677783,5.761604111805577
"Great Falls, MT",80.45768722980145,100.10606021382898,0.7662636879028709,0.9681845245799788,0.4116078593802584,2.839835356856248,3.950399958580341
"Greeley, CO",80.39688353199706,100.09647066657787,0.5380568688819338,0.991542918026237,0.34893787041353136,1.8645535060265033,6.212958646866884
"Green Bay, WI",83.81136818807849,100.07933433972251,0.6645777074775516,0.9045473955169572,0.2111011541399282,1.80548622429648,4.669485358240463
"Greensboro-High Point, NC",82.6874349802625,100.09016260278463,0.9325789856208405,0.8923914437588177,0.1484943922703111,1.4008636046229923,4.921976315001924
"Greenville, NC",82.52998334591376,100.09334675245319,1.2556462144902532,0.7272683704156333,0.21566442615290607,1.2388723146783605,4.697890083030805
"Greenville-Anderson, SC",82.90188112520939,100.0952018791998,0.3975970887806381,0.9095153743959028,0.17665633363498084,1.4130099928759843,4.68115216512313
"Guayama, PR",83.54437869822485,100.10485207100592,0.6568047337278106,0.378698224852071,0.0,2.9763313609467454,1.9585798816568047
"Gulfport-Biloxi, MS",85.03585084700083,100.08373432753693,0.2582833143364084,1.338581350821734,0.166761183386768,2.557566297396392,2.2695242533647018
"Hagerstown-Martinsburg, MD-WV",81.88477423012972,100.09923453554927,1.0949436437333824,0.9692818119823153,0.1310254465209296,1.5255652866852094,4.470956026021193
"Hammond, LA",79.7455899922693,100.139486260454,0.3109846088973224,0.8767306205636377,0.2828730058331576,1.5162695902733854,3.318926136762949
"Hanford-Corcoran, CA",77.0031162520467,100.14401662001092,0.22711667458934137,1.0810049472701984,0.7095195337946091,1.9296114368210708,4.64796915438652
"Harrisburg-Carlisle, PA",80.03278539228631,100.08630334193833,1.3443411922534003,1.0935469521144126,0.38564868490646004,3.3370345332459994,5.1763090513602785
"Harrisonburg, VA",76.07239449021951,100.10981822756148,0.9403107113654947,1.1525882130951632,0.9717592301402603,5.514497767155167,4.366626831876219
"Hartford-East Hartford-Middletown, CT",81.10913086702267,100.07638814469448,2.757082303597248,0.8371981066595005,0.18893836751315232,2.4250387851229993,5.043797100636884
"Hattiesburg, MS",83.30211100237662,100.07230532643646,0.23486648958478962,5.915000699007409,0.18453795610233467,1.5140500489305186,1.6189011603522998
"Hickory-Lenoir-Morganton, NC",84.892440376228,100.08357478115907,0.2171492547412971,2.213322998751238,0.04859714199592768,0.8704424800536413,3.4005696323226355
"Hilton Head Island-Bluffton, SC",77.58007117437722,100.10520128669594,0.45739689867803746,1.6521859938230046,0.27251450738995225,1.868060231049555,7.649642525087365
"Hinesville, GA",81.16964156145697,100.10448410970831,0.5398345668262952,2.144826585401248,0.3685967203598897,2.9284574082136117,2.400232186910463
"Homosassa Springs, FL",82.34917127071823,100.08163535911602,0.30276243093922656,2.413259668508287,0.287292817679558,0.6364640883977901,5.847513812154697
"Hot Springs, AR",81.6475314305552,100.1036526396707,0.528182111240608,1.8077218736826444,0.01239864110893446,1.9341880129937756,3.7047139633496173
"Houma-Thibodaux, LA",82.07204754775191,100.08712172768931,0.4446259244135929,3.8711945918969195,0.3561544394537453,1.2397350392450432,3.3040696883081533
"Houston-The Woodlands-Sugar Land, TX",80.76811856915958,100.09789767626545,2.0128592145372752,1.3734746021880888,0.2422201012163722,1.2701063955725236,4.543453490781023
"Huntington-Ashland, WV-KY-OH",84.65960557754715,100.08486145287257,0.5855711279911557,1.017082129738597,0.13408936913804786,2.2331585892086587,2.884347919118434
"Huntsville, AL",88.03326873684505,100.06176227874157,0.18451724169904218,0.9995456610631531,0.0871588980889948,0.8224461979248764,3.696835390221513
"Idaho Falls, ID",78.39783837815887,100.10473869990317,2.9488020491675258,0.9902227220191797,0.2905069815387499,1.8086402399025396,5.090119638896698
"Indianapolis-Carmel-Anderson, IN",83.1715197407248,100.08310510047914,0.8684518510368007,0.9253683568234787,0.2649768432845525,1.5275429874663653,4.931630172750098
"Iowa City, IA",70.10754300649114,100.09337175175132,5.054735534180253,1.1771888857944686,1.9023543777715888,7.892199918592943,4.528803102037319
"Ithaca, NY",60.237062381621556,100.09484531883261,6.69232805849168,0.8655628194945112,1.5009877599234231,13.961019123846766,7.258507973361031
"Jackson, MI",84.68548173051403,100.0842549175735,0.38337904391164584,0.7033530920994426,0.24477277418974314,2.2884779851956707,3.269043616738919
"Jackson, MS",85.45515275505673,100.09937334178493,0.2945407479664922,0.6999138392399634,0.06566436778118963,0.9375201642747882,2.6098739471876296
"Jackson, TN",84.5394866150399,100.08239317583238,0.33151198291337447,2.4489956366209364,0.1572388851763041,1.145223213700748,3.1382260833104025
"Jacksonville, FL",80.94493011393192,100.08210564290148,1.2134279689693555,1.6733224826753026,0.4840847693675856,1.5125202051557405,5.961150169751274
"Jacksonville, NC",71.61413196823733,100.13572695392801,0.34765609254705954,1.5075174331895682,0.2418477165544762,8.230883953404007,4.485267443266556
"Janesville-Beloit, WI",83.00167000242214,100.10027663398901,0.5723901431612763,1.0058258863123541,0.3250768073633084,1.9173157579388855,3.150058003900922
"Jefferson City, MO",84.1110064528827,100.09784763324008,0.32334706386807444,1.4677144986011725,0.14761496393977308,1.223095415500977,2.9424582811994773
"Johnson City, TN",85.88342955272107,100.06040920542745,0.4349643555183984,1.8212014054432684,0.04293154677843933,1.3399161705060274,4.436636426287664
"Johnstown, PA",82.23390323101486,100.09280421951526,1.1768716025905528,1.0907590463034391,0.14890296191313396,2.5869647117920382,3.4821764948601572
"Jonesboro, AR",83.46435069170299,100.10772029796436,0.44111084411795,0.39820122893137894,0.06865538429851362,1.7575778380419484,3.0980742164704265
"Joplin, MO",82.43238283973724,100.10478672000195,0.3021517609208901,1.08505510905599,0.21652170721861352,1.4422547616426291,4.042961821228914
"Kahului-Wailuku-Lahaina, HI",74.20601943852296,100.13164962483891,2.3894689935084488,1.4825787958714216,0.4094856138068914,2.4292131854367645,5.918271488961954
"Kalamazoo-Portage, MI",82.51084702443355,100.07620847713133,1.6995584668008354,0.7116566295023761,0.480559530459669,2.9759490668115487,4.000581568858518
"Kankakee, IL",81.87647317326515,100.08423554792058,1.5840357956134392,2.1153769326035716,0.27765570692341496,2.239223363029843,3.4836802365067316
"Kansas City, MO-KS",83.6584490465603,100.07833447531684,0.8845011862645019,0.8299656472715916,0.14785190571411258,1.2461137602021077,5.399670922303171
"Kennewick-Richland, WA",80.69650085953529,100.11932092750592,0.6543559030666001,0.9237033692199222,0.25904888656510683,1.226323169427478,4.307975061593428
"Killeen-Temple, TX",79.61359910524138,100.11373444258888,0.420822544648557,0.9728967810139577,0.2175611699275307,3.0923307134065685,4.3093454268744225
"Kingsport-Bristol, TN-VA",85.82862786011802,100.07745912410503,0.2174207370005495,1.2933746406186535,0.10990498793434372,1.2997459442670214,3.5050134195583094
"Kingston, NY",76.75750879777395,100.07395975822197,2.5662609752960845,1.165631978300773,0.2724094793822267,3.8873884933300595,7.954824453719617
"Knoxville, TN",84.16842952022381,100.07902929773515,0.5053089257666822,0.7196515532203579,0.15426559648091154,1.3776986933245763,5.171715937468975
"Kokomo, IN",83.52941176470588,100.09546454095657,0.44804837822979654,0.9840571742715777,0.2638812534359538,1.2754260582737769,3.9527212754260583
"La Crosse-Onalaska, WI-MN",80.86020305701216,100.07540722972219,0.7363605935512664,1.0710699542563873,1.196585964520808,4.383298002900815,4.21175945553944
"Lafayette, LA",84.77094018662433,100.08211837891898,0.4950040829808513,1.1294717815559367,0.44866913174724055,1.936892713943609,3.0071842112506766
"Lafayette-West Lafayette, IN",76.84217189986977,100.09526479525394,2.6090652582838953,0.8139198379395166,1.1376790623643467,6.041093908262191,3.029590507885979
"Lake Charles, LA",85.84199923776337,100.08239777862471,0.4224968693853106,1.2566015135841455,0.26133826972287255,1.5636739805085207,2.414112266565035
"Lake Havasu City-Kingman, AZ",79.066013503081,100.12186460424182,0.9881672585376808,2.057746024170796,0.15720842749463107,1.0541386522184635,4.490265710315399
"Lakeland-Winter Haven, FL",83.39220101088786,100.0936903097756,0.525007202842722,1.356979999217469,0.3564073287590836,0.9614461174010009,4.038927363332729
"Lancaster, PA",77.86176984593277,100.10096511875938,1.1889035667107,1.1009613765385207,0.7364690649312741,3.943552340572036,5.071831929376808
"Lansing-East Lansing, MI",79.6868773564663,100.08987524139411,2.259142322901021,0.7958342273855868,0.9437360144683198,3.307865616282991,4.01902032308494
"Laredo, TX",81.63127520254523,100.11334208871295,1.1782767933113831,1.4030187562428322,0.08971181236358255,1.5491472753505235,2.814361288890533
"Las Cruces, NM",80.4352757048563,100.10866014925034,0.44344137727674826,0.8607979676548642,0.762129425907864,2.2489622791299024,4.383378320139724
"Las Vegas-Henderson-Paradise, NV",78.77378501956225,100.09831206888424,3.370657417155068,2.1535164904231414,0.2626958188646041,1.4540090819100293,4.154129283660418
"Lawrence, KS",77.7358208955224,100.08725373134328,2.0582089552238805,0.9164179104477612,0.8761194029850747,5.31044776119403,4.377611940298507
"Lawton, OK",72.56907660513016,100.11152984491412,1.1878918393219986,1.1427380559559577,0.14067140202497352,2.172591653496813,11.634045952657996
"Lebanon, PA",81.8289892115196,100.09321782031087,0.8812078342794306,0.6553333135197789,0.15603174131423309,3.4787648230154247,3.677891045264065
"Lewiston, ID-WA",81.37544897527995,100.07944221424044,0.3063596027889288,1.2606521586027186,0.47890696527924503,2.961476160292978,5.672934713712233
"Lewiston-Auburn, ME",79.32294020183762,100.11362780539238,0.15062509414068384,0.8604458502786565,0.3144298840186775,3.567931917457448,4.420846513029071
"Lexington-Fayette, KY",79.93360092737896,100.09291138641579,1.3141811701062227,1.3189126954711416,0.4325402771096689,3.139367079623686,4.570259208731241
"Lima, OH",85.9292875989446,100.07586279683377,0.6860158311345647,1.4142480211081794,0.050659630606860157,1.5282321899736149,2.8052770448548814
"Lincoln, NE",81.32489399619001,100.0890878923817,1.1441149031021827,0.610045641693156,1.0664625732529622,3.293799545259018,3.6518941023334808
"Little Rock-North Little Rock-Conway, AR",83.86511342020094,100.09499797541956,0.5080386039425426,1.131143290773448,0.15264462641392912,1.3353491745829218,3.507913342130791
"Logan, UT-ID",74.30714795523227,100.11510835067045,2.0683057204901973,0.9658167681584182,1.4502437320617758,3.5580325279798335,6.13961822903221
"Longview, TX",84.51520261808952,100.09181680052095,0.08682439765574126,0.9650865739426626,0.040907648895493476,1.6095907565410497,3.600707952780885
"Longview, WA",81.96984279756175,100.09874421375865,0.2199917503093634,0.6485173472661442,0.5201888262523489,2.028048948164444,4.73898895458087
"Los Angeles-Long Beach-Anaheim, CA",75.05903392414851,100.09512330362783,4.863532395464061,1.5410639191873041,0.7470360655305585,2.496448550503385,5.780554782383304
"Louisville/Jefferson County, KY-IN",82.020023981601,100.08486112294175,1.8338389563416921,1.2837691738141885,0.219339916260967,1.5982819738299139,4.558633703977931
"Lubbock, TX",80.06760076247372,100.12750473270842,0.7958810698213689,0.842389346329449,0.3537249199206084,2.093527489011601,3.096403141601326
"Lynchburg, VA",81.54749458435442,100.09176905512668,0.9476334256153762,1.560709595938475,0.12880454328752686,2.2967355575814854,4.341716780555532
"Macon-Bibb County, GA",83.86453539131466,100.09297562973582,0.7803658234260646,1.1263567479008805,0.08299470774006489,1.811871476766871,3.0363128792696465
"Madera, CA",76.58439809253395,100.13792726875614,0.4805067161734193,3.561938043755233,0.23297295329620327,1.6999745185832333,3.6474828000436825
"Madison, WI",75.0470655643775,100.07507025729176,4.268914900002729,0.9194837794330305,2.2149463861831875,4.955117186434204,5.087446454394151
"Manchester-Nashua, NH",81.4154683284023,100.08064595782508,1.015987321483889,0.848077795087524,0.14546172874979235,2.091236828754731,6.419172215013985
"Manhattan, KS",76.30024902170047,100.10024902170046,0.29882604055496265,1.0117395944503735,1.2664532194948417,6.414799003913198,4.683030949839915
"Mankato, MN",79.34523809523809,100.07144660894662,1.4033189033189033,0.7269119769119768,0.5447330447330447,3.345959595959596,7.489177489177489
"Mansfield, OH",84.8676036651654,100.08751358906663,0.9415281876067713,0.6561577884764715,0.25236838018325825,1.3220220531138376,3.208961018791738
"Mayagüez, PR",85.30162783274817,100.08605968720076,1.1729971273539739,0.42690711777848706,0.2713054580274497,2.71704436642196,1.504149377593361
"McAllen-Edinburg-Mission, TX",79.97675076383686,100.08635164158878,0.3534008224261883,4.0543186699447675,0.13054383941864478,1.059580829948,5.790240915547461
"Medford, OR",76.37673534685463,100.09705058140159,1.0285922887788956,0.8546549706346565,1.2379612828414055,2.7915865875001344,8.005411383231154
"Memphis, TN-MS-AR",84.59055432770334,100.09163655936779,0.764657429230857,1.0822316644510956,0.09965991665103534,1.0106265852206464,3.288614139964279
"Merced, CA",79.08518757123743,100.09409782447098,1.166559294315873,3.989295802567025,0.4588929084692006,2.356905694038357,3.5333762822736507
"Miami-Fort Lauderdale-Pompano Beach, FL",77.86381192869707,100.09130951231522,3.315244972843407,1.7882084688986832,0.5796224018955841,1.5847272984661944,5.737433697677559
"Michigan City-La Porte, IN",82.7873938252851,100.09212862919617,1.101863540084298,0.8194441472859925,0.41293138492479514,2.041121975224117,3.6243822075782535
"Midland, MI",85.48541622312113,100.07565999574196,0.8915265062806047,0.7132212050244837,0.1836278475622738,1.2587822014051522,3.901426442410049
"Midland, TX",84.82492956936699,100.09729201402864,0.15063531305697694,0.8405680446156499,0.1161386764790433,1.0831943885471167,3.2553326050710054
"Milwaukee-Waukesha, WI",80.93546303738871,100.07762065570053,3.219396119604139,0.729405380479298,0.4737440813836028,2.5991595150715328,4.280766296019353
"Minneapolis-St. Paul-Bloomington, MN-WI",77.48625125308,100.08054012302304,4.629239262028267,0.91096183454035,0.8413723034707323,2.251119834525776,5.827043210050039
"Missoula, MT",73.02370920067919,100.0942865228602,2.047041066599585,1.0879818879315766,4.163260172316206,5.100308156719703,5.149047229733979
"Mobile, AL",85.94782804032235,100.07183331929352,0.43074158312975597,1.0119900036503524,0.11231853536629882,1.0726420127481537,4.241147895431443
"Modesto, CA",81.76743344416548,100.10067177851666,0.8387052995860759,1.0938454230847527,0.27187803940195876,1.212820338829703,4.748139603266155
"Monroe, LA",85.20344181079975,100.09298600677933,0.9436422106060417,0.8343783756937633,0.33151640819975414,1.08022200424639,2.308198512521884
"Monroe, MI",86.33455674350456,100.07555162259005,0.23646149159328622,0.8080309866101867,0.2103491796381994,1.1416883060362961,3.7137510336123483
"Montgomery, AL",85.34218023506777,100.08835390895749,0.4082236720397617,0.7091498834527583,0.06598177176473491,1.3443015181974027,3.294772023728772
"Morgantown, WV",76.99911431644209,100.09593850825584,2.193648383627507,0.6168153349781743,0.30840766748908716,5.579806414879484,4.708357057000064
"Morristown, TN",82.14061145760752,100.1146950359431,0.2515167479564264,0.9788759920466326,0.10026681168533215,0.9635810546709039,4.09564434172289
"Mount Vernon-Anacortes, WA",79.07043209545755,100.09913723809014,0.8770519622028116,0.9127770930461033,0.5251594233963882,2.422163871175178,6.278691745708518
"Muncie, IN",78.98044827786266,100.08284824692026,1.8391382544624728,1.4658956854706144,0.783229225086542,5.277611247558452,3.368852617532731
"Muskegon, MI",84.46802239905689,100.10568550223722,0.45414355759183345,0.4193124882780055,0.3362537845296466,1.0650269270958925,2.688690619725102
"Myrtle Beach-Conway-North Myrtle Beach, SC-NC",81.5701516531259,100.0919381177919,0.30727436446605993,1.3384749220367609,0.16025070332253125,1.467184217086286,5.962852360772663
"Napa, CA",75.75175481671914,100.10322366330628,1.7345966087986366,1.1843207487218002,1.1424362344377366,3.9703630954100353,5.89416216528496
"Naples-Marco Island, FL",75.11640877313583,100.12356839907132,1.5661681733874628,1.4209004007834083,0.9124631966692175,1.3437268965875044,7.283492652304179
"Nashville-Davidson--Murfreesboro--Franklin, TN",80.77081416060174,100.09367583865827,1.0028359140742007,1.1133125373249442,0.1221496249527087,1.3209252104527562,6.302378686766463
"New Bern, NC",80.79811434522831,100.10893676113213,0.2740777284437867,1.5165634307222862,0.38919037439017706,2.1670412395622067,3.961336768440863
"New Haven-Milford, CT",78.31617803648754,100.08376990605996,3.8072927758453416,0.9436596389105795,0.5494427486334919,3.348477319514446,4.657958874612527
"New Orleans-Metairie, LA",78.1050502279974,100.09792573799156,2.585799019439778,1.4156409641032672,1.0988445846333186,2.516371241471526,4.485720163198135
"New York-Newark-Jersey City, NY-NJ-PA",49.205408642616405,100.06347108810353,31.865758153613594,1.5552212808394976,0.6781238056243182,5.873987204284246,4.474392102668654
"Niles, MI",81.99226085472031,100.09319694986627,0.7141637739714334,1.234848915950606,0.4438627439822455,2.648950093894042,3.6462186308541513
"North Port-Sarasota-Bradenton, FL",79.61144275413484,100.08673458471263,0.804807448366085,1.2009451062021832,0.7183051666009495,1.0111291451557194,7.979911908277016
"Norwich-New London, CT",80.43311767408953,100.08575554890992,1.4456706467589115,0.9387377004938037,0.28592476969197445,2.991998482848161,5.328995835126441
"Ocala, FL",80.67048571889624,100.09674035823785,0.383249959657899,1.538647732773923,0.19767629498144262,0.7624657092141359,6.773438760690658
"Ocean City, NJ",79.84675609872536,100.07418723444884,1.668496682102449,0.8211199694466988,1.339093903661622,4.664152384589679,4.241657516589488
"Odessa, TX",81.47747260181302,100.12787173589501,0.3680151535651468,0.7644432417805439,0.04735489108375051,1.769719929644162,2.785820592612637
"Ogden-Clearfield, UT",80.27681330536981,100.09651548760579,1.7440065686670763,1.0152155025634986,0.3978117173054462,1.2784077347327818,5.636196410783562
"Oklahoma City, OK",83.16936289587562,100.09443427553987,0.4164128639078118,0.9936472476696749,0.2892973580833219,1.6067037180907584,4.081148362386506
"Olympia-Lacey-Tumwater, WA",78.93290429855894,100.09649433427762,2.0253417908609435,1.2640103461017367,0.7059058997413474,1.8051792092622243,5.617225027712772
"Omaha-Council Bluffs, NE-IA",83.83334820752191,100.08199759660785,0.863602307090422,1.0097152665212457,0.17807516930631628,1.7257517864592304,4.189747602315393
"Orlando-Kissimmee-Sanford, FL",79.68791386343169,100.09755092175664,1.6946879800815808,1.5436278275149653,0.37512581448323357,1.0921028235418764,5.851449515283149
"Oshkosh-Neenah, WI",84.59937206012582,100.07150004025256,0.6601419190118573,0.7509976883532105,0.7049947671677151,2.2150406550815975,3.919448885004198
"Owensboro, KY",86.5535322719039,100.07934026122605,0.45380875202593196,1.008675755553437,0.350843741062065,1.5120602535990084,2.187053103251025
"Oxnard-Thousand Oaks-Ventura, CA",78.69635353589834,100.11066383592137,1.1233090301101736,0.8761908497629333,0.49840402841859077,1.7418399517531171,5.99751901191953
"Palm Bay-Melbourne-Titusville, FL",81.6797199263724,100.07704831911711,0.5365671731572046,1.849913579801334,0.767555732005149,1.1144395920806214,6.346972084872254
"Panama City, FL",81.3740639486509,100.10446927374302,1.0424343278259836,1.6058480922382028,0.4077023653869012,1.069772970402948,4.053250921193391
"Parkersburg-Vienna, WV",82.59458879682514,100.09800766899954,0.9787359558094013,0.8661142841820182,0.16088810232483308,2.2041670018502133,3.394738959053978
"Pensacola-Ferry Pass-Brent, FL",77.46553793554958,100.10585036735287,0.43145777260493196,1.3707536189714118,0.48965228777187747,2.1963883029024514,7.461173346912053
"Peoria, IL",84.89048027116571,100.07275843435639,1.089466128847382,0.8493032547527688,0.2821913770611706,2.0621257689305654,3.5505897636033166
"Philadelphia-Camden-Wilmington, PA-NJ-DE-MD",72.52934667425862,100.07558205270026,9.475275726150448,1.0415510132849022,0.6411059536069085,3.5860782018882777,5.168437160785448
"Phoenix-Mesa-Chandler, AZ",76.10432447474987,100.11078884646514,1.869944656816239,1.6823398720971703,0.7545182965904572,1.5289402811931099,6.981047772039463
"Pine Bluff, AR",86.8588531821046,100.06361058601134,0.23629489603024575,1.6288594833018273,0.06931316950220541,2.22117202268431,2.6244486452425964
"Pittsburgh, PA",76.55930542186874,100.08277009224976,5.698863915801898,0.7930457876358629,0.31976519521397306,3.361354869986159,4.9906555845177785
"Pittsfield, MA",76.45155119089372,100.08545100915092,1.3455345470777667,0.8545100915091031,0.4862417498326053,6.42955074450786,5.887510761087906
"Pocatello, ID",76.81787609296764,100.11865082330668,0.9989288294347707,1.1508855840370673,0.869391923872157,3.2434048277408265,5.054430411279675
"Ponce, PR",85.67555649915892,100.0811843673956,0.2776371445836259,1.1334128137708024,0.367460926654799,2.4922016625565484,1.9352942137152749
"Portland-South Portland, ME",78.72524079369813,100.07905050965806,1.0463341462130915,0.9838769101212301,0.6207126440814751,4.116563448481552,6.602221091598098
"Portland-Vancouver-Hillsboro, OR-WA",70.26582216966615,100.0913174477184,6.525116226329517,1.1058915004940633,2.1712050281049033,3.351934945653054,7.4482853579123
"Port St. Lucie, FL",79.71788789136792,100.10190392441564,0.34714411337655166,1.8011615779463794,0.5869240679768503,1.275077199942739,6.081412707826336
"Poughkeepsie-Newburgh-Middletown, NY",75.18543239355851,100.08110767456654,5.287055925845845,1.5173023229578935,0.19585170422318945,3.8186381882620593,5.884952008498398
"Prescott Valley-Prescott, AZ",76.13078765610102,100.10489290946722,0.3523173879677217,1.51391828097021,0.6511476477291226,2.9150484872444826,7.9474895932652725
"Providence-Warwick, RI-MA",80.74689562618799,100.08602819754245,2.610218366318604,0.8236755586376177,0.2266230299885753,3.134307508867858,3.8554601557550026
"Provo-Orem, UT",73.09032897612,100.11397802088477,2.201109259581665,1.102864106818642,0.9372923691325961,4.095591030701833,7.175012169167417
"Pueblo, CO",82.48687294194428,100.1096443086416,0.7253255807054495,0.6897267791984337,0.30555637960188675,2.0617639206146725,2.766323533774363
"Punta Gorda, FL",79.48147415611815,100.08005340189874,0.18624736286919832,1.5361286919831223,0.9444224683544303,0.8158623417721519,9.030524789029535
"Racine, WI",84.25597185425136,100.08175567688166,1.3257677332160593,1.2206502268607409,0.14909523860601315,1.4169410805650602,3.456006178335067
"Raleigh-Cary, NC",79.73114999889755,100.08262617502444,0.8919528740785382,0.9237033389435622,0.22548709769882627,1.0811327272326383,8.883956460705125
"Rapid City, SD",82.33076757067836,100.08691461045967,0.5956406013955831,0.808574922667434,0.3021365369397885,1.9955398892166032,5.275879433134307
"Reading, PA",80.04609599690045,100.09018522841858,1.5502759302400668,1.6431633377872927,0.23594394965204477,3.299241502292382,4.2067564412698255
"Redding, CA",81.47682183296236,100.08151415022604,0.5820464254607292,1.1170867262999267,0.669146009318273,2.116658141046025,5.886825842308277
"Reno, NV",77.17550644006455,100.11960554876484,1.8300136152664983,1.123150737964844,0.6263892574242351,2.55645115686266,4.727933915933342
"Richmond, VA",81.07707509881423,100.08587366932277,1.563506295066234,1.3079468107944285,0.45997550164795614,1.6997310232481786,5.304398338153026
"Riverside-San Bernardino-Ontario, CA",78.93829836374296,100.11460435436456,1.315265566492733,1.304919430774424,0.2674841855657821,1.4514896867838043,5.262107330184903
"Roanoke, VA",82.88618189970855,100.06995672289746,1.345870331745827,1.0224809940825186,0.19974047326263156,2.058549775461815,5.49150423599269
"Rochester, MN",74.10670625218303,100.1153597624869,4.0516940272441495,0.8243101641634649,0.5885434858539993,3.5688089416695776,5.323960880195599
"Rochester, NY",81.09798335940724,100.07958569749613,2.1417563686459475,0.8394237280220422,0.40862072991337245,3.192495388423191,4.361150675975436
"Rockford, IL",82.92219382841293,100.10025939671003,0.9708114494112208,0.8430393075905641,0.2915002632491364,1.164716910867695,3.7817985694656686
"Rocky Mount, NC",83.74524111675127,100.0852633248731,0.40609137055837563,2.328680203045685,0.04600253807106599,1.6227791878172588,3.3248730964467
"Rome, GA",81.36467610843432,100.09215457244366,0.3820509076750864,1.1072175986762058,0.26767897989974204,3.234048766243247,4.428870394704823
"Sacramento-Roseville-Folsom, CA",76.76831774003956,100.09391335926375,2.3166314662793033,1.2265025468515565,1.4173491719148692,1.758808857118283,7.121054291420981
"Saginaw, MI",83.11504816198152,100.09806860625123,0.4509042657755062,0.7678887359937094,0.5172498525653627,2.0751425201494005,3.266905838411638
"St. Cloud, MN",80.92640462251957,100.07554360222002,1.4369345396487492,0.8334600471375351,0.5198433817380065,3.7234851364707673,5.00551205048278
"St. George, UT",76.81558487454353,100.09789138885617,0.5315702674048769,1.5284485805159618,0.4918129343856756,1.2648721875368123,9.578572269996465
"St. Joseph, MO-KS",83.55686460141307,100.09589929697225,0.4488157225757815,1.2622942197443854,0.0911656936482056,1.8759094654534618,3.1750205999403915
"St. Louis, MO-IL",83.10487315637641,100.07075497011476,2.2823294960919314,0.853770499411868,0.21639778902956033,1.6727317030012865,4.794400344612028
"Salem, OR",77.28699371741746,100.11184066301297,1.5243951343403288,1.2169496056676916,0.5512632001069375,2.892126721026601,5.344205320144366
"Salinas, CA",71.64721496587174,100.10346970590713,1.5831718210162635,8.358789078958456,0.5666975646751495,2.855081317940507,4.642074660824134
"Salisbury, MD-DE",82.37724678470111,100.07856878553088,0.7697655382752318,1.1252144466994831,0.25789668434567126,1.7721987374275365,5.840799255463485
"Salt Lake City, UT",75.36157462652504,100.11145399297065,3.559994000925944,0.8584544559426697,0.7692834366869462,2.145973121539936,6.15932106131445
"San Angelo, TX",79.8580879580434,100.09525931512015,0.21423919377506598,2.0412710382888286,0.275940081582285,3.8477359202001846,4.236794296095705
"San Antonio-New Braunfels, TX",79.48612797905396,100.1073624846436,1.9687737136988726,1.271185698087482,0.1543088174213866,1.7026545322628979,4.680700795115395
"San Diego-Chula Vista-Carlsbad, CA",76.19007535280153,100.08628891139041,2.951871040045615,1.7017665881844053,0.6163888656773642,2.935343069066028,6.975663945183664
"San Francisco-Oakland-Berkeley, CA",57.555327154711236,100.09530762686045,17.606670990269365,2.0625186207791675,1.9065570848298434,4.692963104835566,6.645200358530329
"San Germán, PR",87.8295115289335,100.03995426538779,0.34618560630121326,0.5049863431366322,0.03493616210379216,2.8234771009337485,4.46547671981198
"San Jose-Sunnyvale-Santa Clara, CA",74.88055512851815,100.10631623475602,4.334881720689409,1.3223087349745637,1.7323651139586969,2.1178040430895804,4.980461783167492
"San Juan-Bayamón-Caguas, PR",82.13220574416799,100.08360764332697,2.258971979525969,1.977512416904499,0.18399196913720753,2.7985455733954323,2.28800798417173
"San Luis Obispo-Paso Robles, CA",72.95463239231887,100.10822431336547,1.3403718154693596,0.8507382755718766,2.0312141381684645,4.60102517022416,7.399586871700711
"Santa Cruz-Watsonville, CA",69.04477095417579,100.09196439990671,3.007049299960127,3.0356377096169904,2.9739469308837583,4.9179587875505,7.824196327141686
"Santa Fe, NM",78.60123016043701,100.0878030596298,1.0423387385837384,0.6896353965045091,0.44159605431057963,2.0158573128593344,8.429036374324344
"Santa Maria-Santa Barbara, CA",67.95613855102616,100.14185781293989,2.995194900009066,0.9662688661013795,3.213261503371205,4.4247956520286875,6.258559233474418
"Santa Rosa-Petaluma, CA",74.57398312756872,100.11302766405755,1.813025260577316,1.254216104919924,0.9593891955551638,2.6746729263974234,7.421946979225918
"Savannah, GA",79.5493727433398,100.09677751634554,1.886107105294545,1.5337157231613303,0.7774296030446616,2.3664436661715116,4.209179524434276
"Scranton--Wilkes-Barre, PA",80.3834592261446,100.10648219515954,0.9731000462463388,0.8104670880221981,0.14798828426082936,2.8117774009557577,4.224988438415292
"Seattle-Tacoma-Bellevue, WA",67.53912863515431,100.09991896252079,9.997880558236027,1.1286900104476012,1.0896424127725042,4.038459140902982,6.214302990407656
"Sebastian-Vero Beach, FL",80.47657918960695,100.0854507876409,0.38904423641384583,1.3234451256578148,0.7555100126786738,0.8197717838720322,7.6905708876808445
"Sebring-Avon Park, FL",79.32511238002672,100.10509051148098,1.0600170088689103,1.3819705989551696,0.4373709148341635,2.1230713157575023,5.163406633458875
"Sheboygan, WI",84.1999317639031,100.07548618219037,0.3360627772091436,0.8836574547935858,0.7625383828045036,2.430910951893552,3.8382804503582397
"Sherman-Denison, TX",79.43178405792266,100.11707984384906,0.3269827499916586,1.1644589770111107,0.27192953188081814,1.6015481632244501,5.4953121350638945
"Shreveport-Bossier City, LA",86.05389477130679,100.07898291013056,1.1424428632401178,0.8425077614785105,0.17832398837678398,1.2418365616796367,2.642703040862503
"Sierra Vista-Douglas, AZ",78.88986859932471,100.1002602206499,0.6688315877760812,2.4495150433342654,0.4430202800060216,2.894685907223811,4.628056517344459
"Sioux City, IA-NE-SD",82.11636837508492,100.10479253600987,0.7097999528648469,0.47689684333106896,0.09981561837161909,2.240306101229673,3.8775595081308136
"Sioux Falls, SD",84.33864162629807,100.08060460557158,0.5341440200019888,0.5803133834330119,0.3707755032460614,2.0563124174278693,4.059352492435328
"South Bend-Mishawaka, IN-MI",81.31733888733127,100.0866610592649,1.0974486321944967,0.7676800042723061,0.5974553076727948,3.4932777933538937,4.060693448685599
"Spartanburg, SC",84.7964427019898,100.09691042614067,0.361783549658756,0.7127568338894614,0.12756113205099562,1.158860453887011,3.151552714457649
"Spokane-Spokane Valley, WA",77.56561599935094,100.09505496734413,2.553648939191108,1.0490446635024948,0.46083323191756925,2.7779806093059105,6.087379822319582
"Springfield, IL",83.26584195910124,100.07950517546074,1.3491542539762686,0.9856096945215855,0.5089623832365564,1.666245897500631,4.273668265589498
"Springfield, MA",78.95696824312326,100.07731991343685,2.260092763429177,1.0733107996255753,0.49090575271713777,4.437113799237305,5.049617298182355
"Springfield, MO",82.40953441286038,100.09575752451015,0.7079404897801955,0.8220941321269689,0.31192600213274707,1.9086676907610713,4.264084821323713
"Springfield, OH",82.06571518976801,100.09888920345729,0.7427515113161357,0.6594834046663447,0.4046829983179842,2.4264326277749095,3.8120139224274316
"State College, PA",68.35237403420722,100.09139536419468,5.734662880538862,1.1371590834048735,1.7314930991217063,8.97048141055273,4.934293072706861
"Staunton, VA",84.89588838389177,100.07728217595039,0.5038227107775781,0.7398795053377021,0.07398795053377022,1.906070535179509,4.152133319240391
"Stockton, CA",78.75024328131236,100.12894074491913,1.6675078427297647,0.8098381313356227,0.4050840021507717,1.3735910300943106,4.099661220463999
"Sumter, SC",83.95495384180892,100.0999240993416,0.27006513335569166,1.0131855329814838,0.2594743438123312,1.9575309339311244,2.5523802799498703
"Syracuse, NY",80.2964845681944,100.07945668515055,2.26195584174825,0.9102194156122774,0.30034947971085224,3.8360884475174495,4.449233732161631
"Tallahassee, FL",81.13629752288035,100.0923157824073,1.4522589451542884,1.253104790888138,0.5790015440041174,2.031260489158406,4.316498467184318
"Tampa-St. Petersburg-Clearwater, FL",78.87453283352008,100.08763539641281,1.2821153847508129,1.5850033485986237,0.6447196719429689,1.4166227111747418,7.433466408731849
"Terre Haute, IN",81.99121703303481,100.10324920435201,0.5933436952606518,0.8943330126070116,0.37500308390694004,3.018528112895665,2.8026546270939727
"Texarkana, TX-AR",87.20835455934794,100.07580234335201,0.42791645440652065,1.1580913567668536,0.08830022075055188,0.9696043470877908,2.5674987264391236
"The Villages, FL",75.01729822133582,100.05616834221988,0.1587366193170255,7.098376002279296,0.06512271561724123,1.0216126012454718,11.02201961821808
"Toledo, OH",84.65495878008889,100.0747575542302,1.2503097688711198,0.9139420773513522,0.3092732409258372,2.4827768507657484,2.912983858976689
"Topeka, KS",82.49853107344633,100.10357514124294,0.9084745762711864,0.792768361581921,0.12112994350282486,1.7265536723163843,3.5950282485875706
"Trenton-Princeton, NJ",70.69925461321698,100.10908099263703,7.588514680483592,1.0124079629124625,0.4090537223888737,4.326879374602309,5.055790382692483
"Tucson, AZ",76.84481304914905,100.09980356654438,2.285092983776721,1.6987312071502683,1.4880568911071477,2.263392625042666,5.439556589336534
"Tulsa, OK",82.83477147857585,100.09621278744764,0.4719322228704276,1.4760942819577352,0.19330065217202017,1.2490530880214548,4.153569531637745
"Tuscaloosa, AL",85.27383139033624,100.0901900513551,0.4976196723769539,0.4835626194849496,0.24084417288300783,1.0861416201222025,3.398995389286651
"Twin Falls, ID",81.57763851586591,100.09849796080772,0.31433402964289264,0.9231075300905202,0.24470307370934047,2.2918531781557743,4.7985675917636526
"Tyler, TX",83.31008230862746,100.09015086593459,0.3587300954620643,1.1469398329912113,0.4484126193275804,0.9117723259660802,4.808976224166451
"Urban Honolulu, HI",64.68420147429975,100.14155437430254,8.054252310842863,2.703616154101521,0.9351364107240707,5.4570289220333015,4.010327297743753
"Utica-Rome, NY",81.79619792032327,100.08282823555108,0.9095660449478521,0.8674420600188778,0.09516900298768263,3.64762506533118,4.401176351282832
"Valdosta, GA",84.29787026341052,100.09037957795746,0.3237720254462034,1.3097310577095163,0.17083448578819777,2.334737972438703,2.5250963994598377
"Vallejo, CA",76.51190771943669,100.13246333182325,3.191629279983633,1.0273422087126802,0.33708905093844227,1.1871185218742542,4.498580036729067
"Victoria, TX",79.58763348183304,100.12440394904743,0.9827844814076876,0.5977299693299604,0.31565515234278807,1.6387203653540485,4.4370816449886945
"Vineland-Bridgeton, NJ",80.56061760710381,100.11681190152746,1.5904045591597364,1.7295649580862134,0.22199396971604654,1.779265100559955,2.4369636526291374
"Virginia Beach-Norfolk-Newport News, VA-NC",81.32552024743711,100.08307482881888,1.5261424763255316,1.3955834929811763,0.38576827541695924,3.275451047767089,3.7840515781842643
"Visalia, CA",78.94724717806957,100.13520502188436,0.6864777700990555,1.363741073485372,0.38009675190048375,1.4466712739000231,3.655263764109652
"Waco, TX",82.7327668087181,100.09941918618823,0.3967353388640929,1.0313437728522077,0.21433794790327054,2.1080767582015785,3.574820754637685
"Walla Walla, WA",72.77990797546012,100.11667944785276,0.8550613496932514,0.8857361963190183,0.9739263803680981,7.200920245398773,5.636503067484663
"Warner Robins, GA",85.06910999807359,100.1001372567906,0.2588614910421884,1.1702947408977076,0.27571758813330766,1.0209978809477942,2.1912926218455016
"Washington-Arlington-Alexandria, DC-VA-MD-WV",65.81356191179296,100.09273312325173,13.378526594787091,1.4699559615317703,0.8655502993133267,3.340357905215177,5.858735002186038
"Waterloo-Cedar Falls, IA",81.05820349889866,100.08787609700967,0.45667892934162124,0.7634380081418011,0.3828722336904501,3.977488957826393,4.5737086711335095
"Watertown-Fort Drum, NY",78.08229724007852,100.08391393048231,0.4946302783017052,1.982370376072982,0.26367450633203743,5.546787790138189,5.238846760845298
"Wausau-Weston, WI",82.42810744173917,100.08815580474621,0.4255470472487613,0.8499087266778881,0.17543443730589603,2.3339892368601975,4.97143263554681
"Weirton-Steubenville, WV-OH",84.33934743950928,100.06795340566245,0.6933205458650522,0.609402785270435,0.011988251513516754,3.7103638434334356,3.8402365681632
"Wenatchee, WA",78.66447404889045,100.07285526874965,1.0402616359638588,3.2316476044418985,0.40280113079950486,3.6326010236322315,5.742687681306702
"Wheeling, WV-OH",87.2556372181391,100.05919704014799,0.63996800159992,0.519974001299935,0.06333016682499208,2.7948602569871506,2.806526340349649
"Wichita, KS",84.02476901393746,100.08746150232291,0.4711071670929687,1.1771154147309077,0.35235162081745575,1.6994440674427105,3.529062483687425
"Wichita Falls, TX",77.88261013390097,100.08128982151332,0.5220843101439687,1.666930345611184,0.09636266881445152,7.770858203051964,3.9321721871449324
"Williamsport, PA",81.82391258667788,100.0969072952683,1.0926665265812145,0.8366922004240768,0.40306405088922426,3.085063707043114,3.0678714015549486
"Wilmington, NC",81.24241331871787,100.07832029956816,0.526745580413304,0.7400922540443908,0.4752481074678692,1.6736678707266293,7.509802911814257
"Winchester, VA-WV",80.41632890289227,100.10842599531973,0.39613955124577477,0.9406402471666081,0.07953380951652621,2.1061164558510885,5.218641501353604
"Winston-Salem, NC",83.57750298949168,100.08866932547716,0.7592306818713216,0.8594371071073078,0.1115631534293979,1.3263990487070032,4.498934471678324
"Worcester, MA-CT",80.24015659432813,100.07901474653204,1.8022359699889179,1.4880282617095448,0.1946813976298548,2.8206510893241563,5.552772033815543
"Yakima, WA",80.05735971493961,100.12819992854178,0.47123806213003466,1.0728391127591568,0.2974207441312514,1.8067344554206863,3.474415056442346
"Yauco, PR",87.42439161626108,100.0462324752661,0.7642893984151545,2.532001688001125,0.15942232850377458,2.0537347024898014,2.442912739719604
"York-Hanover, PA",84.52731806846519,100.08453411924734,0.808886873724779,0.6941736567671729,0.26207209249603264,1.5048741781908865,3.749263205622308
"Youngstown-Warren-Boardman, OH-PA",85.03031021403413,100.07309164183148,0.7547920617718775,1.4223787591438635,0.08170211324844216,1.636582227038743,3.7650704416147387
"Yuba City, CA",79.22325608276022,100.1223487256545,0.8278911171473156,1.0605097381956885,0.3221984626943305,1.5141882910477953,4.817083742703578
"Yuma, AZ",81.73074460182885,100.10271253297815,1.9748469557644528,1.3101611126764172,0.3252990445941446,1.9633206116646602,2.4243743756563614
