,msa,households_x,med_hh_inc_dol_x,ms_cara,ms_carp,ms_pt,ms_taxi,ms_bike,ms_walk,ms_wfh,households_y,med_hh_inc_dol_y,auto_commuters,annual_excess_fuel_consumed_commuters,ahd,tti,dvmt_freeway,ahd_truck,vmt_arterial,log_tti
0,"Abilene, TX",60343,44249,0.8064587541854609,0.1172759221850181,0.0064200127293355,0.0176411987713423,0.0020892713839001,0.024033539032017,0.0260813017129258,60343,44249,62.0,788.0,1694.0,1.06,,93.0,,0.02530586526477026
2,"Akron, OH",281752,50776,0.862745752832457,0.0669923132035604,0.0149789311345614,0.0050273834533509,0.0013266706335231,0.0168490206317016,0.0320799281108453,281752,50776,298.0,6453.0,14470.0,1.11,5703.0,608.0,4460.0,0.045322978786657475
3,"Albany, GA",58250,36805,0.8042079962084024,0.1234131148650936,0.0107654287552049,0.007938657368225,0.0014895561799654,0.0196181319611361,0.0325671146619723,58250,36805,53.0,810.0,1752.0,1.07,,93.0,,0.029383777685209667
6,"Albuquerque, NM",344168,48875,0.7997260433225587,0.095174672654625,0.0181306753133189,0.0139733069148788,0.0098159385164386,0.0187346941870133,0.0444446690911664,344168,48875,380.0,8950.0,18864.0,1.15,5500.0,909.0,7887.0,0.06069784035361165
7,"Alexandria, LA",54908,41032,0.8383684246622317,0.0926548247719635,0.0155339139976681,0.0147795075783553,0.0028461696728619,0.0170770180371716,0.0187401412797476,54908,41032,45.0,960.0,2048.0,1.11,,184.0,,0.045322978786657475
9,"Altoona, PA",50948,43871,0.8252776943860702,0.0925706818302223,0.0036025217652356,0.0137390290850654,0.0013067971109188,0.0368198915711586,0.0266833842513288,50948,43871,45.0,668.0,1423.0,1.05,,56.0,,0.021189299069938092
10,"Amarillo, TX",95576,49553,0.8087595732472954,0.1281255976783056,0.0073176613419593,0.0083820484462442,0.0030268508278104,0.0158161271277347,0.0285721413306501,95576,49553,113.0,1986.0,4068.0,1.09,,256.0,,0.037426497940623665
11,"Ames, IA",35666,51270,0.7250558451228593,0.0816993464052287,0.0618433027219326,0.0067014147431124,0.0204144949118888,0.0692686357243319,0.0350169603706461,35666,51270,34.0,397.0,914.0,1.07,,23.0,,0.029383777685209667
12,"Anchorage, AK",136268,76453,0.7448760712269719,0.1238210088777133,0.0171447631754503,0.0340329450402832,0.0105557551187971,0.027679991789398,0.041889464771386,136268,76453,137.0,2595.0,6193.0,1.17,1415.0,172.0,2240.0,0.06818586174616162
15,"Appleton, WI",88750,60413,0.8488769694937982,0.0698122695273214,0.0063275226282266,0.0097049949715051,0.005900100569896,0.0214800536372779,0.0378980891719745,88750,60413,124.0,1515.0,3465.0,1.06,,176.0,,0.02530586526477026
16,"Arecibo, PR",67223,17566,0.8772729073406489,0.0681971239551558,0.003406885077051,0.0030305431208651,0.0009111436833973,0.03187022144753,0.0153111753753515,67223,17566,79.0,1265.0,3310.0,1.21,,383.0,,0.08278537031645007
17,"Asheville, NC",181793,44820,0.8042956292392807,0.0957059469456163,0.0051120930159247,0.0080070192767412,0.0030840684484561,0.0223503018394077,0.061444941234573,181793,44820,163.0,2963.0,7882.0,1.08,,338.0,,0.03342375548694973
24,"Bakersfield, CA",257737,48574,0.7677861697913072,0.148171222635433,0.0105240961545834,0.0208245472785594,0.0053419213025086,0.0176487878439341,0.029703254993674,257737,48574,271.0,3222.0,7834.0,1.12,2015.0,329.0,5345.0,0.04921802267018165
26,"Bangor, ME",62215,44543,0.8026385666769154,0.0962769376974033,0.0060653492467227,0.0135002934846409,0.0042345641054308,0.0390893590854459,0.0381949297034407,62215,44543,33.0,699.0,1591.0,1.09,,97.0,,0.037426497940623665
33,"Bellingham, WA",79837,53025,0.7419723807924782,0.0893007051712558,0.0279759905977165,0.012760241773002,0.0166218938885157,0.0481132471457353,0.0632555406312961,79837,53025,64.0,978.0,2601.0,1.1,,110.0,,0.04139268515822508
35,"Billings, MT",66009,51481,0.792164618240497,0.1092561361788864,0.0099610536149767,0.0094393419152885,0.006964244549326,0.0319942733041336,0.0402203321968915,66009,51481,65.0,913.0,2010.0,1.08,,63.0,,0.03342375548694973
38,"Bismarck, ND",49468,62375,0.8090570776605357,0.1130679816836914,0.001163912584039,0.0047475381717383,0.0053141798244942,0.0198784017642464,0.0467709083112547,49468,62375,50.0,587.0,1352.0,1.08,,47.0,,0.03342375548694973
41,"Bloomington, IN",62317,42416,0.708472775564409,0.1030677290836653,0.0401859229747676,0.0053652058432934,0.0266268260292164,0.0777290836653386,0.0385524568393094,62317,42416,64.0,793.0,1735.0,1.1,,116.0,,0.04139268515822508
45,"Boulder, CO",121526,69407,0.6485628026919932,0.0841625259450279,0.0541166111076168,0.0138121894458771,0.042002641675577,0.0492861186238128,0.1080571105100949,121526,69407,64.0,1859.0,3895.0,1.2,662.0,138.0,1065.0,0.07918124604762482
50,"Brunswick, GA",43257,44055,0.8192983218850535,0.0989913920528649,0.0055212590209546,0.0170854708286236,0.0022389357447178,0.0140205199547865,0.0428441005129988,43257,44055,44.0,685.0,1464.0,1.06,,77.0,,0.02530586526477026
52,"Burlington, NC",61046,42592,0.8223247933160002,0.1124565452367736,0.0027752621892436,0.0125032864946977,0.0001022465017089,0.0120066606292541,0.0378312056323215,61046,42592,68.0,723.0,1743.0,1.04,,77.0,,0.01703333929878037
60,"Casper, WY",31790,56769,0.8194323524290441,0.1145245143155642,0.0067411258426407,0.0063928757991094,0.0071640008955001,0.0170642521330315,0.0286808785851098,31790,56769,39.0,390.0,965.0,1.07,,47.0,,0.029383777685209667
64,"Charleston, WV",95619,45692,0.8070296420462985,0.1173693479598548,0.0164548367247342,0.0052727619936769,0.0023128010354558,0.0277111757092236,0.023849434530756,95619,45692,96.0,951.0,2246.0,1.05,,242.0,,0.021189299069938092
67,"Charlottesville, VA",85076,59189,0.7448875154998327,0.0996614639714999,0.0282539807506839,0.0135020764855236,0.0084043537307851,0.0419725628358297,0.0633180467258448,85076,59189,56.0,1629.0,4277.0,1.19,,100.0,,0.07554696139253074
68,"Chattanooga, TN-GA",209002,46228,0.8380691315103296,0.0874130841746339,0.0061885739118807,0.0093894163268035,0.0016004212074613,0.0188749414989636,0.0384644313699271,209002,46228,223.0,4988.0,10646.0,1.11,,916.0,,0.045322978786657475
69,"Cheyenne, WY",37364,58324,0.8258549701705739,0.0931434333249306,0.0046424670195781,0.0170573901352827,0.0021006638097638,0.0213007310310058,0.0359003445088648,37364,58324,43.0,411.0,984.0,1.04,,49.0,,0.01703333929878037
71,"Chico, CA",85215,43165,0.7413758700423724,0.1121753113372536,0.0115262274493233,0.0108102397971759,0.0279587309412303,0.035705482587415,0.0604481378452292,85215,43165,58.0,821.0,1812.0,1.09,,56.0,,0.037426497940623665
72,"Cincinnati, OH-KY-IN",817460,55204,0.8319716176016713,0.0812535626283677,0.0196963710703015,0.0065356323156405,0.0016577846005985,0.0211229304082332,0.0377621013751871,817460,55204,833.0,23494.0,51903.0,1.18,17657.0,2069.0,15626.0,0.07188200730612536
73,"Clarksville, TN-KY",96607,46653,0.8230546195439229,0.0951597314734999,0.0068437687746519,0.0143057405811108,0.0011057997892885,0.0319550017849524,0.0275753380525733,96607,46653,98.0,1791.0,3555.0,1.11,,264.0,,0.045322978786657475
74,"Cleveland, TN",44442,41301,0.8440104541806434,0.08540324738131,0.0011935875537628,0.0143230506451546,0.001625748564608,0.022143107031877,0.031300804642644,44442,41301,42.0,845.0,1729.0,1.07,,162.0,,0.029383777685209667
79,"Columbia, MO",66136,49059,0.7842953175707,0.1036856745479833,0.0078813166434863,0.0090982846546128,0.0100370885489105,0.0466620305980528,0.038340287436254,66136,49059,73.0,1033.0,2652.0,1.1,,142.0,,0.04139268515822508
80,"Columbia, SC",296439,49238,0.8144333872269398,0.0766124700807853,0.0070291218280123,0.0229162592512002,0.0025092202136831,0.0330495426388403,0.0434499987605388,296439,49238,293.0,6635.0,15392.0,1.16,6588.0,589.0,5926.0,0.06445798922691845
81,"Columbus, GA-AL",111394,42278,0.7882409609537285,0.096396423518078,0.0081810518710298,0.0130655989403016,0.0030406117349549,0.0157148448083812,0.0753605081735256,111394,42278,148.0,2520.0,5567.0,1.09,,295.0,,0.037426497940623665
82,"Columbus, IN",30516,54488,0.8426364682890263,0.0923352876609643,0.0060503841726233,0.0134928921371777,0.0044708591010092,0.0180708376837201,0.0229432709554788,30516,54488,32.0,299.0,665.0,1.04,,49.0,,0.01703333929878037
83,"Columbus, OH",748544,55115,0.827465380020258,0.0786042268088652,0.0164962986810876,0.0082112484584522,0.0043714175393636,0.0218367654718981,0.0430146630200751,748544,55115,740.0,18448.0,42369.0,1.18,15674.0,1788.0,11872.0,0.07188200730612536
85,"Corvallis, OR",33376,49338,0.6424870466321243,0.0826151482802614,0.0241101882469341,0.0098419558934569,0.0805842684927226,0.0860520217668654,0.074309370687635,33376,49338,35.0,337.0,764.0,1.1,,36.0,,0.04139268515822508
89,"Dalton, GA",48754,38818,0.8377164849262347,0.1066304311130616,0.0035785422504304,0.0181965497451132,0.002278788697208,0.0099253907700617,0.02167381249789,48754,38818,48.0,668.0,1562.0,1.05,,81.0,,0.021189299069938092
90,"Danville, IL",31601,42548,0.8268530336519005,0.1004264856956075,0.0084363228839149,0.0089966690533262,0.0004980854839211,0.0261494879058618,0.0286399153254677,31601,42548,30.0,236.0,549.0,1.05,,32.0,,0.021189299069938092
93,"Dayton, OH",327391,47162,0.8329991471191266,0.0808118748129027,0.0160268177376628,0.0085965873468626,0.0031488813704835,0.0254593413048512,0.0329573503081102,327391,47162,376.0,6058.0,13448.0,1.12,7030.0,589.0,5638.0,0.04921802267018165
94,"Decatur, AL",59168,44273,0.8806119419311487,0.0855874861312956,0.0021252324472989,0.0050161736439923,0.000500054693482,0.0073132998921757,0.0188458112606066,59168,44273,51.0,706.0,1560.0,1.08,,79.0,,0.03342375548694973
95,"Decatur, IL",45153,46696,0.8392857142857143,0.0848946135831381,0.0137169621947139,0.011563231850117,0.0019655403144864,0.023816493810639,0.024757443961191,45153,46696,39.0,512.0,1159.0,1.06,,56.0,,0.02530586526477026
100,"Dothan, AL",57262,40515,0.8736748971867678,0.0802844362885652,0.0033260695033834,0.0133370471712024,0.0003768453131912,0.0076188291579964,0.0213818753788933,57262,40515,43.0,1279.0,2705.0,1.11,,156.0,,0.045322978786657475
101,"Dover, DE",59142,55169,0.8284486809424716,0.09384439820098,0.012002416593945,0.0095186950392696,0.0020943814190776,0.0190373900785393,0.0350540377257165,59142,55169,66.0,1274.0,2904.0,1.09,,140.0,,0.037426497940623665
103,"Duluth, MN-WI",117173,47574,0.791353876034714,0.0961185701293296,0.0188830484176776,0.0109752901823562,0.0041003190849814,0.0407257256485749,0.0378431705023661,117173,47574,66.0,793.0,1877.0,1.07,,73.0,,0.029383777685209667
110,"Elmira, NY",35390,49685,0.841524600068297,0.072578738606215,0.0171530641729491,0.00719745724868,0.0032572434264099,0.0330977961070687,0.0251911003703801,35390,49685,37.0,362.0,835.0,1.04,,0.0,,0.01703333929878037
112,"Erie, PA",109700,45703,0.799215667557592,0.0984392898052691,0.0167048491790759,0.0080103729158711,0.0025375461372024,0.0410859742904416,0.0340063001145475,109700,45703,109.0,1838.0,3969.0,1.09,,146.0,,0.037426497940623665
113,"Eugene, OR",145627,43685,0.7057212316604088,0.0998446991291356,0.0312436519949936,0.0085513770665827,0.0436611688847824,0.0501222093350894,0.0608556619290071,145627,43685,113.0,3153.0,6126.0,1.17,1584.0,257.0,1787.0,0.06818586174616162
114,"Evansville, IN-KY",126093,47425,0.8562926682445652,0.0780580903780115,0.0100420012860328,0.0091937668449783,0.0034134595652114,0.0157607431628199,0.0272392705183806,126093,47425,127.0,1770.0,3959.0,1.09,,245.0,,0.037426497940623665
115,"Fairbanks, AK",35844,70408,0.7352964473840549,0.1443027446631549,0.0136243019525525,0.0212483662719315,0.0110103370430512,0.0333082498316765,0.0412095528535783,35844,70408,36.0,1038.0,2432.0,1.14,,86.0,,0.05690485133647256
116,"Fargo, ND-MN",89558,53634,0.8204125350946948,0.0784660575471851,0.0113520180463817,0.0097697138869504,0.0063535597786397,0.037293691880751,0.036352423765397,89558,53634,105.0,1215.0,2510.0,1.15,,75.0,,0.06069784035361165
117,"Farmington, NM",40693,48824,0.8386018415342209,0.096045197740113,0.0025218462260277,0.010243778468516,0.0037534455457157,0.0170078001290246,0.0318260903563818,40693,48824,30.0,463.0,926.0,1.07,,42.0,,0.029383777685209667
118,"Fayetteville, NC",138822,44692,0.832900099881507,0.0884726814772536,0.0074011576328703,0.0112475262266503,0.002059668343766,0.0302498278439863,0.0276690385939661,138822,44692,180.0,2606.0,6527.0,1.09,,184.0,,0.037426497940623665
119,"Fayetteville-Springdale-Rogers, AR-MO",178008,48627,0.8022546136663299,0.1136504714480546,0.0052740560844211,0.0101448553032808,0.0027729573227368,0.0217804017163337,0.0441226444588428,178008,48627,176.0,4503.0,10188.0,1.14,,487.0,,0.05690485133647256
120,"Flagstaff, AZ",46391,48540,0.6834139763623384,0.1194098516697073,0.0193860553660664,0.0125803125247878,0.0293805028952169,0.0824145316094233,0.0534147695724597,46391,48540,42.0,753.0,1449.0,1.08,,122.0,,0.03342375548694973
121,"Flint, MI",165962,41879,0.850928059230112,0.0892270056175412,0.0116233917523104,0.0060705687436899,0.0013008361593621,0.0119728701234823,0.0288772683735017,165962,41879,197.0,2307.0,5616.0,1.05,,249.0,,0.021189299069938092
122,"Florence, SC",78061,40673,0.84571533203125,0.09302978515625,0.0026611328125,0.00947265625,0.00198974609375,0.01324462890625,0.03388671875,78061,40673,51.0,1262.0,2716.0,1.1,,169.0,,0.04139268515822508
128,"Fresno, CA",292550,45201,0.7699954914976451,0.1249734168493224,0.0126408198101892,0.0236483708427496,0.008231561217806,0.0205548009879007,0.0399555387943867,292550,45201,341.0,7432.0,17638.0,1.15,3270.0,741.0,5350.0,0.06069784035361165
129,"Gadsden, AL",40001,38467,0.8653860870896151,0.0884926404938649,0.0031631846126374,0.0037243947858473,0.0001530573199663,0.0035968470192086,0.0354837886788602,40001,38467,35.0,855.0,1864.0,1.1,,120.0,,0.04139268515822508
130,"Gainesville, FL",102411,41961,0.7383218577021736,0.0981335223437289,0.0427298501417578,0.0164034021871202,0.0306129337113541,0.0307563791008505,0.0430420548130147,102411,41961,107.0,2623.0,5523.0,1.17,,202.0,,0.06818586174616162
131,"Gainesville, GA",61361,51036,0.7896741692929995,0.1349231952750825,0.0027669553564781,0.0219619326500732,0.0005583542199171,0.0103853884904583,0.0397300047149911,61361,51036,79.0,1416.0,3267.0,1.08,,141.0,,0.03342375548694973
134,"Goldsboro, NC",47480,41172,0.815484116416207,0.1367700209244816,0.0047745862659311,0.0068289899182042,0.0019592923720753,0.0123264219136389,0.0218565721894616,47480,41172,34.0,489.0,1156.0,1.07,,49.0,,0.029383777685209667
141,"Greeley, CO",92369,58100,0.7895285335746138,0.1130517675951657,0.006180120209397,0.012384476184321,0.0059781554966716,0.0223453758159374,0.0505315711238932,92369,58100,74.0,1057.0,2660.0,1.14,,117.0,,0.05690485133647256
144,"Greenville, NC",66427,42011,0.8294994944388271,0.0984074823053589,0.0104398382204246,0.0072927199191102,0.0037158746208291,0.0235844287158746,0.0270601617795753,66427,42011,69.0,1760.0,3827.0,1.15,,125.0,,0.06069784035361165
146,"Guayama, PR",28080,16010,0.8211011692375254,0.1114343744853708,0.014601745622221,0.0115825876928144,0.0021957512213866,0.028380084536422,0.0107042872042597,28080,16010,41.0,532.0,884.0,1.12,,177.0,,0.04921802267018165
149,"Hammond, LA",45027,40721,0.7921166517213146,0.1268860384420445,0.0052243752193067,0.0284611485827907,0.0031580178564466,0.0133728410464345,0.030780927131662,45027,40721,40.0,692.0,1502.0,1.05,,163.0,,0.021189299069938092
152,"Harrisonburg, VA",45364,48518,0.7899158254803984,0.0855997853717428,0.0137831583889466,0.0082833092994399,0.0073275428418122,0.0505047117609577,0.0445856668567021,45364,48518,40.0,718.0,1623.0,1.08,,45.0,,0.03342375548694973
154,"Hattiesburg, MS",53626,41702,0.8218757986199847,0.0926558906210069,0.0038812931254791,0.0360976233069256,0.0065806286736519,0.0203328648096089,0.0185759008433427,53626,41702,46.0,1034.0,2364.0,1.1,,92.0,,0.04139268515822508
157,"Hinesville, GA",27941,44133,0.8270968117969342,0.0878941539896252,0.0030308328961939,0.0281517747858017,0.0030016902721921,0.0309786093139826,0.0198461269452701,27941,44133,28.0,253.0,616.0,1.08,,20.0,,0.03342375548694973
163,"Huntsville, AL",167565,55881,0.8674243193308022,0.0763963616429456,0.0035074005644326,0.0120652549083304,0.0010557732523907,0.0104866708626885,0.0290642194384098,167565,55881,168.0,2702.0,7199.0,1.11,,220.0,,0.045322978786657475
167,"Ithaca, NY",38340,52836,0.6208599954144695,0.0864580945036163,0.0652812806136273,0.0069616691331262,0.0109219000771202,0.1487170936073535,0.0607999666506867,38340,52836,30.0,588.0,1487.0,1.17,,59.0,,0.06818586174616162
168,"Jackson, MI",60485,45452,0.8271350507416081,0.1016549570647931,0.0042622950819672,0.0081498829039812,0.0052771272443403,0.0201717408274785,0.0333489461358313,60485,45452,50.0,613.0,1451.0,1.06,,88.0,,0.02530586526477026
169,"Jackson, MS",206923,45366,0.856209229919911,0.0924047395788935,0.0032149250459709,0.0110695714651046,0.0006981907928118,0.0100994110029997,0.0263039321943081,206923,45366,193.0,3924.0,11041.0,1.13,4628.0,425.0,6489.0,0.05307844348341968
170,"Jackson, TN",47768,41346,0.8502265109940702,0.0696659423225663,0.0081028323082022,0.0153217192736915,0.0019152149092114,0.0120805863504106,0.0426871938418474,47768,41346,41.0,921.0,1703.0,1.08,,185.0,,0.03342375548694973
171,"Jacksonville, FL",516599,52067,0.810730421626016,0.096888977783943,0.0118605000024195,0.0136719159554614,0.0055278027347057,0.0120685789498303,0.0492518029476237,516599,52067,560.0,11615.0,32579.0,1.18,11810.0,1368.0,8895.0,0.07188200730612536
172,"Jacksonville, NC",61147,46141,0.7345792275455884,0.1341601540378298,0.0036244195265601,0.0117340582172386,0.0028655566881866,0.0521689885604258,0.0608675954241703,61147,46141,59.0,890.0,2087.0,1.1,,65.0,,0.04139268515822508
176,"Johnstown, PA",57959,42304,0.8292543418726384,0.087548098589108,0.0119423163587201,0.0147502339931362,0.0004853190973064,0.0314590772004021,0.0245606128886885,57959,42304,38.0,377.0,842.0,1.06,,37.0,,0.02530586526477026
177,"Jonesboro, AR",47395,40358,0.8421251654377009,0.0922858763471355,0.0019663452448477,0.011401020986954,0.0007373794668179,0.0138778597088296,0.0376063528077141,47395,40358,39.0,717.0,1711.0,1.09,,58.0,,0.037426497940623665
178,"Joplin, MO",67433,41562,0.8271420995479684,0.0991060380312634,0.0026263289477006,0.0134094295310487,0.0022601580848001,0.0160862648046667,0.0393696810525518,67433,41562,47.0,815.0,1796.0,1.08,,90.0,,0.03342375548694973
181,"Kankakee, IL",41430,51000,0.8231133045445198,0.0842689697717458,0.0147851120707382,0.0142915895537733,0.0037631091918568,0.0283569812872712,0.0314209335800945,41430,51000,45.0,529.0,1140.0,1.06,,56.0,,0.02530586526477026
186,"Kingston, NY",69388,58592,0.7699772100275879,0.080556555115749,0.0233417296389588,0.0098356723041861,0.0046779417056495,0.0441285834232937,0.0674823077845747,69388,58592,60.0,913.0,2314.0,1.04,,108.0,,0.01703333929878037
187,"Knoxville, TN",340980,44906,0.8513969610352171,0.0865210190078081,0.0055671746112904,0.0069977236320714,0.0014495867453921,0.0118876991821937,0.0361798357860268,340980,44906,310.0,7126.0,15975.0,1.14,6092.0,991.0,8089.0,0.05690485133647256
188,"Kokomo, IN",34386,42078,0.8519983710512538,0.0845598929547966,0.0040141951247891,0.0136715341206585,0.004188725347606,0.0133806504159636,0.0281866309849322,34386,42078,34.0,313.0,718.0,1.05,,37.0,,0.021189299069938092
190,"Lafayette, LA",177280,47174,0.824174798512234,0.1136311665523308,0.0047741050303106,0.0154936741941656,0.0036540803897685,0.0157690135849655,0.0225031617362248,177280,47174,146.0,4266.0,8126.0,1.12,,791.0,,0.04921802267018165
195,"Lancaster, PA",194503,57120,0.7926956839940655,0.0919403531241423,0.0128434090520378,0.0126047579083022,0.0070481637783249,0.0346004383226006,0.0482671938205263,194503,57120,229.0,4027.0,8780.0,1.09,,468.0,,0.037426497940623665
197,"Laredo, TX",68502,38679,0.7810196657352243,0.1466125375652449,0.011999789107397,0.0071703485000263,0.0003057942742658,0.0157114989191754,0.0371803658986661,68502,38679,132.0,2516.0,5317.0,1.17,568.0,346.0,1927.0,0.06818586174616162
200,"Lawrence, KS",43834,50732,0.7642547907507468,0.1050944725979125,0.0197838708594824,0.0080377219183139,0.0104205121320938,0.0531429338524012,0.0392656978890492,43834,50732,51.0,694.0,1464.0,1.08,,64.0,,0.03342375548694973
201,"Lawton, OK",46524,46283,0.737835353113247,0.1141496030087756,0.0085081487672377,0.0278311742582532,0.0011533639782699,0.0375094024237359,0.0730129544504805,46524,46283,53.0,301.0,730.0,1.04,,32.0,,0.01703333929878037
202,"Lebanon, PA",51793,56173,0.8131113753468093,0.0988188664288545,0.0046294094332144,0.006817281014665,0.004423305588585,0.0368925881886642,0.0353071739992072,51793,56173,45.0,305.0,665.0,1.08,,33.0,,0.03342375548694973
203,"Lewiston, ID-WA",25564,44993,0.8042906220305533,0.0937066003947079,0.0055551494773773,0.0141437029456911,0.0048973028287405,0.0322710328192383,0.0451355895036912,25564,44993,30.0,327.0,678.0,1.07,,31.0,,0.029383777685209667
205,"Lexington-Fayette, KY",192393,49997,0.8000187097103396,0.1010707056962563,0.0128374126171483,0.0068332964808735,0.0062932662051604,0.0325548959910193,0.0403917132992022,192393,49997,176.0,5218.0,10942.0,1.18,,663.0,,0.07188200730612536
206,"Lima, OH",40191,43648,0.8658948064836255,0.0853897893924357,0.0035505568419891,0.006968794795457,0.0029551218436431,0.0156356819936045,0.0196052486492446,40191,43648,41.0,461.0,958.0,1.06,,61.0,,0.02530586526477026
207,"Lincoln, NE",122757,52291,0.809031871804114,0.094857868981654,0.0116380653320055,0.0069584023166164,0.0147232217586002,0.0265628913719476,0.036227678435062,122757,52291,149.0,2099.0,4553.0,1.09,,158.0,,0.037426497940623665
210,"Longview, TX",77524,46615,0.8409789264933424,0.0987098742563253,0.0036611676509686,0.0121712031730119,0.0010569442325713,0.0149388715758275,0.0284830126179528,77524,46615,57.0,1200.0,2899.0,1.13,,136.0,,0.05307844348341968
214,"Lubbock, TX",111251,45337,0.8175135668475579,0.1103460427091408,0.0083797307773627,0.0086968778631334,0.0039890055676932,0.0196349284657128,0.0314398477693988,111251,45337,139.0,2056.0,4620.0,1.09,,235.0,,0.037426497940623665
215,"Lynchburg, VA",98815,46913,0.816195113392113,0.0984515506426284,0.0150107470281177,0.0140018423476773,0.0011317278589288,0.0217484756766241,0.0334605430539106,98815,46913,67.0,1557.0,3599.0,1.11,,91.0,,0.045322978786657475
216,"Macon, GA",84303,39609,0.8442641629825441,0.0927715236315573,0.0071897361104781,0.0169887425368032,0.0011508135454172,0.0155530741534114,0.0220819470397885,84303,39609,77.0,1593.0,3676.0,1.06,,175.0,,0.02530586526477026
217,"Madera, CA",42723,45490,0.7589871393976442,0.135048080314109,0.0019749371076575,0.0203371499776644,0.0054075658900148,0.0235111560435426,0.0547339712693673,42723,45490,48.0,563.0,1285.0,1.1,,63.0,,0.04139268515822508
218,"Madison, WI",255724,61227,0.7393803981923577,0.0867632683742806,0.0422912253283853,0.0084677527178515,0.0252844125013741,0.0524436151658936,0.045369327719857,255724,61227,194.0,4774.0,10151.0,1.15,3498.0,559.0,3800.0,0.06069784035361165
220,"Manhattan, KS",34271,48097,0.7364474858673014,0.0848160269760983,0.0016661707825052,0.007378756322523,0.010691262521075,0.0714668253495983,0.0875334721808985,34271,48097,33.0,338.0,766.0,1.08,,30.0,,0.03342375548694973
222,"Mansfield, OH",48211,42042,0.8508096466811598,0.0840325890408175,0.007212661776956,0.005140291350901,0.0018895142119913,0.0206830695463134,0.0302322273918608,48211,42042,43.0,469.0,1075.0,1.04,,49.0,,0.01703333929878037
225,"Medford, OR",82977,44086,0.7686788276871452,0.0812598912409714,0.0145884648794012,0.0139102083556444,0.0138864098811266,0.0365068599102797,0.0711693380454312,82977,44086,92.0,1110.0,2387.0,1.07,,166.0,,0.029383777685209667
226,"Memphis, TN-MS-AR",489161,47647,0.8376173282736847,0.0995052863781575,0.0116484430670198,0.0102062386422139,0.0014456138915312,0.0124718292811821,0.0271052604662104,489161,47647,572.0,12215.0,25891.0,1.18,9176.0,1387.0,13269.0,0.07188200730612536
227,"Merced, CA",76516,43066,0.7795858308268236,0.1209832731049704,0.004479259082942,0.0307705623958626,0.0042628697552636,0.0226992404734598,0.0372189643606777,76516,43066,83.0,960.0,2139.0,1.09,,134.0,,0.037426497940623665
230,"Midland, MI",33709,52613,0.8597827581465695,0.0727897703836106,0.0065997525092809,0.0079472019799257,0.0057472844768321,0.0142444658325312,0.0328887666712498,33709,52613,33.0,287.0,740.0,1.04,,24.0,,0.01703333929878037
231,"Midland, TX",53172,66689,0.841627872854113,0.1000813669650122,0.0024410089503661,0.0173805172804759,0.0010804465845882,0.0084835065160266,0.0289052808494177,53172,66689,73.0,1299.0,2779.0,1.08,,333.0,,0.03342375548694973
234,"Missoula, MT",45961,47029,0.719382510368296,0.1034525539683102,0.0186983800645138,0.0089149622487682,0.0397539966679664,0.0534011555776115,0.0563964411045336,45961,47029,47.0,928.0,2126.0,1.13,,70.0,,0.05307844348341968
235,"Mobile, AL",154400,43844,0.85206835873423,0.0919800769483134,0.0058456858242118,0.0072116675117062,0.0005129887560022,0.0092934474633899,0.0330877747621462,154400,43844,190.0,4410.0,9782.0,1.1,,368.0,,0.04139268515822508
236,"Modesto, CA",168090,49573,0.7999979936599655,0.1152792825328036,0.009439829862365,0.0097307491673688,0.005943782352233,0.0180520444604951,0.0415563179647686,168090,49573,205.0,4498.0,11093.0,1.21,,547.0,,0.08278537031645007
237,"Monroe, LA",66444,38406,0.8693330003884358,0.0803923200710282,0.0112091448865212,0.0109178181011042,0.0012624160701403,0.0084623494811608,0.0184229510016092,66444,38406,66.0,1013.0,2257.0,1.09,,166.0,,0.037426497940623665
238,"Monroe, MI",58328,54911,0.8685283822858012,0.071069852381677,0.0119007761375741,0.0071374220057829,0.0022523208035306,0.0106376502815401,0.0284735961040937,58328,54911,33.0,336.0,785.0,1.04,,39.0,,0.01703333929878037
239,"Montgomery, AL",142351,46977,0.8569689897678153,0.0942038532236714,0.0057905005677576,0.00781058852314,0.0008406577205628,0.0101067133419908,0.0242786968550618,142351,46977,157.0,3009.0,6752.0,1.08,,272.0,,0.03342375548694973
240,"Morgantown, WV",49467,46028,0.7774353957772887,0.1041982554821879,0.0126355262085269,0.0063911306757968,0.0029347028613352,0.0550093747452514,0.0413956142496127,49467,46028,42.0,416.0,813.0,1.04,,77.0,,0.01703333929878037
241,"Morristown, TN",44380,39822,0.8304427448023268,0.1170742216955725,0.0015943121835613,0.0185284929440913,0.000344716147797,0.009565873101368,0.0224496391252827,44380,39822,33.0,502.0,1141.0,1.08,,38.0,,0.03342375548694973
243,"Muncie, IN",46239,37900,0.8053529447224064,0.0849960817409126,0.016155283621677,0.0056463118130488,0.0093837281732875,0.0481443526835051,0.0303212972451624,46239,37900,50.0,495.0,1093.0,1.06,,74.0,,0.02530586526477026
244,"Muskegon, MI",64889,41842,0.843075452250422,0.0946178091809449,0.003719582331237,0.0072001553560491,0.0039287154743587,0.0118458987496825,0.0356123866573054,64889,41842,86.0,776.0,1866.0,1.05,,83.0,,0.021189299069938092
246,"Napa, CA",49631,70925,0.762770680850419,0.1162885848070191,0.0099559030776924,0.0062281220166386,0.0072434119804215,0.0415511206073555,0.0559621766604537,49631,70925,48.0,1742.0,4274.0,1.21,,164.0,,0.08278537031645007
256,"Ocala, FL",133137,39339,0.8006643058618841,0.1067810163176717,0.0028821735806613,0.0171612347653401,0.003339103538571,0.0144548034761825,0.0547173624596891,133137,39339,95.0,1774.0,3819.0,1.09,,195.0,,0.037426497940623665
258,"Odessa, TX",50214,54903,0.8057936028968015,0.1480084490042245,0.0061557030778515,0.0046771273385636,0.0027610138805069,0.0100784550392275,0.0225256487628243,50214,54903,77.0,1677.0,3580.0,1.09,,265.0,,0.037426497940623665
265,"Owensboro, KY",45111,45639,0.8651064000320603,0.0790886867310543,0.0038271951268384,0.0061114896004488,0.0016230513365126,0.0223420029655752,0.0219011742075101,45111,45639,42.0,609.0,1218.0,1.04,,100.0,,0.01703333929878037
271,"Peoria, IL",152051,54686,0.8456636187309504,0.0848226655583264,0.0120993811766879,0.0072561651426988,0.0028112588898125,0.0198981712385702,0.0274487392629537,152051,54686,151.0,1457.0,3602.0,1.06,,142.0,,0.02530586526477026
275,"Pittsburgh, PA",989655,51883,0.7745441127780138,0.0876571912132604,0.0537131814626462,0.0089395665812315,0.0031530714705221,0.0342047358321537,0.037788140662172,989655,51883,854.0,18772.0,41995.0,1.19,9809.0,1812.0,14956.0,0.07554696139253074
276,"Pittsfield, MA",55369,49737,0.7931079901872006,0.0817129591517526,0.0127105388807481,0.0073102062992903,0.0053509392956517,0.0538880748143635,0.0459192913709929,55369,49737,31.0,495.0,1158.0,1.08,,39.0,,0.03342375548694973
277,"Pocatello, ID",30277,43953,0.7753146414043517,0.1055720876900816,0.0243249883971716,0.0115209260422069,0.0087362472357967,0.0394223156515329,0.0351087935788582,30277,43953,39.0,449.0,965.0,1.06,,31.0,,0.02530586526477026
278,"Ponce, PR",111021,16593,0.8362798207537235,0.0829306532192958,0.0086932104037721,0.0105886344756578,0.0042120534930793,0.033368823784062,0.0239268038704091,111021,16593,80.0,1220.0,2748.0,1.2,,146.0,,0.07918124604762482
284,"Provo-Orem, UT",148535,60647,0.7313935152182836,0.1277514959065085,0.0165467781306028,0.0107964487071479,0.012109822219342,0.0412200548679065,0.0601818849502084,148535,60647,253.0,4741.0,7652.0,1.12,4170.0,621.0,3414.0,0.04921802267018165
285,"Pueblo, CO",62829,41974,0.7966443682192801,0.1225535085132471,0.0105542535193779,0.0083502770491548,0.0054633782923838,0.0259355259277654,0.0304986884787906,62829,41974,80.0,1073.0,2996.0,1.1,,114.0,,0.04139268515822508
287,"Racine, WI",75078,55055,0.8379192180214595,0.0826470423009943,0.0144373911578001,0.012134149766867,0.0034267737767541,0.0181450480310094,0.0312903769451154,75078,55055,76.0,1443.0,2911.0,1.12,,300.0,,0.04921802267018165
288,"Raleigh, NC",440375,62794,0.8070600297576923,0.0927580409634311,0.0100544406969237,0.0113438256240657,0.0023112267971126,0.0129697969779717,0.0635026391828026,440375,62794,487.0,8684.0,24789.0,1.17,9464.0,859.0,11489.0,0.06818586174616162
290,"Reading, PA",153857,55798,0.8010428158108361,0.1020440022479861,0.0184522198863518,0.0111046354307599,0.0017380263513935,0.0304310721645192,0.0351872281081531,153857,55798,152.0,2501.0,5478.0,1.08,,293.0,,0.03342375548694973
291,"Redding, CA",68961,44556,0.8169320811215462,0.0817264794398318,0.0073045687582233,0.0093310950803805,0.0076372820349953,0.0205677298368192,0.0565007637282035,68961,44556,67.0,1327.0,3068.0,1.09,,153.0,,0.037426497940623665
293,"Richmond, VA",463593,59677,0.8182811585125069,0.0903113468320647,0.0167145522134016,0.010069581557483,0.0044407603589373,0.0153664946418115,0.0448161058837947,463593,59677,503.0,8497.0,22416.0,1.13,11805.0,758.0,9980.0,0.05307844348341968
295,"Roanoke, VA",128965,50056,0.8338423819318914,0.0889553768691087,0.0117323581762901,0.0099108645515177,0.0021262302007798,0.0193022917575682,0.0341304965128439,128965,50056,118.0,2474.0,5622.0,1.1,,178.0,,0.04139268515822508
296,"Rochester, MN",82643,64210,0.7587876581414399,0.108100482388277,0.0395103303904614,0.0086010739965413,0.0059524893055429,0.031755711295167,0.0472922544825703,82643,64210,62.0,853.0,2228.0,1.1,,76.0,,0.04139268515822508
297,"Rochester, NY",429370,52717,0.8180078992841274,0.0766457505514369,0.0209466400172,0.0078435432111545,0.0051480717624481,0.0358095571782355,0.0355985379953973,429370,52717,356.0,6637.0,14629.0,1.16,6122.0,581.0,6501.0,0.06445798922691845
298,"Rockford, IL",131715,49511,0.8410598639008514,0.0902791018771162,0.0107695847989743,0.0075807883230875,0.0029192281140076,0.0117163614845984,0.0356750715013642,131715,49511,167.0,2690.0,5722.0,1.08,,243.0,,0.03342375548694973
300,"Rome, GA",34794,41046,0.8228103240668028,0.0991571121930788,0.004083555834773,0.012878906863515,0.0055494476728967,0.0290822470027747,0.0264384063661588,34794,41046,34.0,1099.0,2653.0,1.11,,95.0,,0.045322978786657475
302,"Saginaw, MI",77589,43566,0.8527640039060023,0.0818865483875058,0.0048064119310615,0.0038552750053897,0.0044259571607928,0.0197709662282982,0.0324908373809493,77589,43566,72.0,1024.0,2267.0,1.06,,100.0,,0.02530586526477026
307,"Salem, OR",142136,48433,0.7352250090965716,0.1429179335056028,0.0141783174734349,0.0102991692825734,0.011520268395118,0.0392786881201857,0.0465806141265132,142136,48433,125.0,2960.0,6159.0,1.16,1624.0,274.0,2101.0,0.06445798922691845
308,"Salinas, CA",125115,58582,0.7093092855690827,0.1238565265511711,0.0184480383077722,0.0619395568405122,0.0070076570370203,0.0309217807693176,0.0485171549251236,125115,58582,105.0,2207.0,5325.0,1.15,,240.0,,0.06069784035361165
309,"Salisbury, MD-DE",143830,53004,0.8232650290767001,0.0833348620767673,0.0115144955452416,0.015207939681899,0.0032776259225966,0.0225397931915882,0.0408602545052069,143830,53004,56.0,832.0,1951.0,1.09,,84.0,,0.037426497940623665
323,"Savannah, GA",132980,50560,0.815645183200168,0.0913901478197512,0.0180051125628264,0.0121948207515714,0.0073786383787989,0.0209503933215604,0.0344357039653234,132980,50560,159.0,4287.0,9678.0,1.11,,470.0,,0.045322978786657475
328,"Sheboygan, WI",46433,53029,0.8444009627538918,0.0806739277241952,0.0050388737857353,0.0078613357344461,0.0040345621720836,0.0261294176724212,0.0318609201572267,46433,53029,38.0,360.0,756.0,1.05,,29.0,,0.021189299069938092
335,"Spartanburg, SC",120122,42588,0.8494209953437746,0.1025049888129648,0.0029857289713974,0.0060848400556328,0.0007785571748201,0.0144222047529781,0.023802684888432,120122,42588,107.0,2046.0,5059.0,1.09,,212.0,,0.037426497940623665
337,"Springfield, IL",88221,55842,0.8216066861974701,0.0900735834451945,0.0156768991093561,0.0107582720137956,0.0025572941672137,0.0238386847081647,0.035488580358805,88221,55842,91.0,1130.0,2481.0,1.06,,138.0,,0.02530586526477026
339,"Springfield, MO",177468,42880,0.8224083925819122,0.098796798090787,0.0043504201262864,0.0120519067269924,0.0041863471386665,0.0198876348630239,0.0383185004723313,177468,42880,162.0,3620.0,10262.0,1.16,,475.0,,0.06445798922691845
340,"Springfield, OH",54969,43011,0.821284050100727,0.1066654988175527,0.0080231234124551,0.0049750372251905,0.0031006393973898,0.0277831304195497,0.0281685206271349,54969,43011,47.0,384.0,868.0,1.04,,30.0,,0.01703333929878037
344,"Sumter, SC",40024,40662,0.8345704948646125,0.1116246498599439,0.0030112044817927,0.0112745098039215,0.0023809523809523,0.0192110177404295,0.0179271708683473,40024,40662,41.0,603.0,1406.0,1.1,,88.0,,0.04139268515822508
345,"Syracuse, NY",256796,53191,0.8013814613773116,0.0826801957070284,0.0223851626764475,0.0088215411593834,0.0038184288554083,0.0459449691112196,0.0349682411132008,256796,53191,238.0,3013.0,7762.0,1.06,,279.0,,0.02530586526477026
346,"Tallahassee, FL",143932,45377,0.822535678136154,0.095198915597753,0.0150940269088024,0.0108676993743377,0.0043743081904333,0.0200306615919167,0.0318987102006025,143932,45377,139.0,3342.0,7163.0,1.14,,208.0,,0.05690485133647256
349,"Texarkana, TX-AR",55953,41818,0.8498938969527204,0.105848399966047,0.0038197097020626,0.0147695441813088,0.000916730328495,0.0093540446481622,0.0153976742212036,55953,41818,46.0,947.0,2046.0,1.06,,94.0,,0.02530586526477026
352,"Topeka, KS",94100,50797,0.8236692232450568,0.1080984724520298,0.0058414311963507,0.0084467643590423,0.0024682103646552,0.0191423426058816,0.0323335557769834,94100,50797,83.0,1405.0,3308.0,1.08,,157.0,,0.03342375548694973
353,"Trenton, NJ",131475,74118,0.7091864185174686,0.1029082515200777,0.0782514622251277,0.0144515860297478,0.0070753761867019,0.0362215292763214,0.0519053762445546,131475,74118,168.0,3225.0,8353.0,1.1,,302.0,,0.04139268515822508
354,"Tucson, AZ",386155,46233,0.7654035346487644,0.0989176252828851,0.0263736952335504,0.0201267229183386,0.0179118434593573,0.0237924809783067,0.0474740974787971,386155,46233,426.0,13418.0,30124.0,1.2,3775.0,1547.0,11760.0,0.07918124604762482
355,"Tulsa, OK",369720,49255,0.8304965158395999,0.1009418264722646,0.0057272610270459,0.0109603964036845,0.0020937138024232,0.0131322510066373,0.0366480354483443,369720,49255,402.0,9675.0,23270.0,1.15,8047.0,977.0,9073.0,0.06069784035361165
356,"Tuscaloosa, AL",81775,43567,0.8550835066619988,0.0921456372660063,0.0058485553656376,0.0053954982598488,0.0038406886468007,0.0144875306328384,0.0231985831668691,81775,43567,83.0,2034.0,4765.0,1.11,,171.0,,0.045322978786657475
357,"Tyler, TX",79089,46669,0.8247627006063722,0.1020762357781063,0.0031925606907929,0.0238799254354952,0.0009534828908744,0.0136380193267768,0.0314970752715819,79089,46669,83.0,2792.0,5117.0,1.17,,426.0,,0.06818586174616162
360,"Valdosta, GA",51439,36289,0.8297159630492964,0.0918587585254251,0.0033842700509367,0.0223948890615557,0.0057498057498057,0.0152292152292152,0.031667098333765,51439,36289,45.0,856.0,1797.0,1.06,,106.0,,0.02530586526477026
362,"Victoria, TX",35185,50549,0.8111082731557805,0.1288689716023869,0.0077089186616202,0.0050850999605266,0.0012306406297164,0.0125850419114403,0.0334130540785288,35185,50549,38.0,945.0,1880.0,1.1,,108.0,,0.04139268515822508
366,"Waco, TX",91389,41876,0.8144994909772336,0.1205798354910493,0.0058740326315125,0.0064866618016703,0.0024595259331333,0.0210366045929169,0.0290638485724839,91389,41876,99.0,1625.0,3309.0,1.06,,244.0,,0.02530586526477026
372,"Wausau, WI",53392,53779,0.8184552786456442,0.0926251543994768,0.0041560706241371,0.0112039526266075,0.0068444379859042,0.0216086609024195,0.0451064448158105,53392,53779,43.0,500.0,1132.0,1.04,,61.0,,0.01703333929878037
374,"Wenatchee, WA",41323,51547,0.7844128316960828,0.0979700811152325,0.010455305099254,0.0274120572290384,0.0048506093832796,0.0329556108099294,0.0419435046671829,41323,51547,40.0,755.0,1944.0,1.16,,67.0,,0.06445798922691845
375,"Wheeling, WV-OH",60436,41919,0.8445490600715829,0.0849321252378035,0.0083997033502079,0.0075774675136233,0.0012736594331409,0.0320671976268016,0.0212007867668397,60436,41919,56.0,1065.0,2266.0,1.04,,208.0,,0.01703333929878037
376,"Wichita, KS",241831,51059,0.8500794649696144,0.0857411837749741,0.004329238047355,0.0098057410488026,0.0028074248288381,0.0144555384215658,0.0327814089088498,241831,51059,282.0,4172.0,10244.0,1.14,4201.0,450.0,3052.0,0.05690485133647256
378,"Williamsport, PA",46008,45877,0.8195115481536217,0.0882737452395839,0.0150438621421398,0.0086208529907728,0.0042820061009113,0.0389927812198033,0.0252752041531669,46008,45877,33.0,457.0,1075.0,1.05,,43.0,,0.021189299069938092
379,"Wilmington, NC",107330,48581,0.7896127837641627,0.103864005285783,0.008271271606046,0.0145114321372345,0.0080999730816604,0.0182636855285375,0.0573768485965756,107330,48581,129.0,2697.0,6346.0,1.12,,180.0,,0.04921802267018165
381,"Winston-Salem, NC",256301,44589,0.8449969088208751,0.0855794717281467,0.0067899348365228,0.0113094519019634,0.0012187062527092,0.0129296561329704,0.0371758703268122,256301,44589,214.0,2546.0,6956.0,1.11,5931.0,292.0,2359.0,0.045322978786657475
382,"Worcester, MA-CT",344842,64629,0.8197683390775162,0.0886609605049215,0.0145554091863687,0.0072262641489178,0.0014425689805174,0.028146869178004,0.040199588923754,344842,64629,245.0,5122.0,11729.0,1.14,6392.0,523.0,5489.0,0.05690485133647256
383,"Yakima, WA",79717,43956,0.7900399505471488,0.1354333765875489,0.0096146968969357,0.0113414596765129,0.0020537237792604,0.0173800206394131,0.03413677187318,79717,43956,76.0,1180.0,2522.0,1.09,,160.0,,0.037426497940623665
