Geographic Area Name,Geography,Estimate!!Total,"Estimate!!Total!!Car, truck, or van","Estimate!!Total!!Car, truck, or van!!Drove alone","Estimate!!Total!!Car, truck, or van!!Carpooled","Estimate!!Total!!Car, truck, or van!!Carpooled!!In 2-person carpool","Estimate!!Total!!Car, truck, or van!!Carpooled!!In 3-person carpool","Estimate!!Total!!Car, truck, or van!!Carpooled!!In 4-or-more-person carpool",Estimate!!Total!!Public transportation (excluding taxicab),Estimate!!Total!!Public transportation (excluding taxicab)!!Bus or trolley bus,Estimate!!Total!!Public transportation (excluding taxicab)!!Streetcar or trolley car (carro publico in Puerto Rico),Estimate!!Total!!Public transportation (excluding taxicab)!!Subway or elevated,Estimate!!Total!!Public transportation (excluding taxicab)!!Railroad,Estimate!!Total!!Public transportation (excluding taxicab)!!Ferryboat,Estimate!!Total!!Bicycle,Estimate!!Total!!Walked,"Estimate!!Total!!Taxicab, motorcycle, or other means",Estimate!!Total!!Worked at home
"Abilene, TX",310M200US10180,72274,66762,58286,8476,6553,970,953,464,464,0,0,0,0,151,1737,1275,1885
"Aguadilla-Isabela, PR",310M200US10380,77004,71260,64807,6453,4137,1415,901,275,93,150,32,0,0,144,3251,305,1769
"Akron, OH",310M200US10420,329396,306252,284185,22067,18215,2208,1644,4934,4907,11,12,4,0,437,5550,1656,10567
"Albany, GA",310M200US10500,59078,54802,47511,7291,5387,1270,634,636,636,0,0,0,0,88,1159,469,1924
"Albany, OR",310M200US10540,47276,41872,36575,5297,4060,684,553,276,233,0,2,31,10,626,1089,526,2887
"Albany-Schenectady-Troy, NY",310M200US10580,427887,377251,344331,32920,28567,2974,1379,13761,13002,12,433,300,14,1001,15762,4156,15956
"Albuquerque, NM",310M200US10740,395683,354097,316438,37659,28984,5541,3134,7174,5710,26,79,1346,13,3884,7413,5529,17586
"Alexandria, LA",310M200US10780,58324,54301,48897,5404,4212,608,584,906,804,63,0,0,39,166,996,862,1093
"Allentown-Bethlehem-Easton, PA-NJ",310M200US10900,382952,347280,313093,34187,27057,4254,2876,6547,6009,13,260,179,86,933,10015,3010,15167
"Altoona, PA",310M200US11020,56627,51975,46733,5242,4175,684,383,204,186,0,18,0,0,74,2085,778,1511
"Amarillo, TX",310M200US11100,120257,112667,97259,15408,10825,2712,1871,880,861,0,19,0,0,364,1902,1008,3436
"Ames, IA",310M200US11180,48348,39005,35055,3950,3374,311,265,2990,2990,0,0,0,0,987,3349,324,1693
"Anchorage, AK",310M200US11260,194870,169283,145154,24129,19303,2562,2264,3341,3289,40,12,0,0,2057,5394,6632,8163
"Ann Arbor, MI",310M200US11460,169545,137149,124255,12894,10082,1591,1221,8535,8474,0,33,19,9,3048,10656,1111,9046
"Anniston-Oxford-Jacksonville, AL",310M200US11500,45348,42911,38750,4161,3288,587,286,117,85,0,0,21,11,48,617,571,1084
"Appleton, WI",310M200US11540,119320,109618,101288,8330,6386,1314,630,755,749,0,0,6,0,704,2563,1158,4522
"Arecibo, PR",310M200US11640,50486,47733,44290,3443,2388,735,320,172,36,107,22,0,7,46,1609,153,773
"Asheville, NC",310M200US11700,190333,171300,153084,18216,14157,2737,1322,973,890,0,15,0,68,587,4254,1524,11695
"Athens-Clarke County, GA",310M200US12020,84671,74896,67005,7891,6098,1135,658,1576,1534,12,23,0,7,848,2627,1190,3534
"Atlanta-Sandy Springs-Roswell, GA",310M200US12060,2476395,2184460,1928098,256362,190452,37201,28709,76484,55048,897,17662,2710,167,4552,33785,32778,144336
"Atlantic City-Hammonton, NJ",310M200US12100,124139,105016,95032,9984,8088,1046,850,9034,8456,17,54,507,0,692,4501,2364,2532
"Auburn-Opelika, AL",310M200US12220,66091,61059,55329,5730,4729,682,319,615,578,25,12,0,0,384,1590,605,1838
"Augusta-Richmond County, GA-SC",310M200US12260,237817,223652,198826,24826,18851,3815,2160,1509,1416,0,38,55,0,546,4322,2333,5455
"Austin-Round Rock, TX",310M200US12420,917620,794276,697542,96734,73008,13804,9922,22099,20754,146,229,959,11,7427,16972,13539,63307
"Bakersfield, CA",310M200US12540,312996,286691,240314,46377,29637,7464,9276,3294,3186,11,8,52,37,1672,5524,6518,9297
"Baltimore-Columbia-Towson, MD",310M200US12580,1346552,1153430,1033347,120083,96309,13419,10355,86176,59586,1324,12852,12273,141,3681,35219,13587,54459
"Bangor, ME",310M200US12620,71554,64321,57432,6889,5696,723,470,434,419,15,0,0,0,303,2797,966,2733
"Barnstable Town, MA",310M200US12700,98805,88287,81902,6385,4925,912,548,1473,1024,8,199,98,144,498,2665,749,5133
"Baton Rouge, LA",310M200US12940,371002,346912,310986,35926,27552,4788,3586,3933,3822,25,38,0,48,1068,6136,3491,9462
"Battle Creek, MI",310M200US12980,55633,51076,45123,5953,4745,681,527,347,341,0,0,0,6,166,2000,484,1560
"Bay City, MI",310M200US13020,45099,42271,38730,3541,2700,541,300,302,302,0,0,0,0,217,871,291,1147
"Beaumont-Port Arthur, TX",310M200US13140,163555,155692,140518,15174,11555,2218,1401,816,753,49,14,0,0,331,1917,1755,3044
"Beckley, WV",310M200US13220,44091,40800,36613,4187,3257,552,378,18,18,0,0,0,0,35,1125,1029,1084
"Bellingham, WA",310M200US13380,95296,79217,70707,8510,6403,1082,1025,2666,2634,0,23,0,9,1584,4585,1216,6028
"Bend-Redmond, OR",310M200US13460,69913,59901,53415,6486,5214,557,715,445,430,0,0,15,0,1222,1910,818,5617
"Billings, MT",310M200US13740,82421,74296,65291,9005,7239,940,826,821,821,0,0,0,0,574,2637,778,3315
"Binghamton, NY",310M200US13780,109904,98084,88176,9908,8122,1021,765,2839,2688,4,127,11,9,353,3850,924,3854
"Birmingham-Hoover, AL",310M200US13820,490678,464095,418269,45826,36720,5644,3462,3088,3004,0,26,25,33,465,5130,3619,14281
"Bismarck, ND",310M200US13900,65297,60212,52829,7383,4878,1325,1180,76,76,0,0,0,0,347,1298,310,3054
"Blacksburg-Christiansburg-Radford, VA",310M200US13980,80663,70333,62194,8139,6644,1071,424,2011,1950,0,31,15,15,625,3159,1028,3507
"Bloomington, IL",310M200US14010,96341,85810,77026,8784,6996,1293,495,1749,1712,0,5,32,0,454,4368,1073,2887
"Bloomington, IN",310M200US14020,75300,61109,53348,7761,6259,984,518,3026,2987,0,35,0,4,2005,5853,404,2903
"Bloomsburg-Berwick, PA",310M200US14100,38802,34993,31779,3214,2622,331,261,233,229,0,4,0,0,59,1858,181,1478
"Boise City, ID",310M200US14260,283055,248426,224177,24249,18291,3503,2455,1172,1134,22,12,0,4,3831,5523,4424,19679
"Boston-Cambridge-Newton, MA-NH",310M200US14460,2362298,1792765,1618612,174153,139230,19894,15029,290720,95900,7530,137800,47238,2252,21171,125001,22820,109821
"Boulder, CO",310M200US14500,158990,116496,103115,13381,10493,1533,1355,8604,8449,35,22,73,25,6678,7836,2196,17180
"Bowling Green, KY",310M200US14540,71799,66686,58916,7770,5607,1163,1000,224,224,0,0,0,0,111,2065,835,1878
"Bremerton-Silverdale, WA",310M200US14740,116435,90911,80302,10609,7948,1362,1299,10036,3331,0,0,42,6663,628,5369,1711,7780
"Bridgeport-Stamford-Norwalk, CT",310M200US14860,445551,362113,324499,37614,28450,5164,4000,41800,12038,85,1544,28070,63,1279,12076,3980,24303
"Brownsville-Harlingen, TX",310M200US15180,142950,132811,116372,16439,12140,2726,1573,980,950,18,12,0,0,242,2656,2673,3588
"Brunswick, GA",310M200US15260,46004,42245,37691,4554,3752,580,222,254,254,0,0,0,0,103,645,786,1971
"Buffalo-Cheektowaga-Niagara Falls, NY",310M200US15380,525371,472942,432072,40870,33371,4712,2787,17069,15559,205,1278,18,9,2142,15303,5046,12869
"Burlington, NC",310M200US15500,68462,63997,56298,7699,5750,1093,856,190,182,0,8,0,0,7,822,856,2590
"Burlington-South Burlington, VT",310M200US15540,113843,94852,83674,11178,9618,1030,530,2323,2251,0,47,11,14,1780,7283,708,6897
"California-Lexington Park, MD",310M200US15680,54395,50077,45707,4370,3704,423,243,1242,1176,0,66,0,0,144,1199,318,1415
"Canton-Massillon, OH",310M200US15940,180821,169579,154442,15137,12219,1793,1125,1811,1720,61,0,30,0,229,2892,1003,5307
"Cape Coral-Fort Myers, FL",310M200US15980,248988,221887,194947,26940,20462,3765,2713,2833,2699,67,42,25,0,2283,2277,5717,13991
"Cape Girardeau, MO-IL",310M200US16020,43498,40790,36097,4693,3745,603,345,204,160,8,0,0,36,113,1004,581,806
"Carbondale-Marion, IL",310M200US16060,53749,48382,43524,4858,3609,691,558,374,361,0,0,13,0,340,2637,415,1601
"Carson City, NV",310M200US16180,22634,21147,18566,2581,2291,211,79,31,31,0,0,0,0,328,565,139,424
"Casper, WY",310M200US16220,40201,37546,32942,4604,3346,816,442,271,271,0,0,0,0,288,686,257,1153
"Cedar Rapids, IA",310M200US16300,134128,122487,110498,11989,9104,1531,1354,1119,1105,0,14,0,0,508,3385,1339,5290
"Chambersburg-Waynesboro, PA",310M200US16540,69308,64307,57346,6961,4922,1202,837,153,141,0,0,12,0,171,1671,466,2540
"Champaign-Urbana, IL",310M200US16580,113956,89646,79536,10110,8565,865,680,6702,6624,0,14,60,4,2694,8465,559,5890
"Charleston, WV",310M200US16620,94258,87132,76069,11063,9257,1306,500,1551,1530,0,10,11,0,218,2612,497,2248
"Charleston-North Charleston, SC",310M200US16700,326159,291938,263144,28794,22375,4297,2122,4806,4708,52,29,13,4,2862,9206,3266,14081
"Charlotte-Concord-Gastonia, NC-SC",310M200US16740,1053699,953159,848688,104471,79617,13797,11057,18949,16158,425,1527,811,28,1658,15072,10730,54131
"Charlottesville, VA",310M200US16820,101614,85818,75691,10127,8122,1339,666,2871,2737,7,97,25,5,854,4265,1372,6434
"Chattanooga, TN-GA",310M200US16860,239312,221479,200560,20919,16425,2882,1612,1481,1404,47,6,0,24,383,4517,2247,9205
"Cheyenne, WY",310M200US16940,47604,43748,39314,4434,3355,720,359,221,221,0,0,0,0,100,1014,812,1709
"Chicago-Naperville-Elgin, IL-IN-WI",310M200US16980,4420384,3504964,3133986,370978,289249,49863,31866,508677,204633,3174,160842,139675,353,28080,140114,47272,191277
"Chico, CA",310M200US17020,85197,72720,63163,9557,7325,1461,771,982,978,0,0,4,0,2382,3042,921,5150
"Cincinnati, OH-KY-IN",310M200US17140,994701,908386,827563,80823,65992,8911,5920,19592,19402,94,40,0,56,1649,21011,6501,37562
"Clarksville, TN-KY",310M200US17300,114849,105456,94527,10929,8352,1556,1021,786,767,0,19,0,0,127,3670,1643,3167
"Cleveland, TN",310M200US17420,48593,45163,41013,4150,3263,507,380,58,58,0,0,0,0,79,1076,696,1521
"Cleveland-Elyria, OH",310M200US17460,944086,847234,778509,68725,55108,7531,6086,30509,27676,556,1728,507,42,3462,20745,8044,34092
"Coeur d'Alene, ID",310M200US17660,61548,55379,50318,5061,3935,821,305,336,307,0,0,20,9,264,1104,647,3818
"College Station-Bryan, TX",310M200US17780,106977,94311,81631,12680,9780,1826,1074,2718,2705,13,0,0,0,1700,4142,1019,3087
"Colorado Springs, CO",310M200US17820,317044,277995,245849,32146,24684,4479,2983,2475,2344,12,10,60,49,1497,12850,3752,18475
"Columbia, MO",310M200US17860,86280,76615,67669,8946,7385,1148,413,680,679,0,1,0,0,866,4026,785,3308
"Columbia, SC",310M200US17900,363061,323504,295689,27815,21542,3805,2468,2552,2488,7,47,4,6,911,11999,8320,15775
"Columbus, GA-AL",310M200US17980,132868,117540,104732,12808,9622,1891,1295,1087,1056,0,23,0,8,404,2088,1736,10013
"Columbus, IN",310M200US18020,37353,34924,31475,3449,2862,329,258,226,226,0,0,0,0,167,675,504,857
"Columbus, OH",310M200US18140,934937,847118,773628,73490,60707,7862,4921,15423,15076,135,83,0,129,4087,20416,7677,40216
"Corpus Christi, TX",310M200US18580,193796,177396,155488,21908,17154,2911,1843,3062,3015,11,17,19,0,534,3806,4110,4888
"Corvallis, OR",310M200US18700,38407,27849,24676,3173,2527,368,278,926,926,0,0,0,0,3095,3305,378,2854
"Crestview-Fort Walton Beach-Destin, FL",310M200US18880,113454,103969,94217,9752,7765,1042,945,631,629,0,2,0,0,510,1559,3203,3582
"Cumberland, MD-WV",310M200US19060,39318,36527,31894,4633,3688,516,429,158,150,0,0,8,0,27,1411,297,898
"Dallas-Fort Worth-Arlington, TX",310M200US19100,3185563,2899645,2577869,321776,246352,47162,28262,46360,31774,930,5183,8299,174,5167,38643,46302,149446
"Dalton, GA",310M200US19140,59242,55945,49628,6317,5203,595,519,212,58,0,0,154,0,135,588,1078,1284
"Danville, IL",310M200US19180,32123,29787,26561,3226,2718,330,178,271,233,0,10,28,0,16,840,289,920
"Daphne-Fairhope-Foley, AL",310M200US19300,82134,77290,69051,8239,5773,1502,964,147,147,0,0,0,0,344,906,749,2698
"Davenport-Moline-Rock Island, IA-IL",310M200US19340,179046,165392,150716,14676,11621,1945,1110,1640,1607,4,10,19,0,564,3609,1831,6010
"Dayton, OH",310M200US19380,354094,323575,294960,28615,23627,3295,1693,5675,5550,24,23,49,29,1115,9015,3044,11670
"Decatur, AL",310M200US19460,63993,61830,56353,5477,4121,1102,254,136,22,0,0,0,114,32,468,321,1206
"Decatur, IL",310M200US19500,47824,44198,40138,4060,3427,390,243,656,656,0,0,0,0,94,1139,553,1184
"Deltona-Daytona Beach-Ormond Beach, FL",310M200US19660,226912,204155,185411,18744,14511,2942,1291,1905,1818,53,7,27,0,1632,3111,4511,11598
"Denver-Aurora-Lakewood, CO",310M200US19740,1339300,1140114,1017871,122243,96611,16203,9429,58771,47735,1396,6729,2806,105,12211,28522,13803,85879
"Des Moines-West Des Moines, IA",310M200US19780,306891,283245,255638,27607,22829,2767,2011,2850,2816,19,0,5,10,753,4994,2081,12968
"Detroit-Warren-Dearborn, MI",310M200US19820,1822604,1691157,1533478,157679,125164,19448,13067,29442,28649,149,473,57,114,4278,23729,14916,59082
"Dothan, AL",310M200US20020,61033,58223,53323,4900,3494,683,723,203,203,0,0,0,0,23,465,814,1305
"Dover, DE",310M200US20100,74485,68697,61707,6990,5444,869,677,894,827,0,60,7,0,156,1418,709,2611
"Dubuque, IA",310M200US20220,49384,44346,40440,3906,3026,435,445,472,464,0,0,8,0,142,2027,316,2081
"Duluth, MN-WI",310M200US20260,129746,115146,102675,12471,10101,1658,712,2450,2435,0,15,0,0,532,5284,1424,4910
"Durham-Chapel Hill, NC",310M200US20500,247205,209405,183305,26100,19484,3575,3041,10385,10307,0,57,21,0,2416,7999,3769,13231
"East Stroudsburg, PA",310M200US20700,73083,64438,57166,7272,6182,721,369,3348,3033,71,105,139,0,38,1598,477,3184
"Eau Claire, WI",310M200US20740,83492,73719,67140,6579,5042,897,640,591,589,0,0,0,2,506,3083,918,4675
"El Centro, CA",310M200US20940,56288,50972,44835,6137,3928,1009,1200,630,630,0,0,0,0,293,1096,1039,2258
"Elizabethtown-Fort Knox, KY",310M200US21060,66811,62172,54843,7329,5226,1170,933,235,226,9,0,0,0,7,1167,759,2471
"Elkhart-Goshen, IN",310M200US21140,88938,82141,70063,12078,9576,1219,1283,442,400,34,0,8,0,1487,1614,1235,2019
"Elmira, NY",310M200US21300,38069,34799,32036,2763,2141,373,249,653,626,0,26,1,0,124,1260,274,959
"El Paso, TX",310M200US21340,331923,300507,263074,37433,28698,5070,3665,5556,5494,0,45,17,0,434,7147,8360,9919
"Erie, PA",310M200US21500,125712,112846,100471,12375,9989,1636,750,2100,2100,0,0,0,0,319,5165,1007,4275
"Eugene, OR",310M200US21660,152607,122935,107698,15237,12647,1738,852,4768,4729,0,0,23,16,6663,7649,1305,9287
"Evansville, IN-KY",310M200US21780,146186,136589,125178,11411,9323,1398,690,1468,1454,11,0,3,0,499,2304,1344,3982
"Fairbanks, AK",310M200US21820,50498,44418,37131,7287,5848,937,502,688,688,0,0,0,0,556,1682,1073,2081
"Fargo, ND-MN",310M200US22020,123238,110776,101106,9670,7302,1281,1087,1399,1343,2,35,0,19,783,4596,1204,4480
"Farmington, NM",310M200US22140,51153,47810,42897,4913,3634,646,633,129,121,8,0,0,0,192,870,524,1628
"Fayetteville, NC",310M200US22180,161191,148517,134256,14261,11016,1974,1271,1193,1156,0,37,0,0,332,4876,1813,4460
"Fayetteville-Springdale-Rogers, AR-MO",310M200US22220,220703,202143,177060,25083,18689,4167,2227,1164,1127,0,21,0,16,612,4807,2239,9738
"Flagstaff, AZ",310M200US22380,63035,50606,43079,7527,5550,962,1015,1222,1185,25,0,12,0,1852,5195,793,3367
"Flint, MI",310M200US22420,154516,145269,131482,13787,10492,1967,1328,1796,1780,9,7,0,0,201,1850,938,4462
"Florence, SC",310M200US22500,81920,76902,69281,7621,5789,841,991,218,212,0,6,0,0,163,1085,776,2776
"Florence-Muscle Shoals, AL",310M200US22520,60270,57855,53059,4796,3693,599,504,145,133,0,1,0,11,83,781,419,987
"Fond du Lac, WI",310M200US22540,51770,47072,42175,4897,4019,473,405,166,158,0,3,3,2,360,1723,534,1915
"Fort Collins, CO",310M200US22660,156205,131797,118549,13248,10329,1987,932,1513,1504,0,0,9,0,6007,4051,1881,10956
"Fort Smith, AR-OK",310M200US22900,113191,107227,95072,12155,9046,1604,1505,309,266,0,30,13,0,121,1722,1142,2670
"Fort Wayne, IN",310M200US23060,193588,179957,164826,15131,11775,1428,1928,1259,1174,57,0,8,20,606,2396,1610,7760
"Fresno, CA",310M200US23420,352667,315626,271552,44074,29164,6320,8590,4458,4307,55,50,32,14,2903,7249,8340,14091
"Gadsden, AL",310M200US23460,39201,37393,33924,3469,2994,269,206,124,115,0,0,0,9,6,141,146,1391
"Gainesville, FL",310M200US23540,118512,99130,87500,11630,9387,1447,796,5064,5037,0,27,0,0,3628,3645,1944,5101
"Gainesville, GA",310M200US23580,80594,74517,63643,10874,7180,2224,1470,223,209,0,0,0,14,45,837,1770,3202
"Gettysburg, PA",310M200US23900,49589,45021,40903,4118,3249,567,302,237,179,0,22,36,0,114,1954,447,1816
"Glens Falls, NY",310M200US24020,58721,52869,47077,5792,4854,660,278,323,246,0,58,19,0,185,1978,550,2816
"Goldsboro, NC",310M200US24140,52570,50060,42870,7190,5141,904,1145,251,242,0,9,0,0,103,648,359,1149
"Grand Forks, ND-MN",310M200US24220,53151,47175,42846,4329,3473,565,291,537,478,39,0,0,20,376,2204,540,2319
"Grand Island, NE",310M200US24260,42252,38703,34052,4651,3392,564,695,368,350,0,18,0,0,201,853,280,1847
"Grand Junction, CO",310M200US24300,66035,58566,51937,6629,5046,852,731,256,256,0,0,0,0,972,1866,1036,3339
"Grand Rapids-Wyoming, MI",310M200US24340,467882,427591,386310,41281,31851,5801,3629,6605,6561,0,14,12,18,2191,9451,3661,18383
"Grants Pass, OR",310M200US24420,27682,24716,22594,2122,1741,250,131,100,79,0,0,11,10,203,580,342,1741
"Great Falls, MT",310M200US24500,38993,35407,31023,4384,3615,517,252,355,355,0,0,0,0,201,1492,277,1261
"Greeley, CO",310M200US24540,123784,111725,97731,13994,10132,1799,2063,765,744,3,5,0,13,740,2766,1533,6255
"Green Bay, WI",310M200US24580,154776,141006,128500,12506,9863,1722,921,1076,1045,2,20,0,9,573,3922,1894,6305
"Greensboro-High Point, NC",310M200US24660,325271,301637,270218,31419,23247,4993,3179,3246,3067,83,40,36,20,473,4775,2586,12554
"Greenville, NC",310M200US24780,79120,73416,65630,7786,5745,1040,1001,826,826,0,0,0,0,294,1866,577,2141
"Greenville-Anderson-Mauldin, SC",310M200US24860,365354,340995,310220,30775,23826,4157,2792,1651,1438,0,59,64,90,510,6798,3698,11702
"Guayama, PR",310M200US25020,18217,16988,14958,2030,1643,267,120,266,103,163,0,0,0,40,517,211,195
"Gulfport-Biloxi-Pascagoula, MS",310M200US25060,163206,152087,134284,17803,13339,2284,2180,1110,1081,0,16,0,13,310,4615,1885,3199
"Hagerstown-Martinsburg, MD-WV",310M200US25180,114184,105586,93956,11630,9267,1331,1032,1332,692,0,114,511,15,126,2004,930,4206
"Hammond, LA",310M200US25220,51298,47143,40634,6509,4778,893,838,268,268,0,0,0,0,162,686,1460,1579
"Hanford-Corcoran, CA",310M200US25260,53699,48931,40884,8047,4691,1278,2078,772,707,15,0,31,19,184,1451,704,1657
"Harrisburg-Carlisle, PA",310M200US25420,270172,244634,219925,24709,19890,3022,1797,4104,3859,5,157,73,10,720,9342,1959,9413
"Harrisonburg, VA",310M200US25500,59638,52214,47109,5105,3969,561,575,822,811,0,0,11,0,437,3012,494,2659
"Hartford-West Hartford-East Hartford, CT",310M200US25540,590061,526519,480105,46414,37441,4972,4001,18479,17588,41,287,529,34,1397,16067,5859,21740
"Hattiesburg, MS",310M200US25620,62608,57257,51456,5801,4280,916,605,243,223,0,9,0,11,412,1273,2260,1163
"Hickory-Lenoir-Morganton, NC",310M200US25860,153169,144905,131231,13674,10951,1642,1081,209,196,8,5,0,0,168,1560,1382,4945
"Hilton Head Island-Bluffton-Beaufort, SC",310M200US25940,84939,74759,64134,10625,7353,2123,1149,351,273,0,12,23,43,665,2133,1812,5219
"Hinesville, GA",310M200US25980,34314,31397,28381,3016,2566,240,210,104,104,0,0,0,0,103,1063,966,681
"Homosassa Springs, FL",310M200US26140,42893,39213,35530,3683,3255,326,102,69,54,0,0,0,15,174,459,684,2294
"Hot Springs, AR",310M200US26300,38089,35151,29719,5432,4534,603,295,164,164,0,0,0,0,151,524,368,1731
"Houma-Thibodaux, LA",310M200US26380,89608,82398,71952,10446,7566,1620,1260,338,323,0,0,0,15,224,1326,3499,1823
"Houston-The Woodlands-Sugar Land, TX",310M200US26420,2864748,2606339,2289715,316624,235620,46976,34028,68348,66328,651,687,621,61,9064,38625,44124,98248
"Huntington-Ashland, WV-KY-OH",310M200US26580,141117,132790,120696,12094,10055,1301,738,633,576,34,8,15,0,182,3054,1413,3045
"Huntsville, AL",310M200US26620,197012,185944,170893,15051,12286,1625,1140,691,625,0,66,0,0,208,2066,2377,5726
"Idaho Falls, ID",310M200US26820,58050,52412,45249,7163,5044,842,1277,1374,1374,0,0,0,0,378,1115,612,2159
"Indianapolis-Carmel-Anderson, IN",310M200US26900,900687,833210,754540,78670,64143,8564,5963,9531,9140,170,83,104,34,2773,14235,7505,33433
"Iowa City, IA",310M200US26980,85803,66515,58433,8082,6395,993,694,4664,4630,34,0,0,0,1855,7634,1470,3665
"Ithaca, NY",310M200US27060,47977,33935,29787,4148,3717,304,127,3132,3102,0,8,22,0,524,7135,334,2917
"Jackson, MI",310M200US27100,64050,59489,52978,6511,5172,798,541,273,273,0,0,0,0,338,1292,522,2136
"Jackson, MS",310M200US27140,246351,233692,210928,22764,17900,2710,2154,792,778,0,0,0,14,172,2488,2727,6480
"Jackson, TN",310M200US27180,54302,49952,46169,3783,2900,593,290,440,400,0,0,22,18,104,656,832,2318
"Jacksonville, FL",310M200US27260,619957,562685,502618,60067,48241,8069,3757,7353,7230,14,76,7,26,3427,7482,8476,30534
"Jacksonville, NC",310M200US27340,88290,76701,64856,11845,9074,1664,1107,320,317,0,3,0,0,253,4606,1036,5374
"Janesville-Beloit, WI",310M200US27500,73689,67579,60129,7450,6026,919,505,459,389,0,40,30,0,199,1676,634,3142
"Jefferson City, MO",310M200US27620,68637,64301,56008,8293,6456,1090,747,114,114,0,0,0,0,92,1053,823,2254
"Johnson City, TN",310M200US27740,85473,78965,72677,6288,5347,653,288,409,376,0,0,0,33,219,1111,1304,3465
"Johnstown, PA",310M200US27780,57694,52894,47843,5051,3910,646,495,689,683,3,3,0,0,28,1815,851,1417
"Jonesboro, AR",310M200US27860,52890,49421,44540,4881,3646,703,532,104,104,0,0,0,0,39,734,603,1989
"Joplin, MO",310M200US27900,79198,73357,65508,7849,6327,984,538,208,158,37,13,0,0,179,1274,1062,3118
"Kahului-Wailuku-Lahaina, HI",310M200US27980,77090,65007,54331,10676,7652,1612,1412,1897,1796,8,8,10,75,768,2935,1578,4905
"Kalamazoo-Portage, MI",310M200US28020,148946,135328,123432,11896,9563,1373,960,1800,1666,66,40,28,0,624,3953,1512,5729
"Kankakee, IL",310M200US28100,48630,44126,40028,4098,2943,545,610,719,383,0,44,292,0,183,1379,695,1528
"Kansas City, MO-KS",310M200US28140,986147,908667,821263,87404,70632,9779,6993,11517,11207,95,101,38,76,1916,12825,9284,41938
"Kennewick-Richland, WA",310M200US28420,115097,106099,92160,13939,8000,2599,3340,1344,1297,47,0,0,0,331,2305,871,4147
"Killeen-Temple, TX",310M200US28660,182835,167455,146784,20671,16822,2586,1263,435,410,23,0,0,2,330,6623,2649,5343
"Kingsport-Bristol-Bristol, TN-VA",310M200US28700,125326,118853,109032,9821,7832,1090,899,435,435,0,0,0,0,171,1259,1066,3542
"Kingston, NY",310M200US28740,83370,70909,64193,6716,5309,788,619,1946,922,19,461,530,14,390,3679,820,5626
"Knoxville, TN",310M200US28940,367691,344864,313051,31813,24398,4892,2523,2047,1978,7,0,51,11,533,4371,2573,13303
"Kokomo, IN",310M200US29020,34378,32197,29290,2907,2286,413,208,138,68,70,0,0,0,144,460,470,969
"La Crosse-Onalaska, WI-MN",310M200US29100,70628,62282,56506,5776,4472,644,660,693,676,17,0,0,0,1204,3118,594,2737
"Lafayette, LA",310M200US29180,214281,200954,176605,24349,17875,3215,3259,1023,1012,0,0,0,11,783,3379,3320,4822
"Lafayette-West Lafayette, IN",310M200US29200,95197,82204,72695,9509,7698,982,829,2548,2494,18,19,17,0,1017,4997,990,3441
"Lake Charles, LA",310M200US29340,85970,81867,73279,8588,6743,1051,794,223,223,0,0,0,0,192,1084,1050,1554
"Lake Havasu City-Kingman, AZ",310M200US29420,66139,60880,51617,9263,7056,1437,770,235,209,0,0,26,0,168,1461,1375,2020
"Lakeland-Winter Haven, FL",310M200US29460,236739,218914,192815,26099,20036,3617,2446,1109,1041,34,0,34,0,644,3116,4041,8915
"Lancaster, PA",310M200US29540,251413,222409,199294,23115,14851,4094,4170,3229,2502,10,61,618,38,1772,8699,3169,12135
"Lansing-East Lansing, MI",310M200US29620,212936,187600,169398,18202,14259,2622,1321,4744,4706,0,13,12,13,2787,8140,1242,8423
"Laredo, TX",310M200US29700,94835,87972,74068,13904,10511,1797,1596,1138,1138,0,0,0,0,29,1490,680,3526
"Las Cruces, NM",310M200US29740,88265,80725,72152,8573,5887,1245,1441,382,364,0,0,18,0,581,2274,597,3706
"Las Vegas-Henderson-Paradise, NV",310M200US29820,893489,796572,701677,94895,76311,12347,6237,35451,35104,47,163,107,30,3837,15478,15148,27003
"Lawrence, KS",310M200US29940,59594,51808,45545,6263,4656,1025,582,1179,1179,0,0,0,0,621,3167,479,2340
"Lawton, OK",310M200US30020,59825,50970,44141,6829,5409,941,479,509,468,10,0,31,0,69,2244,1665,4368
"Lebanon, PA",310M200US30140,63075,57520,51287,6233,4941,679,613,292,264,0,17,1,10,279,2327,430,2227
"Lewiston, ID-WA",310M200US30300,27362,24571,22007,2564,2056,244,264,152,148,4,0,0,0,134,883,387,1235
"Lewiston-Auburn, ME",310M200US30340,50209,45567,38753,6814,5710,610,494,160,145,0,0,15,0,154,1933,711,1684
"Lexington-Fayette, KY",310M200US30460,235172,211911,188142,23769,19729,2653,1387,3019,2984,20,15,0,0,1480,7656,1607,9499
"Lima, OH",310M200US30620,45345,43136,39264,3872,2949,732,191,161,161,0,0,0,0,134,709,316,889
"Lincoln, NE",310M200US30700,163687,147955,132428,15527,11860,2269,1398,1905,1832,21,37,8,7,2410,4348,1139,5930
"Little Rock-North Little Rock-Conway, AR",310M200US30780,330670,311861,279660,32201,24976,4226,2999,1963,1935,10,0,12,6,317,4059,3134,9336
"Logan, UT-ID",310M200US30860,58007,50493,44030,6463,4636,890,937,991,991,0,0,0,0,934,2404,746,2439
"Longview, TX",310M200US30980,91774,86239,77180,9059,6946,1330,783,336,306,0,30,0,0,97,1371,1117,2614
"Longview, WA",310M200US31020,38619,35581,30561,5020,3729,647,644,64,64,0,0,0,0,226,648,624,1476
"Los Angeles-Long Beach-Anaheim, CA",310M200US31080,5883263,4952660,4349521,603139,469032,81192,52915,350435,310555,3011,22214,14073,582,53346,155298,73515,298009
"Louisville/Jefferson County, KY-IN",310M200US31140,579052,534041,482278,51763,40962,6408,4393,10633,10571,21,27,0,14,1397,9209,5502,18270
"Lubbock, TX",310M200US31180,141890,131654,115997,15657,12363,2300,994,1189,1154,4,0,13,18,566,2786,1234,4461
"Lynchburg, VA",310M200US31340,113985,104256,93034,11222,9256,1242,724,1711,1647,0,42,22,0,129,2479,1596,3814
"Macon, GA",310M200US31420,87764,82238,74096,8142,6439,1039,664,631,631,0,0,0,0,101,1365,1491,1938
"Madera, CA",310M200US31460,42533,38026,32282,5744,3566,615,1563,84,84,0,0,0,0,230,1000,865,2328
"Madison, WI",310M200US31540,336571,278056,248854,29202,23142,3966,2094,14234,14163,0,65,2,4,8510,17651,2850,15270
"Manchester-Nashua, NH",310M200US31700,208667,188265,170898,17367,14099,2221,1047,1957,1573,89,65,213,17,247,4190,1540,12468
"Manhattan, KS",310M200US31740,50415,41404,37128,4276,3225,577,474,84,84,0,0,0,0,539,3603,372,4413
"Mankato-North Mankato, MN",310M200US31860,53393,47145,42872,4273,3587,501,185,412,392,0,0,2,18,376,2104,287,3069
"Mansfield, OH",310M200US31900,49219,46012,41876,4136,3556,268,312,355,343,0,0,12,0,93,1018,253,1488
"Mayagüez, PR",310M200US32420,25458,23218,20775,2443,2003,328,112,348,55,293,0,0,0,104,1038,124,626
"McAllen-Edinburg-Mission, TX",310M200US32580,285509,256459,226183,30276,22762,4952,2562,685,594,25,3,57,6,389,3526,12077,12373
"Medford, OR",310M200US32780,84039,71428,64599,6829,5710,518,601,1226,1190,0,21,6,9,1167,3068,1169,5981
"Memphis, TN-MS-AR",310M200US32820,586602,549718,491348,58370,46592,7822,3956,6833,6665,86,0,50,32,848,7316,5987,15900
"Merced, CA",310M200US32900,92426,83236,72054,11182,7851,1784,1547,414,395,10,0,9,0,394,2098,2844,3440
"Miami-Fort Lauderdale-West Palm Beach, FL",310M200US33100,2591760,2274906,2028018,246888,186506,35842,24540,98819,87585,532,6237,4364,101,15326,46561,34580,121568
"Michigan City-La Porte, IN",310M200US33140,45875,43074,39578,3496,3086,272,138,451,260,0,13,178,0,109,631,350,1260
"Midland, MI",310M200US33220,36365,33913,31266,2647,2225,268,154,240,240,0,0,0,0,209,518,289,1196
"Midland, TX",310M200US33260,74969,70599,63096,7503,5059,1205,1239,183,135,0,0,0,48,81,636,1303,2167
"Milwaukee-Waukesha-West Allis, WI",310M200US33340,748596,664778,600528,64250,51870,7519,4861,27427,26916,86,92,300,33,3899,20952,5541,25999
"Minneapolis-St. Paul-Bloomington, MN-WI",310M200US33460,1777066,1537344,1388893,148451,118777,17063,12611,81800,76543,680,2006,2458,113,15579,40849,14666,86828
"Missoula, MT",310M200US33540,56422,46426,40589,5837,4781,626,430,1055,1025,0,30,0,0,2243,3013,503,3182
"Mobile, AL",310M200US33660,167645,158265,142845,15420,10969,2542,1909,980,932,0,0,0,48,86,1558,1209,5547
"Modesto, CA",310M200US33700,199368,182477,159494,22983,16805,3569,2609,1882,1508,0,52,299,23,1185,3599,1940,8285
"Monroe, LA",310M200US33740,72084,68460,62665,5795,4481,858,456,808,780,0,28,0,0,91,610,787,1328
"Monroe, MI",310M200US33780,65710,61741,57071,4670,3490,825,355,782,770,0,9,3,0,148,699,469,1871
"Montgomery, AL",310M200US33860,159399,151616,136600,15016,12239,1931,846,923,885,4,34,0,0,134,1611,1245,3870
"Morgantown, WV",310M200US34060,61335,54075,47684,6391,5339,638,414,775,640,6,124,5,0,180,3374,392,2539
"Morristown, TN",310M200US34100,46415,43979,38545,5434,4436,607,391,74,74,0,0,0,0,16,444,860,1042
"Mount Vernon-Anacortes, WA",310M200US34580,50058,44673,39685,4988,3805,638,545,538,466,0,0,10,62,348,1291,651,2557
"Muncie, IN",310M200US34620,49767,44310,40080,4230,3427,532,271,804,804,0,0,0,0,467,2396,281,1509
"Muskegon, MI",310M200US34740,66943,62772,56438,6334,5208,629,497,249,225,0,19,0,5,263,793,482,2384
"Myrtle Beach-Conway-North Myrtle Beach, SC-NC",310M200US34820,166047,153872,136492,17380,14172,1689,1519,469,327,0,0,0,142,921,2416,2565,5804
"Napa, CA",310M200US34900,65991,58010,50336,7674,5621,1082,971,657,495,0,29,0,133,478,2742,411,3693
"Naples-Immokalee-Marco Island, FL",310M200US34940,133282,113448,98509,14939,10458,2639,1842,3657,3557,0,53,47,0,1463,2309,3020,9385
"Nashville-Davidson--Murfreesboro--Franklin, TN",310M200US34980,821559,754577,674334,80243,62664,10965,6614,9431,8600,90,130,564,47,1595,10927,7346,37683
"New Bern, NC",310M200US35100,54354,49590,42428,7162,5168,1176,818,156,130,10,16,0,0,121,1473,1150,1864
"New Haven-Milford, CT",310M200US35300,408870,357361,324161,33200,26152,4304,2744,16927,12221,98,342,4216,50,2170,14729,3100,14583
"New Orleans-Metairie, LA",310M200US35380,552301,493909,435785,58124,44511,7784,5829,15590,14283,960,86,36,225,5858,13763,9289,13892
"New York-Newark-Jersey City, NY-NJ-PA",310M200US35620,9167779,5261079,4640137,620942,459221,85971,75750,2788081,730527,15015,1691850,331819,18870,51832,552114,140906,373767
"Niles-Benton Harbor, MI",310M200US35660,66615,60791,54958,5833,4888,469,476,328,198,13,30,72,15,262,1745,555,2934
"North Port-Sarasota-Bradenton, FL",310M200US35840,284284,255741,231164,24577,18543,3188,2846,2117,2066,0,19,5,27,2484,3986,3685,16271
"Norwich-New London, CT",310M200US35980,137534,121559,108930,12629,10051,1328,1250,2773,2099,12,89,370,203,323,5587,1346,5946
"Ocala, FL",310M200US36100,113803,103270,91118,12152,10125,1189,838,328,245,0,9,16,58,380,1645,1953,6227
"Ocean City, NJ",310M200US36140,42553,36198,32960,3238,2766,233,239,681,556,13,40,72,0,1139,2305,500,1730
"Odessa, TX",310M200US36220,66280,63218,53408,9810,6954,1179,1677,408,325,17,28,38,0,183,668,310,1493
"Ogden-Clearfield, UT",310M200US36260,276175,250191,219333,30858,22806,4126,3926,5948,4165,48,266,1449,20,1021,4000,3136,11879
"Oklahoma City, OK",310M200US36420,607211,566415,504117,62298,48341,8282,5675,2762,2659,36,24,30,13,2030,9630,6101,20273
"Olympia-Tumwater, WA",310M200US36500,118691,105478,92637,12841,9653,1642,1546,2207,2073,0,10,111,13,1432,2899,1397,5278
"Omaha-Council Bluffs, NE-IA",310M200US36540,451681,419480,377820,41660,33079,5171,3410,4092,4042,9,18,5,18,860,8205,3517,15527
"Orlando-Kissimmee-Sanford, FL",310M200US36740,1016849,918848,822237,96611,77451,11344,7816,19285,18922,43,143,157,20,4977,11043,14496,48200
"Oshkosh-Neenah, WI",310M200US36780,84095,77471,71278,6193,4776,887,530,816,802,0,14,0,0,776,1912,553,2567
"Owensboro, KY",310M200US36980,49906,47121,43174,3947,2911,619,417,191,169,20,0,0,2,81,1115,305,1093
"Oxnard-Thousand Oaks-Ventura, CA",310M200US37100,386259,345040,295630,49410,35218,7786,6406,5521,3979,45,143,1242,112,2593,7555,3793,21757
"Palm Bay-Melbourne-Titusville, FL",310M200US37340,223352,203251,183621,19630,16122,2247,1261,1310,1233,30,36,11,0,1597,2547,3975,10672
"Panama City, FL",310M200US37460,82726,77096,68376,8720,7083,1161,476,499,499,0,0,0,0,529,1454,965,2183
"Parkersburg-Vienna, WV",310M200US37620,38484,36371,32223,4148,3591,355,202,211,207,0,0,4,0,90,688,278,846
"Pensacola-Ferry Pass-Brent, FL",310M200US37860,202198,179286,158888,20398,15939,3381,1078,923,897,0,26,0,0,672,3252,2495,15570
"Peoria, IL",310M200US37900,173232,161190,146496,14694,11579,1940,1175,2096,2072,0,18,6,0,487,3447,1257,4755
"Philadelphia-Camden-Wilmington, PA-NJ-DE-MD",310M200US37980,2772900,2252955,2035504,217451,172738,25995,18718,265732,153154,3770,45670,62968,170,16950,103300,21999,111964
"Phoenix-Mesa-Scottsdale, AZ",310M200US38060,1870183,1644583,1432783,211800,165935,27091,18774,40671,37698,1338,759,831,45,15312,27724,32258,109635
"Pine Bluff, AR",310M200US38220,35142,32992,29506,3486,2470,688,328,150,128,22,0,0,0,0,477,753,770
"Pittsburgh, PA",310M200US38300,1108443,955701,858538,97163,80477,10217,6469,59538,53718,3614,2016,97,93,3495,37914,9909,41886
"Pittsfield, MA",310M200US38340,60737,53134,48171,4963,3993,513,457,772,608,43,64,57,0,325,3273,444,2789
"Pocatello, ID",310M200US38540,36629,32266,28399,3867,2827,557,483,891,891,0,0,0,0,320,1444,422,1286
"Ponce, PR",310M200US38660,85469,78564,71476,7088,5395,834,859,743,160,562,21,0,0,360,2852,905,2045
"Portland-South Portland, ME",310M200US38860,265829,232750,207436,25314,21149,2287,1878,2742,2191,18,61,119,353,1914,10304,2753,15366
"Portland-Vancouver-Hillsboro, OR-WA",310M200US38900,1074181,865024,760220,104804,85740,12430,6634,67006,50620,7761,6046,2574,5,24954,37088,10798,69311
"Port St. Lucie, FL",310M200US38940,166381,149621,130663,18958,13919,2817,2222,793,514,82,41,156,0,868,1912,2864,10323
"Prescott, AZ",310M200US39140,79267,69119,58869,10250,8170,1391,689,150,104,0,46,0,0,770,2393,1095,5740
"Providence-Warwick, RI-MA",310M200US39300,760076,679564,615079,64485,49209,8584,6692,20616,13276,99,833,6312,96,2900,24509,7289,25198
"Provo-Orem, UT",310M200US39340,231465,198862,169292,29570,22560,3920,3090,3830,2707,18,329,776,0,2803,9541,2499,13930
"Pueblo, CO",310M200US39380,64429,59223,51327,7896,5737,1211,948,680,668,0,12,0,0,352,1671,538,1965
"Punta Gorda, FL",310M200US39460,53037,46210,41284,4926,3909,671,346,206,206,0,0,0,0,470,533,2254,3364
"Racine, WI",310M200US39540,89005,81935,74579,7356,5944,941,471,1285,1216,0,0,69,0,305,1615,1080,2785
"Raleigh, NC",310M200US39580,579346,521306,467567,53739,41377,6999,5363,5825,5610,116,59,40,0,1339,7514,6572,36790
"Rapid City, SD",310M200US39660,69816,63780,56932,6848,5127,1222,499,332,312,20,0,0,0,277,2001,532,2894
"Reading, PA",310M200US39740,192172,173548,153938,19610,15072,2726,1812,3546,3348,82,40,76,0,334,5848,2134,6762
"Redding, CA",310M200US39820,66123,59422,54018,5404,4114,824,466,483,395,76,0,12,0,505,1360,617,3736
"Reno, NV",310M200US39900,200883,178348,156681,21667,16433,3043,2191,4223,4143,11,11,23,35,1373,5169,3271,8499
"Richmond, VA",310M200US40060,587512,533809,480750,53059,41317,6493,5249,9820,9387,0,180,246,7,2609,9028,5916,26330
"Riverside-San Bernardino-Ontario, CA",310M200US40140,1673427,1518624,1287217,231407,173870,32472,25065,25917,18710,289,659,6190,69,6762,27287,18852,75985
"Roanoke, VA",310M200US40220,144387,133240,120396,12844,10779,1384,681,1694,1602,0,41,9,42,307,2787,1431,4928
"Rochester, MN",310M200US40340,109870,95245,83368,11877,9684,1268,925,4341,4287,0,47,0,7,654,3489,945,5196
"Rochester, NY",310M200US40380,502324,449406,410905,38501,31813,4061,2627,10522,10330,26,149,8,9,2586,17988,3940,17882
"Rockford, IL",310M200US40420,152095,141652,127921,13731,11050,1570,1111,1638,1383,9,36,210,0,444,1782,1153,5426
"Rocky Mount, NC",310M200US40580,60535,56771,50598,6173,4955,738,480,337,324,0,13,0,0,38,959,738,1692
"Rome, GA",310M200US40660,38202,35221,31433,3788,2950,452,386,156,123,0,33,0,0,212,1111,492,1010
"Sacramento--Roseville--Arden-Arcade, CA",310M200US40900,925846,801942,698619,103323,81566,13490,8267,24314,17527,1892,2433,2447,15,17314,19690,10526,52060
"Saginaw, MI",310M200US40980,78853,73700,67243,6457,4878,1034,545,379,379,0,0,0,0,349,1559,304,2562
"St. Cloud, MN",310M200US41060,99137,86882,78500,8382,6247,1230,905,1259,1249,0,4,6,0,507,3640,581,6268
"St. George, UT",310M200US41100,54169,48823,42842,5981,4823,761,397,181,152,14,0,15,0,368,1457,758,2582
"St. Joseph, MO-KS",310M200US41140,57270,53407,47448,5959,4883,792,284,596,590,0,0,6,0,39,1062,623,1543
"St. Louis, MO-IL",310M200US41180,1318320,1195076,1093596,101480,82561,11506,7413,34179,27902,585,4626,982,84,3321,23359,10691,51694
"Salem, OR",310M200US41420,162149,142390,119216,23174,17109,3371,2694,2299,2227,38,0,34,0,1868,6369,1670,7553
"Salinas, CA",310M200US41500,177092,147547,125613,21934,15698,3466,2770,3267,3221,14,5,27,0,1241,5476,10969,8592
"Salisbury, MD-DE",310M200US41540,163533,148259,134631,13628,10548,1659,1421,1883,1656,2,135,81,9,536,3686,2487,6682
"Salt Lake City, UT",310M200US41620,538985,473853,408242,65611,49237,9244,7130,18943,13148,2203,1419,2173,0,4302,11266,5966,24655
"San Angelo, TX",310M200US41660,53726,47979,42267,5712,4041,930,741,106,102,0,0,0,4,83,3068,643,1847
"San Antonio-New Braunfels, TX",310M200US41700,1009127,913796,800446,113350,85920,17207,10223,22441,22127,180,7,58,69,1980,18044,11236,41630
"San Diego-Carlsbad, CA",310M200US41740,1463835,1255518,1114217,141301,111411,18219,11671,43580,36555,2753,360,3629,283,10518,41220,17668,95331
"San Francisco-Oakland-Hayward, CA",310M200US41860,2137250,1509289,1294249,215040,159013,37023,19004,331239,162128,11915,130100,21742,5354,40583,94088,31566,130485
"San Germán, PR",310M200US41900,31274,29146,27879,1267,955,95,217,176,35,141,0,0,0,38,663,98,1153
"San Jose-Sunnyvale-Santa Clara, CA",310M200US41940,891659,775102,681835,93267,73441,12997,6829,31679,19447,1264,1451,9494,23,15701,17146,10762,41269
"San Juan-Carolina-Caguas, PR",310M200US41980,713031,630703,559205,71498,56539,9778,5181,25590,12009,7988,5265,100,228,1306,23523,16556,15353
"San Luis Obispo-Paso Robles-Arroyo Grande, CA",310M200US42020,121145,103111,90270,12841,9129,2100,1612,1507,1418,0,11,63,15,2539,4832,1080,8076
"Santa Cruz-Watsonville, CA",310M200US42100,126431,100760,88913,11847,8934,1794,1119,3443,3339,0,51,53,0,4455,5416,3501,8856
"Santa Fe, NM",310M200US42140,68836,58877,50776,8101,6520,949,632,756,626,15,0,108,7,701,1690,1082,5730
"Santa Maria-Santa Barbara, CA",310M200US42200,194766,157750,130756,26994,19521,3929,3544,7070,6983,0,21,22,44,8486,8691,2339,10430
"Santa Rosa, CA",310M200US42220,229141,197294,174410,22884,17467,3646,1771,4239,4009,15,114,0,101,2279,7138,2475,15716
"Savannah, GA",310M200US42340,161954,146898,132097,14801,12454,1690,657,2916,2869,30,12,0,5,1195,3393,1975,5577
"Scranton--Wilkes-Barre--Hazleton, PA",310M200US42540,251300,229727,202267,27460,20504,3337,3619,2928,2779,0,77,39,33,482,8791,1676,7696
"Seattle-Tacoma-Bellevue, WA",310M200US42660,1751427,1400476,1222520,177956,139488,20141,18327,152912,141511,437,2840,6697,1427,18902,63487,19840,95810
"Sebastian-Vero Beach, FL",310M200US42680,51606,47415,42539,4876,3479,684,713,169,98,0,0,71,0,267,619,693,2443
"Sebring, FL",310M200US42700,29996,26793,23673,3120,2435,343,342,1068,1061,0,0,7,0,155,604,404,972
"Sheboygan, WI",310M200US43100,57751,53424,48765,4659,3779,633,247,291,281,0,0,10,0,233,1509,454,1840
"Sherman-Denison, TX",310M200US43300,52127,47690,41600,6090,4484,1100,506,176,172,0,0,4,0,74,862,633,2692
"Shreveport-Bossier City, LA",310M200US43340,193756,180625,165288,15337,12131,1898,1308,2343,2343,0,0,0,0,296,3265,3063,4164
"Sierra Vista-Douglas, AZ",310M200US43420,49009,42820,37735,5085,3538,783,764,267,267,0,0,0,0,222,2112,973,2615
"Sioux City, IA-NE-SD",310M200US43580,84115,76519,68294,8225,6107,1418,700,579,579,0,0,0,0,155,1653,1861,3348
"Sioux Falls, SD",310M200US43620,130167,119896,109829,10067,7514,1090,1463,917,892,0,0,22,3,397,2724,1676,4557
"South Bend-Mishawaka, IN-MI",310M200US43780,141430,129001,117338,11663,9454,1437,772,1719,1631,0,37,34,17,811,4318,993,4588
"Spartanburg, SC",310M200US43900,132296,125936,112375,13561,10629,2165,767,395,296,95,4,0,0,103,1908,805,3149
"Spokane-Spokane Valley, WA",310M200US44060,228822,199751,176798,22953,18680,2742,1531,5862,5828,30,0,0,4,1365,6901,2465,12478
"Springfield, IL",310M200US44100,102061,93047,83854,9193,7586,1067,540,1600,1494,0,93,13,0,261,2433,1098,3622
"Springfield, MA",310M200US44140,285106,249178,226435,22743,18487,2499,1757,7232,6851,101,206,73,1,1608,11343,1737,14008
"Springfield, MO",310M200US44180,201130,185282,165411,19871,16009,2443,1419,875,794,8,73,0,0,842,4000,2424,7707
"Springfield, OH",310M200US44220,57085,52972,46883,6089,4737,886,466,458,448,10,0,0,0,177,1586,284,1608
"State College, PA",310M200US44300,72176,57200,49788,7412,6119,803,490,2909,2909,0,0,0,0,1392,6741,744,3190
"Staunton-Waynesboro, VA",310M200US44420,54414,49956,46144,3812,3128,416,268,143,143,0,0,0,0,64,1390,906,1955
"Stockton-Lodi, CA",310M200US44700,266476,242976,203516,39460,26982,6976,5502,3624,2016,27,213,1368,0,1511,5058,2689,10618
"Sumter, SC",310M200US44940,42840,40535,35753,4782,3836,661,285,129,129,0,0,0,0,102,823,483,768
"Syracuse, NY",310M200US45060,298814,264170,239464,24706,21024,2301,1381,6689,6553,51,72,8,5,1141,13729,2636,10449
"Tallahassee, FL",310M200US45220,168941,155043,138960,16083,12966,1853,1264,2550,2532,0,18,0,0,739,3384,1836,5389
"Tampa-St. Petersburg-Clearwater, FL",310M200US45300,1235501,1107068,996943,110125,89451,12990,7684,16766,16376,105,241,24,20,9727,18631,17695,65614
"Terre Haute, IN",310M200US45460,72839,67641,61357,6284,4749,954,581,603,569,0,9,0,25,331,2117,642,1505
"Texarkana, TX-AR",310M200US45500,58905,56298,50063,6235,4763,928,544,225,221,0,0,4,0,54,551,870,907
"The Villages, FL",310M200US45540,21034,17444,15718,1726,1450,214,62,177,160,17,0,0,0,51,322,1362,1678
"Toledo, OH",310M200US45780,270432,250394,229353,21041,16832,2329,1880,2849,2804,14,23,8,0,858,7057,2167,7107
"Topeka, KS",310M200US45820,109391,101927,90102,11825,9680,1363,782,639,636,0,0,3,0,270,2094,924,3537
"Trenton, NJ",310M200US45940,172853,140373,122585,17788,12841,2220,2727,13526,5620,64,523,7259,60,1223,6261,2498,8972
"Tucson, AZ",310M200US46060,414921,358625,317582,41043,31415,5754,3874,10943,10719,138,30,2,54,7432,9872,8351,19698
"Tulsa, OK",310M200US46140,435112,405280,361359,43921,35386,5275,3260,2492,2445,0,9,19,19,911,5714,4769,15946
"Tuscaloosa, AL",310M200US46220,97118,91993,83044,8949,6819,1447,683,568,558,0,10,0,0,373,1407,524,2253
"Tyler, TX",310M200US46340,93342,86513,76985,9528,7042,1434,1052,298,298,0,0,0,0,89,1273,2229,2940
"Urban Honolulu, HI",310M200US46520,480392,378792,308370,70422,52174,11290,6958,40426,40196,72,110,5,43,5628,25162,13749,16635
"Utica-Rome, NY",310M200US46540,130043,117587,106625,10962,8941,1387,634,1321,1267,0,43,2,9,246,5281,1022,4586
"Valdosta, GA",310M200US46660,57915,53373,48053,5320,4027,686,607,196,168,0,28,0,0,333,882,1297,1834
"Vallejo-Fairfield, CA",310M200US46700,183003,164613,139366,25247,16238,5334,3675,4783,2558,28,941,393,863,868,4011,1650,7078
"Victoria, TX",310M200US47020,43067,40482,34932,5550,4126,844,580,332,332,0,0,0,0,53,542,219,1439
"Vineland-Bridgeton, NJ",310M200US47220,60464,55838,49294,6544,4459,1191,894,1131,1096,19,8,8,0,173,1209,1273,840
"Virginia Beach-Norfolk-Newport News, VA-NC",310M200US47260,827474,741300,671509,69791,55369,8820,5602,14834,14000,123,376,180,155,3433,25040,9244,33623
"Visalia-Porterville, CA",310M200US47300,165479,151779,124744,27035,17173,4427,5435,1176,1171,5,0,0,0,868,3324,2897,5435
"Waco, TX",310M200US47380,110997,103791,90407,13384,10381,1925,1078,652,616,12,24,0,0,273,2335,720,3226
"Walla Walla, WA",310M200US47460,27139,22546,19222,3324,2623,311,390,255,255,0,0,0,0,583,2133,296,1326
"Warner Robins, GA",310M200US47580,78736,75213,66861,8352,6556,932,864,100,75,0,0,0,25,75,925,992,1431
"Washington-Arlington-Alexandria, DC-VA-MD-WV",310M200US47900,3071308,2335390,2026519,308871,222087,53836,32948,435136,168388,2019,242132,22482,115,22712,98689,28322,151059
"Waterloo-Cedar Falls, IA",310M200US47940,83462,75269,68921,6348,4993,851,504,283,283,0,0,0,0,439,4254,722,2495
"Watertown-Fort Drum, NY",310M200US48060,53347,46853,40706,6147,5056,678,413,227,209,0,12,0,6,125,3037,704,2401
"Wausau, WI",310M200US48140,68815,62696,56322,6374,5094,703,577,286,279,0,0,0,7,471,1487,771,3104
"Weirton-Steubenville, WV-OH",310M200US48260,50477,46550,42317,4233,3487,387,359,415,349,0,43,23,0,9,1694,373,1436
"Wenatchee, WA",310M200US48300,49066,43295,38488,4807,2946,1114,747,513,472,37,0,0,4,238,1617,1345,2058
"Wheeling, WV-OH",310M200US48540,62026,57652,52384,5268,4281,566,421,521,521,0,0,0,0,79,1989,470,1315
"Wichita, KS",310M200US48620,296357,277337,251927,25410,20142,3169,2099,1283,1216,0,8,26,33,832,4284,2906,9715
"Wichita Falls, TX",310M200US48660,69544,61780,56033,5747,4653,647,447,381,338,12,31,0,0,111,2444,672,4156
"Williamsport, PA",310M200US48700,52779,47912,43253,4659,4019,347,293,794,791,0,0,0,3,226,2058,455,1334
"Wilmington, NC",310M200US48900,122593,109534,96801,12733,10392,1437,904,1014,935,0,5,0,74,993,2239,1779,7034
"Winchester, VA-WV",310M200US49020,60353,56050,48354,7696,6018,984,694,215,200,0,0,0,15,72,1395,557,2064
"Winston-Salem, NC",310M200US49180,281446,261907,237821,24086,19022,2773,2291,1911,1864,0,11,15,21,343,3639,3183,10463
"Worcester, MA-CT",310M200US49340,447119,406176,366534,39642,31624,4828,3190,6508,3230,106,505,2644,23,645,12585,3231,17974
"Yakima, WA",310M200US49420,97871,90577,77322,13255,9482,1814,1959,941,874,25,25,0,17,201,1701,1110,3341
"York-Hanover, PA",310M200US49620,211523,196138,179470,16668,13442,1970,1256,1745,1554,20,23,148,0,579,4043,2087,6931
"Youngstown-Warren-Boardman, OH-PA",310M200US49660,233926,218642,201442,17200,13233,1815,2152,1638,1602,11,25,0,0,255,3936,2339,7116
"Yuba City, CA",310M200US49700,62022,56208,47127,9081,6051,1244,1786,658,658,0,0,0,0,354,1171,817,2814
"Yuma, AZ",310M200US49740,71855,65140,55751,9389,7024,1209,1156,719,689,21,0,9,0,390,2071,1002,2533
