Geographic Area Name,Geography,Total!!Estimate!!Population 16 years and over,In labor force!!Estimate!!Population 16 years and over,Employed!!Estimate!!Population 16 years and over,Unemployment rate!!Estimate!!Population 16 years and over,Total!!Estimate!!AGE!!16 to 19 years,In labor force!!Estimate!!AGE!!16 to 19 years,Employed!!Estimate!!AGE!!16 to 19 years,Unemployment rate!!Estimate!!AGE!!16 to 19 years,Total!!Estimate!!AGE!!20 to 24 years,In labor force!!Estimate!!AGE!!20 to 24 years,Employed!!Estimate!!AGE!!20 to 24 years,Unemployment rate!!Estimate!!AGE!!20 to 24 years,Total!!Estimate!!AGE!!25 to 44 years,In labor force!!Estimate!!AGE!!25 to 44 years,Employed!!Estimate!!AGE!!25 to 44 years,Unemployment rate!!Estimate!!AGE!!25 to 44 years,Total!!Estimate!!AGE!!45 to 54 years,In labor force!!Estimate!!AGE!!45 to 54 years,Employed!!Estimate!!AGE!!45 to 54 years,Unemployment rate!!Estimate!!AGE!!45 to 54 years,Total!!Estimate!!AGE!!55 to 64 years,In labor force!!Estimate!!AGE!!55 to 64 years,Employed!!Estimate!!AGE!!55 to 64 years,Unemployment rate!!Estimate!!AGE!!55 to 64 years,Total!!Estimate!!AGE!!65 to 74 years,In labor force!!Estimate!!AGE!!65 to 74 years,Employed!!Estimate!!AGE!!65 to 74 years,Unemployment rate!!Estimate!!AGE!!65 to 74 years,Total!!Estimate!!AGE!!75 years and over,In labor force!!Estimate!!AGE!!75 years and over,Employed!!Estimate!!AGE!!75 years and over,Unemployment rate!!Estimate!!AGE!!75 years and over,Total!!Estimate!!Population 20 to 64 years,In labor force!!Estimate!!Population 20 to 64 years,Employed!!Estimate!!Population 20 to 64 years,Unemployment rate!!Estimate!!Population 20 to 64 years,Total!!Estimate!!POVERTY STATUS IN THE PAST 12 MONTHS!!Below poverty level,In labor force!!Estimate!!POVERTY STATUS IN THE PAST 12 MONTHS!!Below poverty level,Employed!!Estimate!!POVERTY STATUS IN THE PAST 12 MONTHS!!Below poverty level,Unemployment rate!!Estimate!!POVERTY STATUS IN THE PAST 12 MONTHS!!Below poverty level
"Abilene, TX",310M200US10180,131984,59.3,53.3,6.4,10188,41.2,33.0,18.0,16573,72.8,59.6,10.0,42435,71.9,63.1,6.7,20921,73.3,69.8,4.5,18423,64.1,62.6,2.4,12458,27.2,26.4,3.1,10986,8.2,8.1,1.5,98352,70.9,63.8,6.0,15289,52.3,41.7,19.6
"Aguadilla-Isabela, PR",310M200US10380,265643,40.1,30.0,25.2,19232,14.0,3.9,71.9,22522,47.2,27.0,42.8,84075,67.5,50.7,24.7,44365,54.3,44.1,18.7,41855,25.0,20.6,17.5,32318,5.4,5.1,6.0,21276,1.4,1.4,0.0,192817,52.9,39.9,24.4,97143,42.0,23.4,44.3
"Akron, OH",310M200US10420,570055,65.5,59.1,9.7,41457,46.3,32.4,30.0,53561,79.3,68.2,13.9,169307,85.4,77.8,8.8,104100,82.4,76.1,7.7,96373,66.4,62.2,6.4,56375,25.4,24.0,5.6,48882,5.6,5.2,8.7,423341,79.6,72.6,8.7,59727,57.3,38.2,33.3
"Albany, GA",310M200US10500,121559,58.3,49.3,15.0,9505,38.0,24.4,35.8,12284,69.0,46.8,31.1,39359,76.6,65.3,14.2,20799,73.0,66.0,9.5,19420,55.6,51.6,7.3,11865,18.9,17.2,9.3,8327,4.7,4.6,2.0,91862,70.4,60.1,14.1,20909,50.3,29.6,41.1
"Albany, OR",310M200US10540,93268,58.1,51.5,11.2,5635,38.9,26.5,32.0,7220,74.3,60.3,17.9,29032,77.8,68.2,12.2,15750,76.5,71.3,6.7,16463,58.9,54.6,7.2,10892,17.3,16.5,4.8,8276,4.5,4.1,10.1,68465,72.6,64.8,10.5,12147,48.8,33.9,30.4
"Albany-Schenectady-Troy, NY",310M200US10580,715572,65.9,60.8,7.4,51937,39.7,30.4,23.4,67931,75.4,65.7,11.6,216701,86.7,80.1,7.0,132041,85.2,81.0,4.9,117973,66.6,63.1,5.2,69154,25.2,23.6,6.5,59835,5.8,5.4,6.7,534646,80.5,74.7,6.7,56317,54.1,38.2,29.3
"Albuquerque, NM",310M200US10740,708072,62.5,56.5,9.1,47321,37.3,26.2,29.6,63205,73.0,61.3,14.7,239698,80.5,73.4,8.1,123876,78.4,72.6,7.2,114113,60.8,57.0,6.1,69125,23.6,21.8,7.9,50734,6.3,5.9,7.2,540892,75.0,68.3,8.3,91815,51.0,37.1,27.1
"Alexandria, LA",310M200US10780,120548,54.6,49.6,8.8,8624,30.4,22.3,26.3,10064,65.0,51.2,19.5,39999,71.7,65.1,8.9,21330,70.2,66.5,5.3,18859,51.5,49.2,4.4,12345,21.6,21.1,2.5,9327,7.1,6.9,1.8,90252,66.4,60.6,8.4,15751,45.1,32.8,26.8
"Allentown-Bethlehem-Easton, PA-NJ",310M200US10900,666063,64.7,58.7,9.2,45596,43.4,31.2,28.3,52148,74.5,63.2,15.2,200091,85.2,78.0,8.4,126818,83.6,77.9,6.7,109666,68.3,63.9,6.4,68269,25.7,23.3,9.4,63475,5.4,5.1,5.8,488723,79.9,73.2,8.2,48851,52.8,35.0,33.7
"Altoona, PA",310M200US11020,103318,59.8,55.7,6.7,6431,42.8,35.1,18.1,8239,73.9,63.6,13.9,29173,84.3,78.8,6.4,17985,80.3,76.5,4.7,18138,59.4,56.9,4.3,11930,22.5,22.0,2.5,11422,3.7,3.5,6.8,73535,76.0,71.1,6.4,9751,44.8,34.4,23.1
"Amarillo, TX",310M200US11100,196620,65.6,62.2,5.0,13886,47.0,38.0,19.1,18731,78.5,71.8,8.2,69550,81.1,77.6,4.1,33420,79.4,76.4,3.8,29571,64.6,63.0,2.5,17390,27.1,26.0,4.1,14072,7.4,7.1,3.5,151272,77.2,73.7,4.3,21144,52.7,44.9,14.7
"Ames, IA",310M200US11180,77402,68.1,64.2,5.7,9347,36.6,27.2,25.7,20042,74.7,69.7,6.7,20886,88.2,85.0,3.6,8960,88.4,84.8,3.8,8749,74.4,73.4,1.3,4861,25.1,24.2,3.4,4557,5.5,5.3,4.0,58637,81.6,78.0,4.3,15015,67.1,61.0,9.1
"Anchorage, AK",310M200US11260,301210,71.7,63.5,7.7,21605,44.0,32.6,21.8,32354,82.1,63.4,12.3,112782,83.6,73.7,6.9,55600,82.7,77.2,5.9,46554,68.9,65.1,5.4,21115,32.2,30.5,5.2,11200,8.3,7.9,4.9,247290,80.4,71.5,7.1,18205,52.1,33.4,35.7
"Ann Arbor, MI",310M200US11460,289108,65.5,60.0,8.4,27305,38.2,26.7,30.0,43918,68.1,60.7,10.8,92163,82.4,76.4,7.2,46027,82.5,77.4,6.1,40817,67.8,64.6,4.7,22687,28.4,26.4,6.7,16191,6.1,5.9,3.3,222925,76.9,71.4,7.2,34912,55.0,42.7,22.3
"Anniston-Oxford-Jacksonville, AL",310M200US11500,93690,57.4,49.4,13.5,6264,35.6,17.4,51.0,8759,73.2,56.7,22.3,29129,79.7,68.8,13.1,16155,73.7,66.9,9.1,15563,50.6,47.1,6.6,10116,17.5,16.9,3.4,7704,5.0,4.8,3.1,69606,71.0,62.0,12.3,13750,52.7,34.0,35.3
"Appleton, WI",310M200US11540,178385,71.1,67.9,4.5,12609,53.2,48.0,9.7,13354,83.1,76.7,7.7,60037,89.3,85.7,3.9,36346,87.5,84.4,3.5,27782,71.4,68.1,4.6,15307,20.8,20.1,3.2,12950,4.5,4.5,0.3,137519,84.6,81.0,4.3,10186,60.5,49.0,18.9
"Arecibo, PR",310M200US11640,157489,40.3,33.3,17.3,11432,12.0,3.8,68.6,13675,45.5,28.4,37.6,50468,67.4,57.4,14.8,25980,55.0,47.6,13.4,23382,25.3,22.3,11.8,19357,7.3,7.1,3.4,13195,1.6,1.5,9.0,113505,53.2,44.4,16.5,50086,36.4,22.9,37.2
"Asheville, NC",310M200US11700,357619,59.3,54.3,8.1,19436,41.9,31.1,25.6,25284,78.2,68.0,12.8,106704,83.6,77.3,7.1,59906,77.2,71.5,7.3,62077,60.2,56.7,5.9,46417,20.7,19.6,5.2,37795,4.3,4.1,4.0,253971,75.8,69.9,7.5,40211,52.4,38.4,26.7
"Athens-Clarke County, GA",310M200US12020,160495,58.8,53.6,8.6,17014,27.3,20.0,26.2,28194,56.9,49.5,12.6,51329,78.4,72.8,6.7,22490,77.6,71.9,7.2,20004,61.1,57.7,5.7,12788,25.8,24.3,5.6,8676,5.1,5.0,2.7,122017,70.5,64.8,7.8,34179,46.4,37.3,19.5
"Atlanta-Sandy Springs-Roswell, GA",310M200US12060,4198168,67.6,60.3,10.8,304394,33.1,21.7,34.4,361995,72.8,58.7,19.1,1596862,83.7,75.5,9.6,797261,82.0,75.3,8.1,598420,65.2,59.6,8.5,333290,24.9,23.1,7.4,205946,5.6,5.2,6.3,3354538,78.8,70.8,10.0,451450,57.8,38.1,34.0
"Atlantic City-Hammonton, NJ",310M200US12100,220859,66.4,57.8,12.8,15436,46.0,28.3,38.5,18612,76.0,62.6,17.5,66439,85.3,73.8,13.0,42859,83.3,75.3,9.5,36356,68.2,62.7,8.1,23001,30.5,27.3,10.5,18156,7.2,6.7,7.4,164266,79.9,70.5,11.6,22029,55.0,35.4,35.6
"Auburn-Opelika, AL",310M200US12220,119075,62.1,56.2,8.4,11318,26.3,18.6,29.3,22162,60.6,52.6,12.5,39458,81.5,73.5,7.7,17349,81.0,76.5,5.0,14524,59.6,57.2,4.1,8775,25.1,23.3,7.2,5489,9.2,9.2,0.0,93493,73.1,66.6,7.6,22641,49.1,38.0,22.3
"Augusta-Richmond County, GA-SC",310M200US12260,451862,59.7,51.9,10.5,31451,33.5,20.2,33.6,41117,72.4,52.9,22.1,148884,79.0,68.5,9.6,80382,74.9,68.9,7.3,73142,56.4,53.2,5.7,45663,19.4,18.5,5.0,31223,5.2,4.9,4.7,343525,72.4,63.5,9.8,56767,49.7,32.6,34.1
"Austin-Round Rock, TX",310M200US12420,1426230,70.3,65.3,6.9,98257,33.3,24.7,25.7,145423,71.9,63.8,11.0,596703,85.1,80.0,5.7,238491,83.2,78.6,5.5,185911,68.4,64.1,6.2,97181,28.6,27.1,5.2,64264,7.2,6.8,5.3,1166528,80.4,75.2,6.3,160285,57.6,45.8,20.5
"Bakersfield, CA",310M200US12540,630972,59.0,50.9,13.2,54830,29.6,18.9,35.6,69665,67.9,53.7,20.2,235416,73.2,63.9,12.1,107100,71.9,64.5,10.2,83164,56.6,51.5,9.0,47523,21.6,20.0,7.4,33274,5.6,4.9,12.9,495345,69.4,60.5,12.4,93908,53.1,35.8,32.5
"Baltimore-Columbia-Towson, MD",310M200US12580,2205546,67.8,61.7,8.2,147616,39.5,29.4,23.3,191851,75.0,61.6,15.2,737055,85.7,78.3,7.5,415582,83.5,78.1,6.2,347276,69.3,65.4,5.7,203726,31.1,29.4,5.5,162440,6.8,6.5,5.7,1691764,80.6,73.7,7.7,166946,49.3,31.2,36.6
"Bangor, ME",310M200US12620,127862,62.0,56.9,8.0,9352,43.5,34.1,21.5,13164,75.6,65.4,13.0,36715,81.2,74.3,8.1,23324,77.6,73.4,5.0,21621,64.0,60.9,4.7,12826,23.7,22.6,4.6,10860,4.1,4.0,2.7,94824,75.6,69.8,7.4,16295,48.5,36.8,24.1
"Barnstable Town, MA",310M200US12700,184461,59.8,54.7,7.9,9405,45.6,40.1,12.0,10693,80.7,66.9,15.5,38765,86.0,79.0,7.0,32555,85.4,79.2,7.1,36246,68.7,64.1,6.6,29649,31.2,28.4,8.9,27148,7.5,7.0,7.3,118259,80.0,73.4,7.7,11027,50.8,39.3,22.6
"Baton Rouge, LA",310M200US12940,639548,64.4,59.3,7.8,48365,36.3,27.0,25.7,70897,73.4,63.5,13.2,221736,83.1,77.0,7.1,108455,77.6,74.0,4.5,96116,59.5,56.5,5.1,55695,25.8,24.4,5.3,38284,6.5,6.3,2.3,497204,75.9,70.5,7.1,77092,53.9,40.4,25.0
"Battle Creek, MI",310M200US12980,107262,60.0,52.9,11.6,7666,36.5,25.1,30.8,8568,80.8,63.3,21.5,32712,82.2,72.5,11.5,19079,78.4,71.9,8.0,18248,56.4,52.8,6.4,11264,17.7,16.2,8.6,9725,5.3,5.2,2.5,78607,75.1,66.8,10.9,12590,54.4,34.2,37.2
"Bay City, MI",310M200US13020,86635,59.2,52.9,10.5,5025,44.9,33.0,26.5,6706,84.4,69.3,17.8,24999,82.6,74.5,9.8,15947,80.7,74.0,8.2,15438,50.1,46.6,6.9,10026,17.6,16.1,8.9,8494,3.8,3.6,4.7,63090,74.4,67.0,9.8,9337,50.8,33.5,34.1
"Beaumont-Port Arthur, TX",310M200US13140,318440,57.8,52.3,9.5,22371,36.7,28.4,22.7,28511,71.2,59.3,16.7,105618,73.9,66.8,9.5,56923,73.6,68.6,6.8,49845,56.0,52.9,5.5,30075,21.5,20.3,5.4,25097,4.9,4.6,5.6,240897,69.8,63.5,9.0,36990,50.1,36.3,27.6
"Beckley, WV",310M200US13220,101461,48.1,44.3,7.9,5202,37.5,29.7,20.8,7314,61.6,51.2,16.9,31798,67.3,61.4,8.5,16590,58.9,56.0,4.8,19128,46.9,45.0,3.9,11676,15.1,14.7,2.8,9753,5.0,4.9,1.8,74830,59.6,55.0,7.6,13205,36.0,25.7,28.6
"Bellingham, WA",310M200US13380,167767,63.5,57.7,9.0,12646,40.5,30.3,24.9,22644,75.2,64.8,13.8,50154,81.8,75.0,7.7,26208,80.6,75.8,5.9,26770,65.8,60.9,7.4,17160,23.9,22.6,5.4,12185,4.6,4.5,2.0,125776,76.9,70.3,8.3,21627,56.2,41.5,26.2
"Bend-Redmond, OR",310M200US13460,131138,61.5,54.7,10.9,7518,45.9,33.7,26.6,8481,80.9,71.4,11.8,41488,82.8,74.3,10.0,22477,80.1,72.2,9.8,24128,61.2,54.7,10.5,16515,17.0,15.3,9.9,10531,3.4,3.3,3.6,96574,76.6,68.7,10.2,14168,58.4,39.9,31.4
"Billings, MT",310M200US13740,128928,68.0,64.8,4.5,7765,52.2,44.2,14.7,9900,81.4,75.2,7.1,41478,85.5,81.8,3.8,22871,85.5,82.0,4.0,22272,68.9,66.6,3.4,13237,32.8,32.3,1.8,11405,7.5,7.3,3.3,96521,81.2,77.7,4.1,10938,56.7,46.7,17.7
"Binghamton, NY",310M200US13780,204958,59.8,54.8,8.4,16477,37.1,29.8,19.4,21156,66.0,57.1,13.4,54890,81.8,75.2,8.1,36809,80.5,76.1,5.5,33486,65.5,61.1,6.9,21402,23.5,21.7,7.7,20738,5.0,4.6,6.3,146341,75.5,69.6,7.8,23126,44.7,31.6,29.3
"Birmingham-Hoover, AL",310M200US13820,898111,61.3,55.5,9.3,58130,34.5,25.4,26.5,73073,73.9,60.8,17.7,305210,80.9,73.3,9.1,160174,75.5,70.3,6.7,145623,58.0,54.8,5.5,88010,23.8,22.7,4.5,67891,5.7,5.4,5.0,684080,74.0,67.3,8.9,101806,51.6,34.2,33.8
"Bismarck, ND",310M200US13900,95594,72.0,69.3,3.3,6102,62.8,54.1,13.8,8590,83.6,79.8,3.7,31755,88.9,85.7,3.0,16773,88.5,86.5,2.1,15481,73.0,71.3,2.3,8722,31.5,30.8,2.2,8171,8.4,8.3,1.7,72599,84.8,82.1,2.7,5491,56.3,46.9,16.7
"Blacksburg-Christiansburg-Radford, VA",310M200US13980,153013,57.7,53.7,6.6,17890,28.1,21.7,22.8,27633,56.1,51.1,8.6,41718,81.4,76.3,5.6,21227,79.0,75.1,4.8,20311,63.3,60.9,3.7,14058,24.0,23.2,3.6,10176,7.4,7.4,0.0,110889,71.3,67.0,5.7,26672,44.4,36.2,18.4
"Bloomington, IL",310M200US14010,151339,69.0,64.6,6.2,13467,43.8,35.3,19.4,23276,72.6,66.0,9.1,47863,88.8,84.1,5.1,24595,88.4,84.5,4.2,20818,67.0,64.3,4.0,11543,25.2,24.2,4.1,9777,5.1,5.1,0.6,116552,81.6,77.0,5.5,18621,61.6,51.2,16.9
"Bloomington, IN",310M200US14020,137936,60.8,56.1,7.7,15068,30.8,23.3,24.3,30037,58.3,52.4,10.3,39373,82.0,75.8,7.4,17864,80.9,77.3,4.4,17112,66.6,64.5,3.0,10313,29.4,28.6,3.0,8169,6.7,6.3,5.9,104386,72.5,67.5,6.8,26915,49.6,42.3,14.7
"Bloomsburg-Berwick, PA",310M200US14100,71475,58.5,54.9,6.0,6218,31.3,26.6,14.9,8136,56.1,52.1,7.2,18770,84.2,78.9,6.1,12030,82.3,78.1,5.0,11745,64.8,61.9,4.5,7546,21.0,20.1,4.2,7030,5.4,5.2,4.7,50681,74.7,70.5,5.6,7483,39.1,30.9,21.0
"Boise City, ID",310M200US14260,484177,65.0,59.3,8.5,34601,39.1,28.4,27.5,41056,76.8,66.7,12.9,176135,81.6,75.5,7.0,83551,81.2,75.5,6.9,72378,64.8,60.1,7.1,44950,21.2,19.5,7.9,31506,5.6,5.4,3.2,373120,77.7,71.6,7.7,52597,57.8,44.2,23.6
"Boston-Cambridge-Newton, MA-NH",310M200US14460,3791587,69.2,63.6,7.9,262691,43.8,34.2,22.0,336123,75.2,66.0,12.0,1272571,86.2,80.1,6.9,702682,84.9,79.3,6.6,581064,73.3,68.4,6.7,341472,33.3,31.1,6.5,294984,7.1,6.7,5.4,2892440,82.0,75.9,7.3,274533,51.1,35.3,31.0
"Boulder, CO",310M200US14500,249506,70.1,65.2,6.9,21382,40.7,31.2,23.4,32408,72.0,64.8,9.9,80925,87.8,83.6,4.6,43037,85.1,80.1,5.8,37961,74.0,68.6,7.2,19796,32.0,30.5,4.7,13997,5.4,5.4,0.0,194331,81.9,76.8,6.2,28947,61.5,51.0,17.0
"Bowling Green, KY",310M200US14540,129487,63.0,57.0,9.6,10674,41.6,26.9,35.1,16522,77.4,66.1,14.6,41296,81.9,75.0,8.4,21326,76.7,72.9,5.0,18854,58.1,55.0,5.3,12278,22.5,21.2,5.7,8537,5.5,5.5,0.0,97998,75.4,69.2,8.2,18298,54.0,40.6,24.9
"Bremerton-Silverdale, WA",310M200US14740,205636,62.9,52.2,9.0,13328,39.5,24.8,30.1,20151,82.0,51.6,14.7,62605,80.1,64.1,9.0,36324,79.8,74.4,5.6,36244,62.7,58.8,6.1,22331,22.5,20.5,8.9,14653,4.1,4.0,1.2,155324,76.2,63.6,8.1,15820,49.8,32.9,32.9
"Bridgeport-Stamford-Norwalk, CT",310M200US14860,736025,68.5,61.9,9.6,52563,38.7,28.2,27.2,52937,78.7,65.4,16.8,235475,84.7,77.5,8.4,149979,84.2,77.6,7.9,114796,74.4,68.8,7.5,68211,37.4,34.0,9.2,62064,8.9,8.1,8.8,553187,81.9,74.6,8.8,46952,59.5,38.0,36.1
"Brownsville-Harlingen, TX",310M200US15180,295972,54.8,49.0,10.5,28432,20.8,13.3,35.9,29623,62.6,49.4,21.1,103982,73.8,67.4,8.5,46215,73.2,67.3,7.9,39202,54.8,51.5,6.0,26685,18.3,16.7,8.7,21833,3.6,3.4,5.3,219022,68.8,62.1,9.5,61971,50.2,39.4,21.6
"Brunswick, GA",310M200US15260,89747,60.1,53.1,11.4,5159,42.7,28.2,33.9,7100,71.3,49.7,30.1,26976,81.6,72.6,10.9,16311,75.9,71.2,6.1,15890,57.7,54.2,6.0,10898,24.2,22.5,7.0,7413,6.3,6.3,0.0,66277,73.4,65.4,10.7,11969,53.0,35.1,33.8
"Buffalo-Cheektowaga-Niagara Falls, NY",310M200US15380,926994,63.0,57.9,8.0,62381,44.5,34.6,22.1,83796,76.0,67.4,11.2,273363,83.6,77.2,7.6,169777,80.9,75.9,6.2,154282,63.8,60.2,5.5,93557,24.4,22.7,7.0,89838,6.2,5.8,6.1,681218,77.5,71.8,7.3,89466,48.5,34.4,29.1
"Burlington, NC",310M200US15500,122224,63.0,57.0,9.5,9184,34.2,25.8,24.6,10801,73.4,63.6,13.3,37614,84.5,76.8,9.0,22192,79.7,73.4,7.9,19030,66.4,61.6,7.2,12524,25.7,23.5,8.4,10879,6.3,5.9,6.0,89637,78.1,71.1,8.9,14411,55.6,40.3,27.5
"Burlington-South Burlington, VT",310M200US15540,175862,70.8,66.5,5.8,14824,45.2,37.9,16.0,19826,77.8,68.6,11.8,54442,88.3,83.6,4.9,32164,87.0,83.3,4.0,27864,73.8,71.3,3.4,15090,32.8,32.1,2.2,11652,6.8,6.7,2.3,134296,83.4,78.7,5.3,14620,55.9,42.7,23.4
"California-Lexington Park, MD",310M200US15680,84099,69.3,63.2,5.4,6415,39.8,29.5,24.6,7438,80.7,69.7,10.3,28824,85.4,76.8,4.6,17166,83.5,78.7,3.2,12238,68.2,66.2,2.9,7232,28.7,27.7,3.2,4786,7.1,6.9,3.8,65666,81.2,74.5,4.6,3865,44.8,32.7,26.0
"Canton-Massillon, OH",310M200US15940,324838,62.6,56.6,9.5,21788,44.0,31.9,27.5,24932,79.4,67.6,14.5,93414,84.3,76.1,9.4,58866,81.5,75.7,7.1,57319,64.2,59.9,6.7,36427,24.2,23.1,4.6,32092,5.1,4.8,4.3,234531,78.2,71.2,8.8,32512,56.1,36.8,34.5
"Cape Coral-Fort Myers, FL",310M200US15980,538061,53.6,47.2,11.9,28137,33.9,23.6,30.4,34742,76.3,63.3,17.0,139758,82.0,73.1,10.7,82727,77.6,68.4,11.8,91183,56.0,50.7,9.5,90994,20.0,18.2,9.2,70520,6.0,5.2,13.7,348410,73.6,65.1,11.4,55475,55.6,37.4,32.8
"Cape Girardeau, MO-IL",310M200US16020,78093,61.9,57.1,7.7,5856,45.9,37.4,18.5,9218,74.2,65.3,11.9,22956,83.2,76.3,8.0,12905,76.7,73.6,4.0,12320,62.2,59.3,4.7,7859,22.4,21.4,4.8,6979,5.7,5.5,4.0,57399,75.8,70.3,7.1,10160,53.8,41.4,23.0
"Carbondale-Marion, IL",310M200US16060,104504,57.6,52.5,8.9,7648,28.5,23.3,18.1,15530,63.8,56.6,11.2,31487,78.3,70.2,10.1,15905,75.3,70.1,6.9,15289,58.9,55.7,5.5,10213,21.8,21.4,1.8,8432,3.6,3.5,3.3,78211,71.0,64.7,8.9,19039,51.5,38.9,24.5
"Carson City, NV",310M200US16180,44409,60.4,51.6,14.5,2527,44.0,29.8,32.2,3555,74.4,57.2,23.1,12982,79.3,67.3,14.7,7938,81.0,72.4,10.5,7679,62.2,56.2,9.6,5337,25.8,21.7,15.7,4391,4.8,3.5,26.3,32154,75.1,64.8,13.5,4859,58.3,34.2,41.4
"Casper, WY",310M200US16220,62182,69.8,65.9,5.5,4151,54.6,47.6,12.8,5585,77.2,70.7,7.8,21618,85.1,80.4,5.3,10369,83.6,79.7,4.7,10645,72.5,69.5,4.1,5282,31.4,30.7,2.1,4532,8.8,8.5,4.2,48217,81.1,76.7,5.2,4562,56.3,42.9,23.8
"Cedar Rapids, IA",310M200US16300,205960,69.7,66.1,5.1,14334,52.4,44.5,15.2,17454,84.6,76.8,9.3,67841,88.1,84.3,4.2,37077,86.7,83.1,4.0,32279,72.2,69.8,3.3,19487,25.9,24.8,4.2,17488,6.2,6.1,1.5,154651,84.0,80.1,4.6,13645,61.1,49.0,19.8
"Chambersburg-Waynesboro, PA",310M200US16540,120251,63.3,58.7,7.2,7864,45.9,37.6,18.0,8399,81.6,72.2,11.4,36875,86.3,79.8,7.3,21274,81.9,77.6,5.0,19493,63.6,60.3,5.2,14093,22.9,21.9,4.3,12253,6.4,6.1,4.2,86041,79.6,74.1,6.8,8700,54.1,37.6,30.4
"Champaign-Urbana, IL",310M200US16580,193616,64.5,59.9,7.1,20215,35.8,27.8,22.6,35465,63.0,56.9,9.6,59066,85.5,80.4,5.7,26710,85.6,80.9,5.5,25173,68.5,65.5,4.4,14276,27.8,26.6,4.3,12711,6.7,6.6,1.9,146414,77.1,72.2,6.2,31107,51.7,42.7,17.4
"Charleston, WV",310M200US16620,183264,57.4,53.2,7.3,9861,36.3,25.0,31.0,12790,72.5,61.6,15.0,55360,79.1,73.6,6.8,32298,75.3,71.6,4.7,34494,54.9,52.2,4.9,21017,20.6,20.0,2.5,17444,5.7,5.6,1.6,134942,71.4,66.5,6.7,20924,41.7,31.3,25.0
"Charleston-North Charleston, SC",310M200US16700,554360,66.0,58.4,9.6,35335,38.4,23.9,32.9,53564,75.9,58.3,17.0,198328,85.0,76.6,7.8,95853,79.1,72.7,7.9,84970,61.8,57.2,7.4,52953,23.6,21.8,7.6,33357,6.8,6.3,6.8,432715,78.0,69.7,8.8,60498,57.1,40.0,29.6
"Charlotte-Concord-Gastonia, NC-SC",310M200US16740,1785523,67.5,60.2,10.7,121499,38.9,26.3,32.3,145969,77.0,62.3,19.1,656088,85.1,77.1,9.2,332800,81.4,74.4,8.5,261724,65.1,59.4,8.8,158621,24.6,22.8,7.4,108822,6.0,5.7,6.3,1396581,79.6,71.6,10.0,190241,59.1,38.8,34.4
"Charlottesville, VA",310M200US16820,183205,59.7,56.1,5.5,14618,25.8,20.3,21.5,19404,56.4,50.5,9.9,58135,79.1,74.9,4.4,29906,80.6,76.6,4.7,28504,65.4,62.7,4.1,18344,27.3,26.3,3.7,14294,6.5,6.3,2.6,135949,73.3,69.2,5.0,20255,40.6,33.2,18.2
"Chattanooga, TN-GA",310M200US16860,432930,62.0,56.3,9.1,27944,41.6,32.0,23.0,35870,75.2,62.4,16.6,137724,81.7,74.4,8.8,75949,77.7,72.1,7.0,72471,61.5,58.2,5.4,47210,24.5,22.9,6.8,35762,6.2,5.7,7.7,322014,75.5,68.9,8.6,48131,52.4,35.8,31.7
"Cheyenne, WY",310M200US16940,74330,68.1,61.8,5.1,4726,47.3,35.4,19.4,6930,79.9,60.7,10.2,24809,86.9,78.4,4.9,12910,85.1,81.9,3.3,12259,66.9,65.2,2.4,7176,25.8,25.0,2.9,5520,4.8,4.8,0.0,56908,81.3,74.2,4.6,5409,55.5,43.2,21.9
"Chicago-Naperville-Elgin, IL-IN-WI",310M200US16980,7468164,67.5,60.3,10.5,531539,37.5,24.9,32.2,638185,76.0,62.4,17.1,2673512,84.6,76.5,9.4,1355583,83.3,76.2,8.5,1121144,67.9,62.4,8.1,636129,27.4,25.5,6.8,512072,5.9,5.6,6.2,5788424,80.1,72.2,9.7,707892,55.9,36.4,34.9
"Chico, CA",310M200US17020,181730,56.0,48.6,13.1,13858,32.8,21.4,34.8,26049,69.5,58.4,15.9,49566,77.4,67.8,11.8,27080,72.8,64.5,11.3,29467,54.8,49.3,10.0,19065,20.8,18.8,9.8,16645,6.0,5.4,10.2,132162,69.9,61.2,12.2,30281,51.0,37.3,26.9
"Cincinnati, OH-KY-IN",310M200US17140,1667896,66.3,60.7,8.4,116809,44.3,34.0,23.2,144311,77.6,67.1,13.5,551813,84.0,77.4,7.8,312709,82.1,76.6,6.7,267812,65.1,61.3,5.9,152212,26.5,25.1,5.3,122230,6.2,5.9,4.4,1276645,78.9,72.7,7.8,162225,52.9,36.0,31.9
"Clarksville, TN-KY",310M200US17300,203488,64.3,49.5,10.7,14725,41.9,25.6,31.0,26238,77.7,45.5,17.5,81244,78.1,58.1,10.3,30959,73.9,66.9,6.8,24670,58.1,54.9,5.5,15100,20.8,19.9,4.2,10552,5.1,5.0,2.6,163111,74.2,57.3,9.9,23709,50.1,33.5,29.6
"Cleveland, TN",310M200US17420,94198,59.3,52.6,11.3,6333,41.0,30.4,25.8,8378,75.0,57.4,23.6,29651,81.0,72.7,10.1,16770,76.8,70.5,8.2,14904,52.8,49.4,6.5,10773,16.3,14.8,9.2,7389,6.9,6.5,6.5,69703,73.2,65.3,10.7,12224,57.0,37.6,33.9
"Cleveland-Elyria, OH",310M200US17460,1660319,64.4,58.0,9.9,110993,45.3,32.0,29.4,124965,78.9,65.7,16.7,500069,84.5,76.5,9.4,310948,81.9,75.8,7.4,285768,66.4,61.8,7.0,171636,25.8,24.3,5.6,155940,5.7,5.5,4.3,1221750,79.0,71.8,9.1,168830,53.5,33.5,37.4
"Coeur d'Alene, ID",310M200US17660,112065,62.2,56.1,9.5,7090,46.3,31.7,31.6,8876,80.9,69.5,13.8,34762,82.6,76.1,7.7,19564,80.5,74.6,6.7,19397,61.6,56.0,9.1,13111,18.2,16.3,10.4,9265,4.9,4.8,2.0,82599,77.0,70.3,8.4,10385,57.1,39.5,30.8
"College Station-Bryan, TX",310M200US17780,190854,62.4,57.4,7.9,20010,33.4,24.2,27.7,47268,63.7,58.0,8.8,58424,79.5,73.8,6.8,23512,78.2,73.5,5.9,19693,67.9,65.0,4.2,12242,28.6,27.4,4.2,9705,6.6,6.6,0.3,148897,72.8,67.6,6.9,40546,54.8,45.0,17.9
"Colorado Springs, CO",310M200US17820,517370,68.4,57.2,9.3,37778,45.7,26.5,30.7,54557,81.9,53.2,17.9,181425,83.1,69.5,7.7,93668,82.0,75.6,6.3,77289,66.0,61.5,6.6,43202,27.3,25.0,8.3,29451,5.3,5.1,4.8,406939,79.4,67.2,8.4,45106,57.8,41.9,26.8
"Columbia, MO",310M200US17860,137079,68.9,65.0,5.6,12813,39.6,32.8,17.2,26473,72.8,67.8,6.8,44356,85.8,81.6,4.7,19564,84.1,80.4,4.3,17415,70.1,67.1,4.2,9145,32.8,32.0,2.6,7313,5.9,5.6,4.7,107808,79.8,75.7,5.0,23561,61.3,52.8,13.8
"Columbia, SC",310M200US17900,625942,65.7,57.3,9.9,48891,43.5,24.5,31.6,67618,75.3,58.7,16.1,208383,83.9,73.8,9.1,108301,80.7,74.5,7.3,95949,62.7,58.8,6.1,57460,24.7,23.3,5.8,39340,6.2,6.1,2.4,480251,77.7,68.8,9.1,72201,56.4,38.5,31.6
"Columbus, GA-AL",310M200US17980,241147,62.7,49.9,11.3,19674,43.8,16.6,39.4,24554,74.5,43.5,21.0,84964,80.8,65.1,9.8,40472,74.4,67.4,8.6,34869,57.3,53.4,6.6,20714,23.0,20.9,8.9,15900,5.0,4.8,3.3,184859,74.1,60.5,10.2,28727,51.9,35.3,31.4
"Columbus, IN",310M200US18020,61476,65.5,61.6,5.6,4050,45.7,35.8,21.6,4570,80.9,72.8,8.6,21066,85.8,81.9,4.2,10689,82.4,78.1,4.7,9703,61.7,58.8,4.8,6454,23.9,23.2,2.9,4944,6.6,6.4,3.4,46028,79.4,75.2,4.9,5215,55.7,45.6,18.3
"Columbus, OH",310M200US18140,1523642,67.8,62.6,7.6,104393,41.3,31.1,24.6,139617,76.0,66.6,12.3,559228,84.8,78.9,6.8,273568,81.5,76.9,5.7,226229,65.5,62.0,5.3,127153,25.7,24.6,4.5,93454,6.3,6.2,2.3,1198642,79.4,73.8,6.9,163594,53.3,37.7,29.3
"Corpus Christi, TX",310M200US18580,339131,63.2,58.1,7.2,25515,37.3,27.9,25.1,31326,76.4,65.8,11.6,111968,81.1,74.7,6.6,58724,79.4,75.2,5.0,53148,62.7,59.9,4.4,32927,24.7,23.8,3.9,25523,7.7,7.6,2.0,255166,76.3,70.6,6.5,37729,53.7,42.5,20.8
"Corvallis, OR",310M200US18700,73149,59.4,54.3,8.7,7407,33.4,24.9,25.4,14284,59.1,52.2,11.8,19204,79.8,74.8,6.2,9831,81.3,74.8,8.0,11076,66.7,62.5,6.2,6231,26.9,25.8,4.0,5116,3.5,3.0,14.1,54395,72.0,66.3,7.8,14277,52.7,43.7,17.1
"Crestview-Fort Walton Beach-Destin, FL",310M200US18880,198947,63.4,54.7,8.1,11501,48.5,35.3,20.6,17849,82.0,58.1,13.0,64293,81.3,69.1,7.0,36389,78.4,72.5,6.9,31502,60.8,56.9,6.3,21585,23.0,21.3,7.4,15828,6.5,5.9,10.1,150033,76.4,66.1,7.5,18745,56.1,39.5,29.0
"Cumberland, MD-WV",310M200US19060,85342,52.8,47.3,10.4,6163,35.9,25.1,30.1,8237,68.8,59.0,14.2,24208,71.1,63.6,10.6,14346,73.4,67.1,8.6,13586,54.4,51.2,5.9,10219,16.7,16.1,3.2,8583,3.8,3.6,5.6,60377,67.6,61.0,9.7,9534,46.6,30.7,34.2
"Dallas-Fort Worth-Arlington, TX",310M200US19100,5074617,69.2,63.8,7.6,371652,37.7,28.3,25.0,450374,76.7,66.2,13.5,1972141,83.3,77.8,6.5,939016,82.4,77.6,5.8,698764,68.3,64.2,6.0,384550,29.9,28.1,5.8,258120,6.8,6.6,4.2,4060295,79.8,74.1,7.0,505528,56.3,42.6,24.3
"Dalton, GA",310M200US19140,108120,63.0,55.5,11.8,7934,35.6,23.0,35.4,9817,80.8,66.2,18.0,38250,79.9,70.4,11.7,19561,75.0,69.6,7.2,15596,61.0,55.7,8.8,9849,20.3,19.0,6.3,7113,8.5,8.3,3.3,83224,75.3,67.0,11.0,15347,53.9,35.0,35.0
"Danville, IL",310M200US19180,63364,58.4,51.5,11.9,4172,34.6,26.7,22.9,4847,75.1,57.5,23.4,18796,80.2,71.2,11.1,11181,76.9,67.7,11.9,10907,58.4,55.1,5.7,7285,20.7,19.1,7.7,6176,6.0,5.6,6.0,45731,73.7,65.1,11.6,7796,54.5,32.4,40.6
"Daphne-Fairhope-Foley, AL",310M200US19300,152829,60.0,54.7,8.6,9343,40.9,32.8,19.8,10219,80.7,71.8,11.0,46166,82.0,75.0,8.1,27038,78.9,71.9,8.4,26281,59.8,55.5,7.1,19971,20.3,19.2,5.3,13811,4.7,4.6,1.7,109704,75.8,69.3,8.3,13921,52.4,38.1,27.2
"Davenport-Moline-Rock Island, IA-IL",310M200US19340,302853,64.5,60.0,6.8,19621,46.0,37.4,18.5,23437,78.0,69.7,10.7,94883,85.1,79.3,6.5,53454,83.7,79.3,5.0,51615,65.8,62.2,5.4,32263,22.8,22.2,2.7,27580,4.3,4.2,2.5,223389,79.6,74.3,6.4,26310,53.6,40.0,25.3
"Dayton, OH",310M200US19380,641160,62.4,55.7,9.8,43259,42.4,29.5,30.2,57754,76.0,63.2,14.9,195663,82.1,72.9,9.6,112876,80.2,73.8,7.5,106011,63.2,59.4,6.1,67466,24.5,23.2,5.5,58131,5.7,5.6,2.3,472304,76.7,68.9,9.1,71661,54.0,37.1,31.4
"Decatur, AL",310M200US19460,122016,60.1,53.4,11.0,7592,46.9,31.5,32.8,9504,78.6,63.1,19.8,38744,78.5,70.0,10.6,22993,76.2,70.3,7.6,20107,54.9,51.8,5.6,13602,20.1,18.8,6.4,9474,5.8,5.4,6.2,91348,72.7,65.4,10.0,12751,50.7,31.7,37.4
"Decatur, IL",310M200US19500,87850,63.0,55.4,11.9,5793,50.6,32.6,35.6,7346,80.6,67.0,16.9,25468,84.6,74.1,12.0,15052,79.7,73.0,8.5,15503,65.2,60.7,6.7,9671,24.9,22.7,8.9,9017,4.6,4.4,4.3,63369,78.2,69.7,10.7,10517,62.2,39.0,37.3
"Deltona-Daytona Beach-Ormond Beach, FL",310M200US19660,501323,51.4,46.0,10.5,28548,30.5,22.1,27.6,36536,65.5,54.1,17.0,126506,76.4,69.1,9.4,84195,74.2,68.2,8.0,88642,55.8,50.5,9.5,73895,18.8,16.9,10.2,63001,4.2,3.8,10.1,335879,69.2,62.3,9.8,58187,43.1,29.1,32.4
"Denver-Aurora-Lakewood, CO",310M200US19740,2074181,71.1,65.6,7.5,127840,43.1,32.2,25.1,165230,81.2,71.0,12.1,804600,85.9,80.3,6.3,374234,84.4,79.0,6.3,314518,69.6,65.1,6.5,168630,30.0,28.1,6.4,119129,6.5,6.1,5.4,1658582,82.0,76.2,6.9,178243,57.7,42.7,25.9
"Des Moines-West Des Moines, IA",310M200US19780,454200,72.8,68.6,5.6,30134,54.0,44.6,17.4,36469,85.8,76.4,10.8,170557,88.7,84.5,4.5,81077,87.0,83.3,4.0,67354,71.2,68.3,4.2,38034,29.7,28.3,4.6,30575,7.2,7.0,3.0,355457,84.7,80.3,5.0,35254,59.6,44.9,24.6
"Detroit-Warren-Dearborn, MI",310M200US19820,3408799,62.6,54.7,12.6,233849,41.2,27.6,33.0,272523,77.3,61.3,20.7,1078418,82.5,72.6,11.9,654763,79.4,71.7,9.6,570935,59.1,53.8,9.0,326735,20.6,18.9,8.6,271576,4.7,4.4,7.6,2576639,76.0,67.0,11.7,392537,53.6,31.4,41.3
"Dothan, AL",310M200US20020,116643,58.4,53.0,8.9,7188,33.4,24.7,26.2,8692,76.4,63.5,16.9,36878,80.4,72.1,9.4,20447,73.6,69.0,6.0,19494,55.8,53.4,4.1,13699,21.1,20.3,3.9,10245,6.0,5.8,2.9,85511,72.8,66.2,8.5,13905,48.8,34.2,29.9
"Dover, DE",310M200US20100,130957,64.2,56.3,9.6,9276,35.8,25.2,27.9,13063,79.2,59.8,18.9,41659,84.9,73.5,9.0,23074,81.3,75.8,6.6,19516,63.6,60.4,5.0,14305,22.2,21.2,4.5,10064,7.0,6.3,10.6,97312,79.0,69.6,9.0,11019,53.2,34.9,33.7
"Dubuque, IA",310M200US20220,75499,69.4,66.1,4.7,5663,55.5,47.3,14.7,6656,84.6,78.8,6.8,22432,89.7,85.9,4.1,13543,87.3,83.9,3.9,12396,73.1,71.1,2.6,7463,27.3,26.3,3.5,7346,7.7,7.3,4.6,55027,84.7,81.2,4.1,5702,62.4,50.4,19.2
"Duluth, MN-WI",310M200US20260,229909,62.5,57.5,7.8,16045,49.3,38.8,21.3,22888,78.0,69.5,10.7,64642,84.2,77.4,7.8,39902,82.5,77.6,5.9,41186,61.0,58.0,4.9,23797,19.5,18.8,3.5,21449,3.7,3.5,6.4,168618,77.3,71.6,7.1,27886,56.2,43.9,21.9
"Durham-Chapel Hill, NC",310M200US20500,423279,65.4,59.8,8.5,31683,29.5,21.7,26.6,44309,67.1,57.5,14.0,150175,82.5,76.3,7.4,69722,83.0,76.8,7.4,63474,68.7,64.3,6.4,36774,28.3,27.2,3.6,27142,6.3,6.2,1.2,327680,77.9,71.5,8.0,54317,54.6,40.4,25.8
"East Stroudsburg, PA",310M200US20700,136421,64.0,55.1,13.7,11747,41.6,27.8,32.8,12280,77.8,58.6,24.7,36846,84.7,75.0,11.4,28723,80.2,71.2,11.0,23432,62.2,56.2,9.5,13869,25.8,22.9,11.4,9524,4.2,3.4,19.5,101281,77.4,67.6,12.6,12244,56.8,35.3,37.9
"Eau Claire, WI",310M200US20740,132390,68.3,64.0,6.1,10168,51.5,43.3,15.9,15933,84.2,78.4,6.9,40622,86.4,81.3,5.7,22160,85.0,81.2,4.5,20604,67.3,64.0,5.0,12133,26.8,25.4,5.1,10770,6.0,5.7,6.3,99319,81.8,77.2,5.5,13626,65.8,55.2,16.2
"El Centro, CA",310M200US20940,131820,53.9,43.9,18.1,11288,23.3,12.5,46.3,14544,62.2,39.4,34.9,46571,68.9,57.6,15.9,21958,69.5,60.8,12.4,17638,55.0,47.6,13.5,10648,18.0,16.3,9.2,9173,4.3,4.0,5.4,100711,65.6,53.9,17.3,18558,56.2,33.3,40.7
"Elizabethtown-Fort Knox, KY",310M200US21060,116775,63.9,53.0,9.8,8095,48.7,28.9,30.4,10710,81.6,55.6,14.8,40444,78.5,62.7,11.0,21953,77.0,71.6,4.8,17775,58.8,55.0,6.0,10343,22.6,22.0,2.7,7455,6.3,5.7,9.6,90882,74.7,62.5,8.9,11207,47.5,32.6,30.0
"Elkhart-Goshen, IN",310M200US21140,149333,66.5,60.7,8.7,11219,45.4,35.5,22.0,12628,79.6,69.5,12.6,50738,82.8,75.3,8.9,26415,81.0,76.4,5.6,23012,70.5,66.1,6.2,13555,28.1,25.8,8.3,11766,6.7,6.6,2.0,112793,79.5,73.0,8.1,15782,56.7,38.7,31.8
"Elmira, NY",310M200US21300,71337,57.9,54.3,6.1,4525,37.6,31.5,16.2,5925,67.9,61.3,9.7,21311,75.5,71.0,5.9,13177,76.0,72.5,4.6,12301,61.2,58.3,4.7,7299,22.4,20.9,6.4,6799,4.7,4.6,1.6,52714,71.4,67.3,5.7,7184,48.5,38.3,21.0
"El Paso, TX",310M200US21340,614194,60.4,52.3,9.0,54611,29.6,19.9,29.3,68902,68.4,50.9,15.9,221167,77.6,67.3,7.7,100801,77.2,72.0,5.7,80177,57.6,53.6,6.8,48097,21.0,19.8,5.6,40439,4.4,4.1,7.7,471047,72.8,63.6,8.1,88470,52.2,41.8,19.2
"Erie, PA",310M200US21500,225520,62.0,56.6,8.5,17449,44.6,34.4,22.9,21847,73.1,63.2,13.2,67064,81.4,74.3,8.7,39314,79.0,74.7,5.4,37675,64.4,61.2,5.0,22077,22.2,20.8,6.5,20094,5.4,5.2,4.4,165900,75.9,70.0,7.8,24994,47.5,35.5,25.3
"Eugene, OR",310M200US21660,294200,59.7,53.1,11.1,20290,37.5,26.7,28.7,34513,68.8,59.1,14.1,85386,80.7,71.6,11.2,45587,78.6,71.2,9.4,51033,60.9,56.3,7.5,32412,22.8,21.5,5.6,24979,4.8,4.3,10.6,216519,73.7,65.9,10.5,47538,53.0,38.7,27.1
"Evansville, IN-KY",310M200US21780,249050,64.0,59.5,7.0,15950,43.0,34.8,19.2,21927,75.4,67.7,10.1,77752,84.4,78.1,7.2,44998,79.2,74.8,5.5,42052,65.1,62.1,4.6,25067,25.0,24.1,3.6,21304,5.3,5.3,1.1,186729,77.7,72.5,6.6,25185,53.1,38.6,27.3
"Fairbanks, AK",310M200US21820,76989,73.3,60.4,8.2,5357,49.7,32.8,23.1,11255,82.9,56.8,12.2,29675,84.7,68.7,6.8,12366,83.1,78.7,4.6,11138,64.5,58.7,8.9,4745,33.2,30.5,8.2,2453,9.2,9.2,0.0,64434,80.6,66.8,7.5,4764,57.4,38.0,32.0
"Fargo, ND-MN",310M200US22020,174404,75.0,71.9,3.9,14062,54.7,47.6,13.1,26163,84.0,78.7,6.0,61280,90.4,87.3,3.1,26141,88.0,85.5,2.6,23240,76.9,75.1,2.3,11920,33.2,32.5,1.9,11598,7.7,7.5,2.8,136824,86.4,83.3,3.4,17433,63.9,56.5,11.5
"Farmington, NM",310M200US22140,95589,59.4,53.9,9.0,7144,27.3,21.6,20.3,8948,67.4,56.0,15.7,32653,75.2,67.6,9.8,16687,73.5,67.4,8.0,15158,60.2,58.3,3.1,8453,29.8,29.0,2.7,6546,5.8,5.6,3.9,73446,70.7,64.2,8.9,13325,47.5,33.4,29.7
"Fayetteville, NC",310M200US22180,284054,65.1,47.3,13.1,20827,35.9,19.0,40.4,34728,78.7,41.4,22.9,108778,80.9,55.4,12.6,46046,75.7,66.8,7.9,37264,57.3,52.6,7.7,21521,22.3,20.8,6.5,14890,6.6,6.5,1.5,226816,75.6,55.1,12.1,33712,54.0,34.1,35.7
"Fayetteville-Springdale-Rogers, AR-MO",310M200US22220,369035,64.6,60.5,6.2,28928,33.2,26.8,19.4,37995,73.8,65.9,10.5,136076,82.4,77.6,5.5,60357,78.9,75.2,4.7,49287,64.2,62.0,3.4,32232,24.6,23.6,4.2,24160,5.6,5.5,3.1,283715,77.3,72.8,5.7,42551,53.6,43.0,19.7
"Flagstaff, AZ",310M200US22380,108682,65.4,59.0,9.7,12223,41.0,25.6,37.7,17159,73.3,63.6,13.1,33403,82.1,76.6,6.5,16588,79.1,74.1,6.4,15828,64.4,60.6,6.0,8504,28.7,27.6,3.8,4977,5.9,5.8,1.7,82978,76.3,70.4,7.7,18531,58.8,49.2,16.3
"Flint, MI",310M200US22420,329854,56.7,47.9,15.5,23471,35.4,22.4,36.8,26984,71.0,53.4,24.8,101116,81.4,68.2,16.1,61532,74.0,65.7,11.2,55379,46.9,42.7,9.2,33561,14.5,13.2,9.3,27811,3.4,3.3,4.1,245011,70.6,60.2,14.7,48635,52.0,30.3,41.7
"Florence, SC",310M200US22500,162042,60.0,51.3,14.4,10888,33.1,18.7,43.5,14254,74.2,56.7,23.6,50620,80.4,68.9,14.1,28508,76.7,67.5,11.8,28035,56.2,51.1,8.9,17715,23.3,22.3,4.4,12022,4.7,4.6,2.6,121417,73.2,63.0,13.8,23144,54.4,30.3,44.3
"Florence-Muscle Shoals, AL",310M200US22520,119857,56.1,51.2,8.6,8028,32.8,24.9,24.0,11060,72.5,63.9,12.0,34305,80.1,73.1,8.7,20445,72.8,67.7,6.9,20072,55.9,52.8,5.7,14505,16.8,15.7,6.7,11442,4.3,4.3,0.0,85882,71.8,65.9,8.1,14728,48.1,35.5,26.2
"Fond du Lac, WI",310M200US22540,81711,69.1,64.4,6.7,5294,61.6,50.4,18.2,6262,88.0,78.3,10.9,24607,88.4,83.3,5.7,15589,88.3,83.2,5.7,13950,69.9,67.2,4.0,8257,23.6,21.9,7.2,7752,5.6,5.5,2.1,60408,84.1,79.0,5.9,5379,61.5,43.1,30.0
"Fort Collins, CO",310M200US22660,253943,68.1,62.9,7.5,19407,43.5,32.2,25.8,33200,73.9,65.7,10.7,80744,86.4,81.0,6.1,40453,85.6,80.7,5.8,39904,69.9,66.1,5.4,23293,27.9,26.3,5.7,16942,6.5,6.3,4.0,194301,80.7,75.2,6.6,29130,60.0,48.8,18.4
"Fort Smith, AR-OK",310M200US22900,218432,57.2,52.4,8.3,14743,36.5,25.9,29.0,18256,72.4,62.7,13.1,70247,76.5,69.5,8.8,39218,71.9,68.4,4.9,35085,54.3,52.1,3.9,23950,19.0,18.3,3.9,16933,5.1,5.0,3.3,162806,70.1,64.7,7.5,30930,43.8,33.4,23.8
"Fort Wayne, IN",310M200US23060,323597,66.4,60.7,8.5,23372,41.9,30.9,26.1,27752,80.9,70.0,13.3,108026,84.0,77.3,7.8,57877,81.6,76.1,6.6,52040,67.9,63.9,5.8,29679,26.2,24.9,4.9,24851,6.7,6.3,4.6,245695,79.7,73.4,7.8,32037,55.7,38.8,30.3
"Fresno, CA",310M200US23420,702056,61.2,52.3,14.3,60810,28.1,17.9,36.3,78538,69.8,55.5,20.4,253363,77.3,66.5,13.8,114615,76.3,67.5,11.5,94166,61.3,55.2,10.0,55379,24.1,22.1,8.4,45185,6.8,6.4,5.4,540682,73.2,63.1,13.6,125469,55.1,37.6,31.7
"Gadsden, AL",310M200US23460,83490,54.1,48.1,10.7,5256,29.2,22.0,24.0,6598,73.2,56.7,22.5,25829,75.9,66.4,11.9,14444,67.3,63.0,6.4,14198,50.9,48.3,5.0,9767,18.6,18.0,3.0,7398,5.4,5.1,5.3,61069,67.8,60.4,10.6,10625,45.2,27.9,38.3
"Gainesville, FL",310M200US23540,225440,58.8,53.5,8.9,20204,22.8,17.0,25.4,44935,57.5,49.7,13.5,67155,80.7,74.7,7.3,30330,77.2,71.5,7.3,30610,61.7,57.9,6.3,18275,26.0,25.1,3.6,13931,6.0,5.5,8.0,173030,70.7,64.6,8.5,44906,47.6,35.6,25.3
"Gainesville, GA",310M200US23580,140254,64.2,58.2,9.2,10175,34.1,24.3,28.8,12522,75.4,64.8,13.6,49737,82.1,75.0,8.6,24854,80.1,73.9,7.6,19905,64.1,60.2,6.0,13526,23.4,22.2,5.1,9535,4.7,4.6,2.7,107018,77.5,70.8,8.5,17474,58.6,41.7,28.9
"Gettysburg, PA",310M200US23900,82756,65.1,61.1,6.0,6082,41.6,32.8,21.1,6753,78.6,69.7,11.3,22711,86.0,81.9,4.5,15720,86.3,82.2,4.7,14276,69.2,66.4,4.2,9365,26.7,25.4,5.0,7849,6.8,6.2,8.3,59460,81.2,76.8,5.2,4984,52.4,40.1,23.5
"Glens Falls, NY",310M200US24020,106067,62.0,56.8,8.2,6420,43.2,31.8,26.5,7663,74.1,63.5,14.3,30205,82.3,75.4,8.1,20621,81.4,76.7,5.8,18865,62.8,59.5,5.2,12348,24.8,23.2,6.7,9945,7.0,6.5,7.2,77354,76.5,70.7,7.5,8697,54.2,37.6,30.3
"Goldsboro, NC",310M200US24140,96971,63.3,52.4,12.8,6359,46.8,24.7,44.2,9555,80.9,57.4,18.0,31745,81.7,65.9,13.6,17015,76.6,70.0,7.6,15340,59.2,55.4,6.4,9675,21.3,20.0,5.7,7282,7.4,7.1,4.8,73655,75.7,63.5,11.5,13708,60.4,40.3,32.7
"Grand Forks, ND-MN",310M200US24220,80863,70.0,65.5,4.5,7072,47.6,39.8,14.2,13733,78.0,68.9,6.4,23489,88.0,82.7,3.8,12433,87.1,84.3,2.9,11419,75.3,73.1,2.9,6615,30.3,29.3,3.3,6102,7.4,7.4,0.0,61074,83.2,78.1,4.0,9914,62.6,53.6,14.3
"Grand Island, NE",310M200US24260,64076,71.4,67.2,5.8,4632,60.5,50.7,16.1,4727,89.1,76.4,14.3,20356,89.1,84.7,5.0,11537,88.0,84.8,3.6,10314,72.3,69.4,4.0,6341,37.2,36.6,1.6,6169,9.7,9.7,0.0,46934,85.2,80.5,5.4,5859,59.4,45.1,24.2
"Grand Junction, CO",310M200US24300,117078,63.2,57.4,9.2,7969,46.0,35.2,23.4,10382,74.8,64.9,13.3,36055,83.8,76.4,8.8,19473,79.3,73.5,7.3,19780,66.3,62.0,6.5,12725,24.7,23.1,6.5,10694,5.6,5.4,4.0,85690,77.6,71.0,8.5,13117,52.4,34.8,33.7
"Grand Rapids-Wyoming, MI",310M200US24340,781544,67.1,61.2,8.7,60975,45.2,33.3,26.4,76763,80.8,72.0,10.8,259154,85.0,78.0,8.1,140913,82.8,77.2,6.7,119487,66.0,61.8,6.3,67308,24.2,22.8,5.9,56944,4.8,4.4,7.5,596317,80.1,73.8,7.8,77973,59.9,42.9,28.5
"Grants Pass, OR",310M200US24420,68903,47.7,41.1,13.7,4194,29.9,19.1,36.1,4243,68.4,57.8,15.5,16180,74.1,63.3,14.5,11173,71.0,61.2,13.9,13689,48.8,44.2,9.4,10857,16.2,15.0,7.4,8567,4.0,3.9,2.6,45285,65.2,56.5,13.3,9691,44.5,26.8,39.7
"Great Falls, MT",310M200US24500,65443,63.9,56.5,5.5,4105,44.7,32.4,23.0,6218,83.0,58.7,9.8,20107,83.8,73.5,4.2,11069,80.0,75.8,4.6,10713,65.8,63.4,3.6,7104,24.4,24.1,1.1,6127,5.3,5.1,2.5,48107,78.8,69.9,4.8,6227,56.4,48.3,13.8
"Greeley, CO",310M200US24540,200117,68.0,62.8,7.5,15716,39.3,29.7,24.3,19505,78.8,69.0,12.4,73087,82.4,77.1,6.2,34706,84.8,80.0,5.6,29589,66.6,63.3,4.9,16464,27.8,25.1,9.6,11050,6.0,5.5,7.5,156887,79.5,74.1,6.6,18958,59.9,47.3,21.1
"Green Bay, WI",310M200US24580,244440,68.9,64.1,6.9,16695,54.5,45.3,16.9,20093,81.7,70.9,13.1,79985,86.5,81.2,6.1,47179,86.8,82.7,4.6,39385,67.9,63.9,5.8,22279,22.8,21.9,4.2,18824,5.4,5.1,4.5,186642,82.1,76.8,6.4,18406,59.5,42.8,28.0
"Greensboro-High Point, NC",310M200US24660,586045,63.4,56.7,10.4,41986,29.8,19.5,34.6,53190,72.3,60.8,15.9,191270,83.4,75.3,9.6,105196,79.8,72.5,9.1,91697,64.5,60.1,6.9,58062,25.4,23.7,6.6,44644,6.9,6.4,6.7,441353,77.3,69.7,9.7,72234,55.2,37.6,31.9
"Greenville, NC",310M200US24780,138169,66.3,58.0,12.1,12748,36.4,21.3,40.9,23415,71.2,57.1,19.6,44902,85.5,77.0,9.3,20507,82.7,77.0,6.8,18283,63.3,58.2,8.0,10648,27.5,25.2,8.3,7666,5.3,5.0,5.4,107107,78.0,69.5,10.7,24925,59.0,41.3,30.1
"Greenville-Anderson-Mauldin, SC",310M200US24860,670011,61.3,55.5,9.3,48151,36.4,26.0,28.5,63040,70.5,59.6,15.2,214749,81.6,74.4,8.6,118347,77.1,71.9,6.7,104476,61.0,57.2,6.3,70471,22.1,20.3,8.1,50777,5.6,5.3,6.2,500612,74.8,68.4,8.5,77012,51.0,35.0,31.4
"Guayama, PR",310M200US25020,64939,38.3,29.1,23.9,5151,13.7,4.2,69.4,5858,49.2,25.0,49.2,21498,59.6,46.5,21.9,10510,52.9,43.5,17.8,9836,23.4,21.1,9.8,7306,6.0,5.8,3.0,4780,2.8,2.8,0.0,47702,49.4,38.0,23.1,22372,36.8,20.1,45.3
"Gulfport-Biloxi-Pascagoula, MS",310M200US25060,296853,62.3,54.0,10.1,20169,39.1,24.9,26.5,26593,77.9,57.1,17.1,99087,81.6,71.0,9.8,53966,76.9,70.9,7.4,46817,57.5,53.2,7.4,29767,20.1,19.3,3.6,20454,5.3,4.8,9.0,226463,75.0,65.6,9.6,36796,52.3,35.8,31.3
"Hagerstown-Martinsburg, MD-WV",310M200US25180,202856,64.1,57.5,10.0,12222,49.9,36.1,27.7,15449,77.5,63.0,18.0,68608,79.7,72.4,8.6,38824,80.1,73.9,7.7,32284,62.7,57.9,7.8,20048,25.8,23.6,8.3,15421,5.4,5.2,2.8,155165,76.0,68.8,9.2,17685,55.2,34.6,37.4
"Hammond, LA",310M200US25220,96438,62.0,54.2,12.5,7648,40.3,23.7,41.2,10463,77.6,64.9,16.3,32145,82.1,71.9,12.3,16134,72.5,67.7,6.3,14993,53.7,49.0,8.6,9040,21.2,19.3,8.8,6015,8.2,8.1,1.0,73735,73.6,65.4,11.1,13787,51.3,32.9,35.9
"Hanford-Corcoran, CA",310M200US25260,113795,55.8,44.8,14.2,8607,33.4,17.8,41.6,13270,66.7,45.9,19.3,46186,66.5,53.3,13.1,19499,60.3,52.3,11.8,13392,54.8,49.3,10.1,7428,21.5,20.8,3.3,5413,7.0,6.7,4.5,92347,63.5,51.5,13.3,14348,53.1,33.6,36.4
"Harrisburg-Carlisle, PA",310M200US25420,448755,65.7,61.0,6.8,29958,46.5,36.5,21.4,35800,75.8,65.6,13.5,140567,85.4,79.7,6.2,81736,83.4,79.6,4.3,76106,66.8,63.6,4.7,45286,25.9,24.4,6.0,39302,7.1,7.1,0.8,334209,79.6,74.5,6.1,34153,52.6,37.7,28.2
"Harrisonburg, VA",310M200US25500,105113,62.0,58.0,6.3,11929,34.8,29.1,16.4,17491,58.4,53.1,8.8,29479,83.7,78.2,6.3,15374,85.7,81.4,4.7,13772,71.3,69.2,3.0,8892,29.4,28.8,1.8,8176,6.2,6.0,2.8,76116,76.1,71.5,5.8,15061,46.3,38.9,15.9
"Hartford-West Hartford-East Hartford, CT",310M200US25540,985879,67.7,61.3,9.4,70830,45.2,33.6,25.6,83680,75.5,64.1,15.0,299590,86.3,78.5,8.9,189185,85.0,79.0,7.0,160452,73.1,68.0,6.9,95798,31.4,29.0,7.5,86344,6.2,5.7,6.7,732907,81.9,74.7,8.6,71268,54.1,33.8,37.5
"Hattiesburg, MS",310M200US25620,114510,62.4,54.9,10.9,8847,36.6,23.1,36.8,14861,74.5,62.4,15.8,39709,81.6,72.5,9.6,18226,74.3,67.7,7.5,15408,53.2,49.0,7.0,10117,23.2,22.1,4.9,7342,7.9,7.9,0.0,88204,74.0,65.7,9.9,19266,58.1,42.7,26.4
"Hickory-Lenoir-Morganton, NC",310M200US25860,292856,60.2,53.4,11.2,19094,38.6,28.9,25.2,22070,73.6,60.2,18.1,88680,80.8,71.2,11.8,54676,77.8,71.3,8.3,49383,59.5,55.1,7.4,34644,22.5,20.4,9.3,24309,5.1,4.7,7.3,214809,74.4,66.4,10.7,34733,49.5,31.4,36.5
"Hilton Head Island-Bluffton-Beaufort, SC",310M200US25940,158172,59.5,50.7,8.4,9242,49.5,25.6,25.7,14215,84.0,57.0,15.3,45443,84.9,73.4,7.1,22044,79.5,71.8,9.3,25980,57.4,55.3,3.6,25396,21.8,20.5,5.6,15852,6.3,6.0,5.5,107682,77.1,66.5,8.0,13875,64.9,49.0,24.0
"Hinesville, GA",310M200US25980,58794,67.4,48.4,14.0,4262,35.2,18.8,33.1,9106,80.5,42.0,23.3,23627,80.0,55.9,14.1,9253,77.9,67.9,8.4,6969,56.7,52.9,5.8,3752,18.1,15.8,12.5,1825,2.2,1.7,22.5,48955,76.4,55.2,13.3,6949,54.9,35.1,34.0
"Homosassa Springs, FL",310M200US26140,121340,42.0,36.1,14.1,5608,39.8,22.3,44.1,5581,73.7,57.1,22.3,22100,76.2,65.1,14.5,18075,71.6,63.6,11.2,23023,46.1,41.9,9.1,25529,13.7,12.5,8.5,21424,3.5,3.0,14.3,68779,64.7,56.3,13.0,13018,49.3,28.6,42.0
"Hot Springs, AR",310M200US26300,78887,54.8,49.3,10.0,4489,40.2,29.1,27.5,5457,75.6,65.6,13.2,21380,81.7,72.2,11.6,13161,71.5,65.3,8.4,13774,55.5,53.0,4.6,11266,19.1,18.0,5.7,9360,6.6,6.5,1.8,53772,71.9,64.9,9.6,11686,48.7,33.0,32.1
"Houma-Thibodaux, LA",310M200US26380,163141,60.5,56.2,6.9,11548,36.4,27.6,24.3,15454,73.4,64.1,12.3,54705,78.6,73.6,6.1,30801,72.2,69.2,4.1,24672,55.8,53.0,5.0,15215,23.5,22.8,3.1,10746,5.3,5.1,3.4,125632,71.9,67.3,6.2,18267,44.0,33.3,24.3
"Houston-The Woodlands-Sugar Land, TX",310M200US26420,4687175,67.4,62.1,7.7,350479,32.6,24.2,25.8,428312,72.8,62.7,13.7,1827326,81.6,75.9,6.9,841048,80.3,75.7,5.6,667970,66.5,62.9,5.5,347856,30.3,28.5,5.7,224184,7.0,6.6,4.7,3764656,77.6,72.1,7.1,505418,56.1,42.8,23.8
"Huntington-Ashland, WV-KY-OH",310M200US26580,294837,53.3,48.8,8.3,18546,31.9,24.4,23.5,23331,71.1,60.0,15.6,90549,75.1,68.4,8.8,51197,68.4,64.8,5.2,50604,48.8,47.0,3.8,34143,16.5,15.8,4.0,26467,4.5,4.2,7.6,215681,66.9,61.6,7.8,38994,39.2,28.4,27.7
"Huntsville, AL",310M200US26620,342660,64.5,58.1,9.4,23610,36.9,24.8,31.1,29672,78.1,62.2,19.2,113971,82.2,74.7,8.5,67787,79.4,74.0,6.4,52031,61.7,58.5,5.2,31916,24.7,23.3,5.8,23673,6.8,6.4,6.0,263461,77.0,69.9,8.6,31974,60.2,41.8,30.4
"Idaho Falls, ID",310M200US26820,97064,64.9,60.8,6.2,7859,48.7,38.3,21.4,7902,78.0,71.9,7.9,35127,78.2,74.3,5.0,16242,80.6,76.3,5.3,14615,66.3,63.8,3.7,8648,25.5,23.9,6.1,6671,7.9,7.6,4.2,73886,76.4,72.4,5.2,8522,56.9,48.0,15.6
"Indianapolis-Carmel-Anderson, IN",310M200US26900,1491093,67.4,61.4,8.9,101935,40.2,29.2,27.2,123322,77.1,65.5,14.9,537356,84.4,77.4,8.0,276959,82.2,76.2,7.2,224670,66.3,62.4,5.9,127928,25.4,23.8,6.2,98923,7.0,6.6,6.4,1162307,79.6,73.0,8.2,151248,56.4,38.6,31.6
"Iowa City, IA",310M200US26980,129341,70.6,67.8,3.8,11367,39.6,34.5,12.9,22715,72.3,68.2,5.6,43691,86.7,83.7,3.1,18032,87.7,85.1,3.0,17163,75.9,74.5,1.8,8877,34.5,33.9,1.6,7496,7.6,7.6,0.0,101601,81.8,78.9,3.4,18219,59.1,53.5,9.6
"Ithaca, NY",310M200US27060,89078,58.8,55.4,5.8,12753,29.8,24.5,17.8,17789,52.7,48.8,7.5,23525,79.4,75.1,5.3,11602,83.9,81.3,3.0,11657,71.2,68.7,3.5,6515,32.6,31.1,4.6,5237,7.5,7.3,2.8,64573,71.4,67.8,4.9,14665,38.1,33.1,13.2
"Jackson, MI",310M200US27100,128260,57.6,50.8,11.8,8764,40.0,28.0,30.0,10541,72.8,58.1,20.2,39060,74.2,65.3,11.7,24136,74.3,68.2,8.1,21786,58.5,53.7,8.2,13064,19.4,18.0,6.8,10909,4.7,4.6,0.6,95523,70.5,62.6,11.1,13978,52.7,31.8,39.5
"Jackson, MS",310M200US27140,445257,62.1,56.4,9.1,33202,30.0,19.0,36.6,41072,66.8,53.7,19.6,155844,80.6,73.7,8.3,78194,77.5,73.4,5.2,68133,60.2,57.0,5.3,39189,25.2,24.5,3.0,29623,6.9,6.4,6.1,343243,74.2,67.9,8.3,58097,51.3,35.3,31.2
"Jackson, TN",310M200US27180,103371,59.9,53.5,10.6,8666,37.4,24.1,35.7,9750,67.9,54.7,19.0,31795,79.6,72.2,9.1,17944,77.6,71.7,7.6,16342,60.4,56.8,6.0,10583,24.6,23.1,6.0,8291,4.3,3.8,11.9,75831,73.5,66.5,9.4,13076,50.1,35.0,30.2
"Jacksonville, FL",310M200US27260,1097446,64.4,56.5,10.6,72219,34.6,23.9,29.9,96254,75.6,59.0,17.2,370816,83.2,72.8,10.0,202250,80.0,73.0,8.3,174303,62.0,57.2,7.8,106625,24.6,22.9,7.2,74979,5.4,5.0,7.1,843623,77.2,68.1,10.0,115647,53.4,33.1,37.7
"Jacksonville, NC",310M200US27340,140005,70.3,42.5,12.3,11182,60.1,22.0,34.9,32789,84.6,29.2,20.6,51292,78.9,50.4,10.5,16828,78.0,69.4,8.2,13403,60.3,57.5,4.4,8590,21.4,20.2,5.3,5921,7.8,7.8,0.0,114312,78.2,47.9,11.2,13459,54.6,33.6,33.4
"Janesville-Beloit, WI",310M200US27500,125740,66.2,59.9,9.4,8349,52.6,39.9,24.2,9906,78.8,64.0,18.6,40540,85.5,78.0,8.7,23564,85.2,79.2,7.0,20447,64.4,60.6,6.0,12337,20.9,20.1,4.1,10597,5.5,5.0,9.6,94457,80.1,73.1,8.8,12379,59.5,40.9,31.3
"Jefferson City, MO",310M200US27620,119725,61.6,58.1,5.4,8607,39.2,31.7,19.0,10121,63.8,58.1,8.9,39214,79.2,74.9,5.1,22280,80.1,77.2,3.4,19157,61.9,59.5,4.0,11464,22.7,21.9,3.5,8882,5.9,5.5,5.4,90772,74.1,70.3,4.8,10217,50.5,38.0,24.6
"Johnson City, TN",310M200US27740,164785,57.2,52.8,7.5,9956,39.6,33.0,16.7,15785,73.8,66.0,10.5,49611,79.1,73.2,7.3,28029,75.2,70.4,6.3,27106,53.0,49.7,6.1,19779,17.7,17.1,3.6,14519,3.3,3.2,3.4,120531,71.6,66.3,7.3,23118,49.3,38.2,22.4
"Johnstown, PA",310M200US27780,116649,55.4,50.5,8.8,7304,35.9,23.8,33.8,9106,66.2,54.7,17.2,31108,79.0,71.8,8.7,20269,76.4,71.9,5.7,21483,59.2,56.2,5.0,13543,19.5,18.7,4.2,13836,4.5,4.4,1.9,81966,71.7,65.9,8.0,10775,45.0,30.8,31.5
"Jonesboro, AR",310M200US27860,96873,60.9,55.5,8.8,7428,34.7,25.4,26.9,10444,71.9,60.3,16.2,33071,80.6,74.1,8.1,15545,75.6,71.2,5.8,14011,58.5,56.1,4.1,9415,21.2,20.4,3.8,6959,4.4,4.1,6.2,73071,74.1,68.0,8.1,14330,53.6,37.6,29.8
"Joplin, MO",310M200US27900,135726,64.0,59.2,7.3,9411,49.7,41.7,15.0,12114,83.7,73.6,12.1,44302,82.8,77.1,6.7,23332,78.8,74.0,6.0,21068,62.0,58.4,5.8,14173,23.7,23.0,3.0,11326,5.7,5.4,4.8,100816,77.6,72.0,7.1,15554,54.2,38.6,28.8
"Kahului-Wailuku-Lahaina, HI",310M200US27980,126727,68.8,62.7,8.7,7218,43.2,29.0,32.8,8673,80.5,66.4,16.4,42409,85.9,78.7,8.0,23560,84.9,78.8,7.1,22657,69.5,65.9,5.2,13099,32.4,30.7,5.4,9111,7.8,7.6,2.8,97299,81.4,74.6,8.0,10406,54.4,36.9,32.1
"Kalamazoo-Portage, MI",310M200US28020,263709,64.2,57.6,10.1,20514,43.0,30.4,29.5,35030,78.3,66.7,14.9,79899,83.7,76.2,8.8,43329,79.5,73.7,7.3,41006,62.3,57.9,7.0,24010,21.4,20.4,4.9,19921,4.7,4.5,4.1,199264,77.4,70.2,9.2,37652,59.1,43.3,26.7
"Kankakee, IL",310M200US28100,88144,63.1,56.4,10.5,6717,39.1,28.0,28.3,8318,71.4,61.7,13.6,27573,84.6,75.4,10.6,15635,80.7,73.5,9.0,14069,61.3,57.5,6.3,8533,24.1,22.9,5.1,7299,5.8,5.4,7.0,65595,77.0,69.4,9.8,9276,54.7,35.3,35.4
"Kansas City, MO-KS",310M200US28140,1582217,68.5,63.3,7.4,103602,45.1,34.7,22.9,121390,80.6,70.3,12.6,560376,85.8,79.9,6.4,291459,83.2,78.2,6.0,248160,67.9,64.1,5.7,142373,28.2,26.8,5.0,114857,6.7,6.4,4.1,1221385,81.0,75.3,6.8,136978,55.7,39.8,28.6
"Kennewick-Richland, WA",310M200US28420,196930,64.4,59.6,7.3,14899,34.2,26.9,21.5,17902,75.0,64.6,13.6,71130,79.8,74.2,6.9,33787,80.8,76.8,4.9,30073,66.3,63.4,4.4,17169,21.3,20.5,4.1,11970,5.0,4.4,11.6,152892,76.8,71.5,6.8,19093,56.4,45.8,18.7
"Killeen-Temple, TX",310M200US28660,313229,64.5,49.7,9.5,22284,41.7,26.3,27.4,39938,79.3,45.9,14.2,125270,76.9,57.0,9.6,48884,75.5,69.1,5.7,37481,58.9,55.7,5.2,23044,22.0,20.7,5.6,16328,4.9,4.7,4.5,251573,74.3,57.4,8.7,28626,52.9,35.8,30.2
"Kingsport-Bristol-Bristol, TN-VA",310M200US28700,253574,55.9,50.8,9.1,14374,42.8,30.7,28.1,17195,73.9,60.3,18.3,72479,79.1,72.1,8.8,45823,73.2,68.1,6.9,44619,53.9,51.2,5.0,33829,19.7,18.7,5.1,25255,5.1,5.0,2.1,180116,70.9,64.8,8.5,28226,45.2,30.3,32.9
"Kingston, NY",310M200US28740,151331,63.1,56.6,10.2,10296,45.0,28.9,35.7,12802,71.6,60.3,15.2,43050,79.8,71.7,10.0,29433,80.7,75.7,6.1,26517,65.6,60.7,7.5,16231,32.2,29.5,8.4,13002,7.3,7.0,3.9,111802,75.7,68.9,8.9,14166,43.3,30.1,30.5
"Knoxville, TN",310M200US28940,687456,59.4,54.5,8.2,43739,38.0,29.4,22.7,62270,70.2,61.1,12.8,211673,80.8,74.0,8.1,120808,75.3,70.6,6.3,113847,59.5,56.4,5.2,77846,19.5,18.7,4.3,57273,5.3,5.0,5.2,508598,73.4,67.7,7.7,79446,45.7,32.3,29.3
"Kokomo, IN",310M200US29020,66093,59.2,53.1,10.3,4337,44.5,32.7,26.5,4880,79.7,64.7,18.9,19355,82.4,72.3,12.0,11997,77.0,72.2,6.2,11269,53.6,51.5,3.8,7881,22.0,21.3,3.4,6374,5.7,5.7,0.0,47501,73.9,66.6,9.8,8298,56.8,39.3,30.9
"La Crosse-Onalaska, WI-MN",310M200US29100,110356,68.8,64.9,5.6,9339,51.5,43.8,15.1,13880,78.8,73.8,6.3,31930,89.7,84.4,5.8,18272,87.3,83.9,3.9,17148,72.6,70.2,3.4,10090,25.2,23.6,6.2,9697,6.1,6.1,0.2,81230,83.7,79.5,5.0,11629,64.2,55.8,13.0
"Lafayette, LA",310M200US29180,368655,64.5,59.4,7.7,25882,38.0,27.4,27.7,36699,77.3,66.3,14.1,127199,82.3,76.4,7.0,66377,75.4,71.6,5.0,56239,61.0,58.5,4.0,31901,27.5,26.6,3.6,24358,6.9,6.7,2.8,286514,75.9,70.5,7.0,44685,53.8,39.8,26.1
"Lafayette-West Lafayette, IN",310M200US29200,167898,62.9,58.1,7.6,16471,31.5,24.4,22.7,33939,59.6,53.0,11.1,51223,83.2,77.4,6.7,22969,84.9,81.0,4.5,20927,68.4,65.3,4.5,12325,24.7,23.8,3.7,10044,6.4,6.1,4.5,129058,74.9,69.7,6.9,27608,50.1,40.0,20.0
"Lake Charles, LA",310M200US29340,156960,61.7,56.1,8.8,11159,36.8,28.2,23.4,14881,73.5,59.7,18.6,51089,80.2,73.7,7.9,28049,75.6,70.7,6.4,25178,60.1,57.2,4.8,15209,24.4,23.1,5.5,11395,6.4,6.2,3.7,119197,74.0,67.8,8.3,18209,52.9,37.9,28.3
"Lake Havasu City-Kingman, AZ",310M200US29420,167761,46.9,40.1,14.3,8857,40.6,29.0,28.6,10107,71.8,55.7,22.4,38849,70.6,60.6,14.0,27123,70.0,61.4,12.3,32104,49.4,43.6,11.6,30261,14.7,13.2,10.6,20460,5.2,4.7,9.9,108183,64.2,55.3,13.9,21626,48.2,29.9,37.9
"Lakeland-Winter Haven, FL",310M200US29460,491189,55.9,49.2,11.9,31966,31.0,21.5,30.6,39132,71.0,56.3,20.5,147898,80.1,70.9,11.4,79795,74.6,67.5,9.5,76574,57.3,52.5,8.3,65143,18.9,17.2,8.9,50681,5.3,4.9,7.4,343399,72.7,64.4,11.4,56322,52.5,32.0,39.1
"Lancaster, PA",310M200US29540,412775,66.6,62.1,6.7,29915,51.8,41.3,20.1,35435,78.8,71.1,9.7,126196,84.2,79.1,5.8,73146,84.3,79.4,5.8,65558,71.6,68.3,4.7,41998,31.8,30.6,3.9,40527,8.0,7.7,3.0,300335,80.8,75.9,6.1,27879,54.4,40.8,25.1
"Lansing-East Lansing, MI",310M200US29620,378776,63.5,57.5,9.4,34360,39.1,30.2,22.9,51689,71.3,62.7,12.1,113392,84.0,75.8,9.5,62061,81.8,76.5,6.4,58481,61.3,57.5,6.1,33443,21.3,20.0,6.0,25350,5.5,5.1,7.8,285623,76.6,69.8,8.7,51929,57.4,43.9,23.4
"Laredo, TX",310M200US29700,179164,58.2,54.3,6.7,18515,26.0,19.0,26.8,20098,61.2,53.0,13.4,70516,72.7,69.1,5.0,28386,73.1,70.0,4.3,20412,56.8,54.7,3.8,12174,25.3,24.3,4.0,9063,4.7,4.5,4.9,139412,68.8,64.9,5.8,35454,49.4,43.3,12.3
"Las Cruces, NM",310M200US29740,163412,62.2,54.1,12.2,14463,39.3,23.3,40.5,21683,76.9,61.0,18.3,50681,80.8,71.3,10.8,25390,76.5,70.7,7.5,23127,61.8,58.0,6.1,15805,24.1,22.6,6.3,12263,5.7,5.5,4.0,120881,75.6,66.8,10.7,28935,65.7,47.8,27.2
"Las Vegas-Henderson-Paradise, NV",310M200US29820,1570602,65.9,57.5,12.1,102491,34.2,22.6,33.7,135237,78.3,63.5,17.3,586751,83.0,73.5,10.6,271300,80.1,71.4,10.6,227736,63.9,57.3,10.3,152877,24.7,21.9,11.3,94210,7.3,6.1,16.6,1221024,78.3,68.9,11.3,170201,56.5,36.5,35.4
"Lawrence, KS",310M200US29940,94239,69.7,64.9,6.7,9197,36.8,27.6,24.9,20917,70.1,65.0,7.2,29916,87.1,81.9,5.7,12077,88.0,82.8,5.8,11260,75.6,72.1,4.6,6072,32.6,32.1,1.7,4800,9.9,9.9,0.0,74170,80.7,75.8,5.9,15180,64.9,57.0,12.3
"Lawton, OK",310M200US30020,102471,64.7,50.0,9.4,7921,56.5,26.4,27.7,12741,78.2,45.8,16.0,37842,77.6,58.6,9.7,16401,73.3,67.8,5.2,13178,62.1,59.3,4.1,8047,23.8,23.4,1.8,6341,6.4,5.5,13.3,80162,74.3,58.6,8.6,11661,54.5,37.3,30.7
"Lebanon, PA",310M200US30140,107540,64.9,59.7,7.8,6785,49.2,38.8,21.1,8150,77.1,65.5,14.9,31753,86.2,79.0,7.9,19101,84.6,80.8,4.1,17959,70.2,66.5,5.2,12286,25.8,24.2,6.4,11506,7.1,6.5,7.8,76963,81.1,75.1,7.1,7379,54.0,38.2,29.3
"Lewiston, ID-WA",310M200US30300,49946,60.5,56.2,7.1,2986,48.1,35.1,27.1,4133,87.2,76.1,12.7,14118,83.7,78.2,6.5,8459,80.7,77.8,3.7,8563,58.2,56.0,3.7,6120,20.1,19.8,1.3,5567,5.7,4.7,18.4,35273,77.2,72.5,6.1,4255,54.9,41.4,24.6
"Lewiston-Auburn, ME",310M200US30340,86084,65.7,59.7,8.9,5452,50.1,38.2,23.7,6821,79.7,67.7,14.4,26827,84.0,76.3,8.9,16443,83.3,77.3,7.0,14460,66.3,63.0,5.0,8774,24.9,23.4,5.9,7307,5.5,5.4,1.7,64551,79.4,72.7,8.3,9126,46.7,29.8,36.3
"Lexington-Fayette, KY",310M200US30460,386496,67.5,62.0,8.1,26619,45.0,34.8,22.6,43795,75.7,66.2,12.5,136018,84.4,77.8,7.7,65965,80.1,75.3,6.1,56980,64.9,61.4,5.3,32784,29.0,27.9,3.5,24335,7.3,6.9,6.3,302758,78.5,72.5,7.6,50306,56.8,42.6,25.0
"Lima, OH",310M200US30620,83535,62.3,55.4,11.1,6310,56.0,37.0,33.9,7949,81.7,65.8,19.5,24598,80.9,72.9,9.5,14526,77.9,71.5,7.9,14111,61.5,58.6,4.8,8416,20.4,19.4,4.9,7625,5.8,5.8,1.3,61184,75.8,68.4,9.6,9614,56.6,37.6,33.5
"Lincoln, NE",310M200US30700,246271,71.8,67.5,5.9,19712,50.6,41.0,19.0,34130,81.3,73.4,9.7,82461,86.9,82.5,4.6,38128,87.3,83.5,4.2,35513,75.0,72.5,3.3,19614,32.3,31.3,3.0,16713,7.6,7.5,1.3,190232,83.7,79.2,5.2,27070,66.8,52.6,21.3
"Little Rock-North Little Rock-Conway, AR",310M200US30780,561753,64.7,59.2,7.5,36446,38.2,28.5,24.6,52494,76.7,65.2,12.7,198447,83.1,75.9,7.3,95802,78.7,74.6,5.0,85989,61.0,58.5,4.1,53628,26.0,25.1,3.4,38947,6.6,6.2,5.9,432732,77.0,70.8,6.9,59598,51.9,37.7,27.3
"Logan, UT-ID",310M200US30860,91994,68.4,64.0,6.4,9441,49.2,36.3,26.0,16661,80.4,75.0,6.8,33081,79.4,75.8,4.4,11720,84.4,80.8,4.1,10061,69.8,67.2,3.6,6000,24.1,23.2,3.7,5030,4.5,4.5,1.8,71523,79.1,75.2,4.8,11578,67.7,59.1,12.7
"Longview, TX",310M200US30980,169231,59.3,55.2,6.7,12118,39.6,29.9,24.4,14869,71.5,65.2,8.8,54858,75.4,70.2,6.9,29356,73.2,70.3,4.0,26768,62.2,59.5,4.3,16948,26.0,24.9,4.2,14314,6.2,6.0,3.8,125851,71.7,67.4,6.0,18145,49.7,39.1,21.2
"Longview, WA",310M200US31020,80913,56.6,48.8,13.5,5143,39.2,24.1,38.7,6017,75.5,54.8,27.0,23814,78.8,69.1,12.0,14243,73.0,64.5,11.6,14561,55.3,51.3,7.2,9935,17.6,16.3,7.8,7200,3.1,3.1,0.0,58635,71.2,62.1,12.6,10488,48.4,29.1,39.9
"Los Angeles-Long Beach-Anaheim, CA",310M200US31080,10357620,65.1,58.2,10.5,753148,26.8,17.1,36.2,1002991,69.9,57.9,17.0,3802840,82.3,74.6,9.3,1832225,80.7,74.0,8.3,1434361,66.2,60.5,8.5,838165,28.1,25.9,8.0,693890,6.4,6.0,6.3,8072417,77.5,69.9,9.8,1201370,54.2,38.9,28.1
"Louisville/Jefferson County, KY-IN",310M200US31140,992592,65.4,59.5,8.9,62371,42.5,32.4,23.8,79014,81.1,69.2,14.6,333125,84.4,76.8,8.7,184535,80.0,74.6,6.7,163324,62.2,58.3,6.2,96070,24.8,23.6,4.9,74153,6.1,5.7,6.3,759998,78.2,71.5,8.4,100391,54.1,36.1,33.2
"Lubbock, TX",310M200US31180,233306,66.3,62.0,6.5,20693,43.4,33.3,23.2,37030,71.9,64.6,10.2,75805,83.2,78.9,5.1,34840,81.9,78.8,3.6,30393,66.6,64.0,3.9,18707,31.7,30.7,3.2,15838,8.9,8.6,2.8,178068,77.8,73.4,5.6,34464,58.3,48.8,16.3
"Lynchburg, VA",310M200US31340,209268,60.3,55.5,7.8,16685,37.0,26.2,29.2,23254,69.4,59.0,14.8,57073,83.3,76.9,7.2,35961,79.2,75.0,5.0,34052,62.7,60.9,2.9,23973,22.5,21.9,2.4,18270,6.1,6.0,2.3,150340,75.5,70.1,6.9,22693,51.2,38.6,24.7
"Macon, GA",310M200US31420,181367,56.4,49.6,11.9,13799,27.8,17.9,35.5,15629,65.0,50.4,22.6,57370,77.5,68.3,11.8,32396,73.2,66.6,9.1,30114,52.1,48.8,6.2,18463,20.4,19.5,4.6,13596,5.1,5.0,2.4,135509,69.4,61.5,11.3,27444,49.1,31.4,36.1
"Madera, CA",310M200US31460,114471,50.8,45.9,9.5,9315,20.6,15.3,25.9,11265,61.8,50.1,18.8,40185,64.3,58.9,8.3,18725,65.8,61.8,6.1,16556,52.9,48.7,7.8,10728,18.3,17.1,6.4,7697,4.8,4.5,5.2,86731,62.1,56.4,9.1,15826,40.9,32.9,19.6
"Madison, WI",310M200US31540,500162,72.5,68.5,5.5,33639,47.8,40.0,16.5,56295,79.5,73.0,8.1,173555,89.1,84.8,4.7,86403,88.5,84.5,4.5,76281,73.0,69.9,4.4,41133,30.5,29.3,3.9,32856,7.9,7.7,2.9,392534,84.5,80.1,5.0,49265,62.6,51.3,18.0
"Manchester-Nashua, NH",310M200US31700,323150,70.9,66.1,6.7,21434,50.8,40.4,20.4,24924,81.7,72.0,11.8,104697,85.9,80.7,5.9,67333,86.2,81.8,5.1,52972,74.7,70.9,5.1,29024,31.1,29.5,4.9,22766,5.8,5.6,4.3,249926,83.2,78.1,6.1,19285,51.3,34.5,32.8
"Manhattan, KS",310M200US31740,78516,68.2,56.8,5.0,8722,43.8,34.3,5.1,19373,70.4,53.3,6.8,25497,83.1,66.4,5.5,8610,82.8,79.4,2.9,7893,73.1,70.8,3.2,4392,37.1,35.9,3.2,4029,8.8,8.8,0.0,61373,77.8,64.6,5.1,12653,53.7,46.7,11.7
"Mankato-North Mankato, MN",310M200US31860,79687,72.1,68.3,5.1,7413,55.4,47.0,15.2,13274,77.6,72.5,6.5,24287,90.6,86.8,4.2,11502,89.7,86.9,3.2,11014,79.6,76.6,3.7,6265,25.7,24.9,3.0,5932,5.1,4.4,12.3,60077,85.6,81.8,4.3,10435,65.9,57.3,13.0
"Mansfield, OH",310M200US31900,98693,56.4,50.8,9.8,5894,46.0,36.6,20.4,7440,67.3,57.7,14.3,29841,73.6,65.8,10.3,17517,75.2,69.8,7.2,16844,59.8,55.3,7.5,11256,21.6,19.7,9.0,9901,3.3,3.3,2.4,71642,70.1,63.5,9.3,10332,51.5,35.2,31.7
"Mayagez, PR",310M200US32420,85069,39.5,31.1,21.2,6949,15.6,4.3,72.4,10764,41.1,25.7,37.5,22688,67.8,54.3,19.9,11781,61.6,52.4,15.1,12631,34.9,30.9,11.4,11114,7.5,7.3,3.2,9142,1.8,1.8,0.0,57864,54.4,43.5,20.1,26469,40.3,22.7,43.6
"McAllen-Edinburg-Mission, TX",310M200US32580,560891,58.1,52.0,10.4,55909,26.4,18.2,30.8,61945,64.2,53.2,17.0,214927,75.8,69.1,8.8,84426,74.6,69.0,7.5,64296,58.1,53.3,8.2,44127,16.3,15.6,4.4,35261,2.8,2.6,7.9,425594,71.2,64.4,9.6,118892,57.1,46.7,18.2
"Medford, OR",310M200US32780,167760,58.7,51.4,12.4,10210,44.7,31.7,29.2,12318,76.4,64.8,15.1,47700,81.1,70.4,13.1,27423,78.5,69.7,11.1,31176,60.0,55.0,8.4,21395,22.3,20.5,7.8,17538,4.5,4.4,1.8,118617,74.5,65.6,11.9,21695,54.8,37.9,30.8
"Memphis, TN-MS-AR",310M200US32820,1029962,65.2,58.0,11.0,77299,35.2,22.7,35.3,94996,73.6,57.8,21.3,360291,82.4,73.8,10.0,185731,78.9,72.9,7.6,160670,63.7,59.6,6.3,88137,27.5,25.8,6.3,62838,7.8,7.4,5.1,801688,76.8,68.8,10.1,130520,54.4,35.0,35.6
"Merced, CA",310M200US32900,190771,60.4,49.8,17.5,18990,29.9,14.9,50.1,21489,72.3,50.8,29.7,68750,77.1,65.1,15.4,31238,75.2,66.2,11.9,24189,56.6,50.8,10.3,14680,22.0,19.6,10.7,11435,5.9,5.7,4.6,145666,72.6,60.8,16.1,30949,54.0,32.4,40.0
"Miami-Fort Lauderdale-West Palm Beach, FL",310M200US33100,4701725,63.2,56.1,11.1,286039,29.8,19.8,33.4,376198,70.9,58.0,18.1,1546670,83.6,74.8,10.3,857909,82.4,74.8,9.1,686857,67.6,61.4,9.3,483178,26.8,24.4,9.0,464874,5.9,5.4,9.9,3467634,78.7,70.3,10.6,526863,56.2,37.0,34.1
"Michigan City-La Porte, IN",310M200US33140,89476,58.7,52.2,11.0,5418,40.1,28.2,29.6,7102,66.5,54.2,18.4,28700,69.6,61.8,11.1,16284,78.5,71.9,8.4,15449,65.4,60.4,7.7,9302,25.4,23.7,6.7,7221,5.7,5.2,8.8,67535,70.5,63.1,10.4,9007,59.4,36.9,38.0
"Midland, MI",310M200US33220,67098,60.6,55.3,8.8,4832,34.9,29.1,16.6,5435,78.6,67.7,13.8,19652,82.5,75.7,8.2,13000,81.0,74.9,7.6,11246,57.5,53.5,7.0,6807,18.3,17.0,7.5,6126,3.7,3.6,1.3,49333,76.0,69.5,8.5,6599,56.6,42.4,25.2
"Midland, TX",310M200US33260,113493,69.8,67.0,3.9,8050,45.3,40.0,11.6,11251,82.2,75.0,8.8,41604,84.3,81.2,3.6,19533,80.4,79.0,1.7,16930,69.0,67.8,1.7,8312,34.9,34.1,2.1,7813,11.7,10.9,6.8,89318,80.3,77.4,3.5,7645,57.8,44.7,22.5
"Milwaukee-Waukesha-West Allis, WI",310M200US33340,1231944,67.5,61.8,8.4,87118,43.1,34.5,20.0,104778,79.5,69.0,13.2,411972,86.2,79.2,8.0,226268,83.5,77.8,6.7,196118,68.3,64.3,5.8,106622,25.6,24.1,5.9,99068,5.7,5.4,5.1,939136,81.0,74.6,7.9,126870,56.3,39.0,30.7
"Minneapolis-St. Paul-Bloomington, MN-WI",310M200US33460,2679157,72.3,67.5,6.6,180913,48.5,38.7,20.2,217003,82.3,73.3,10.9,961991,88.6,83.4,5.7,512804,87.6,83.0,5.3,411823,72.6,68.6,5.6,219920,27.7,26.5,4.2,174703,5.9,5.7,3.1,2103621,84.6,79.4,6.1,201294,58.6,43.1,26.5
"Missoula, MT",310M200US33540,91633,69.8,63.4,9.1,6498,51.3,38.2,25.6,13072,77.6,66.6,13.5,30083,87.0,80.2,7.8,13837,84.1,79.3,5.6,14359,69.4,63.8,8.1,8126,30.3,28.6,5.5,5658,4.9,4.9,0.0,71351,81.2,74.2,8.4,12382,63.1,48.8,22.8
"Mobile, AL",310M200US33660,324724,59.1,52.3,11.1,23109,32.6,22.1,32.0,30044,70.3,57.5,17.9,105199,79.2,70.0,10.9,57346,73.1,66.6,8.5,52247,56.1,52.3,6.8,32789,22.5,21.5,4.7,23990,5.1,4.6,8.5,244836,71.7,63.9,10.5,42278,50.8,34.0,33.1
"Modesto, CA",310M200US33700,393800,62.3,52.1,16.3,32415,33.6,19.7,41.5,38717,74.6,57.3,23.2,138690,79.4,66.9,15.6,68740,77.1,66.5,13.7,55778,60.4,54.4,9.8,33285,22.9,20.1,12.4,26175,4.9,4.3,12.2,301925,74.7,63.3,15.3,53980,56.0,33.5,40.3
"Monroe, LA",310M200US33740,137533,58.1,53.4,7.9,9995,25.4,17.2,32.4,13914,66.5,55.7,15.6,45482,75.1,69.2,7.6,23081,73.1,69.7,4.7,21227,59.8,57.4,4.1,13198,26.7,25.8,3.2,10636,7.7,7.3,4.5,103704,70.4,65.1,7.3,20894,49.1,37.8,23.0
"Monroe, MI",310M200US33780,120430,61.9,55.7,10.0,8260,41.3,30.5,26.2,9049,81.9,67.9,17.1,35637,82.7,74.5,9.9,23877,82.1,76.5,6.8,21713,56.6,52.5,7.2,12319,17.2,16.5,4.1,9575,2.8,2.4,14.9,90276,76.2,69.1,9.3,9887,52.1,32.5,37.6
"Montgomery, AL",310M200US33860,294540,61.0,54.6,9.0,21539,32.4,22.1,30.8,28359,71.6,59.1,15.4,100768,78.0,69.3,8.8,51560,75.2,70.1,6.1,44274,60.7,57.9,4.4,27688,24.2,22.9,5.5,20352,7.6,7.1,6.2,224961,73.1,66.0,8.2,36484,51.7,35.5,30.8
"Morgantown, WV",310M200US34060,114144,58.6,54.7,6.6,10021,32.5,24.6,24.2,20319,58.6,53.0,9.3,36099,76.7,72.0,5.7,16144,75.7,72.6,4.1,15634,60.3,58.0,3.8,8989,22.9,22.4,2.1,6938,5.6,5.5,2.3,88196,69.4,65.3,5.8,19411,43.8,37.1,15.3
"Morristown, TN",310M200US34100,92322,58.0,51.4,11.2,5921,47.1,36.0,23.5,7035,72.0,57.3,20.3,28045,78.5,69.3,11.3,16405,74.7,68.5,8.2,15047,55.2,51.4,6.9,11881,22.8,21.2,6.8,7988,5.3,4.7,11.7,66532,71.6,63.8,10.7,12197,44.0,27.6,37.1
"Mount Vernon-Anacortes, WA",310M200US34580,94335,59.4,53.6,8.9,6181,40.9,32.5,20.5,6964,77.5,66.7,13.2,28007,79.1,70.0,9.8,15705,78.9,72.6,7.7,16833,64.1,61.0,4.8,11736,20.6,19.6,4.6,8909,4.3,4.1,4.5,67509,75.1,68.0,8.6,9477,48.3,37.6,22.0
"Muncie, IN",310M200US34620,97492,59.1,52.4,11.4,9695,34.8,24.6,29.2,16608,71.1,61.6,13.3,25175,82.0,72.5,11.6,14474,80.1,72.7,9.2,13544,56.7,53.9,4.9,9783,20.8,19.6,5.4,8213,6.3,5.6,11.8,69801,74.1,66.3,10.5,16597,58.4,43.7,25.2
"Muskegon, MI",310M200US34740,134934,59.1,50.7,14.1,9644,39.2,27.2,30.7,11027,75.0,57.4,23.4,41860,79.0,67.5,14.4,24892,74.7,66.9,10.2,23000,56.8,51.5,9.4,13449,18.4,17.2,6.5,11062,4.1,3.6,11.3,100779,72.4,62.6,13.5,18062,54.6,31.0,43.2
"Myrtle Beach-Conway-North Myrtle Beach, SC-NC",310M200US34820,328353,58.1,51.7,10.9,16747,42.8,31.4,26.6,24212,80.4,68.6,14.2,92959,83.7,74.7,10.5,52227,77.3,69.8,9.7,61637,54.3,49.7,8.4,52106,20.2,18.4,9.1,28465,6.7,6.2,8.1,231035,74.1,66.3,10.3,41504,57.2,40.8,28.4
"Napa, CA",310M200US34900,111914,65.7,60.1,8.4,7346,37.2,29.2,21.5,9028,78.0,66.4,14.7,34828,85.4,78.6,7.9,19690,84.2,77.0,8.5,18751,69.7,66.8,4.2,11953,30.5,29.0,4.8,10318,7.1,6.3,11.0,82297,80.7,74.2,8.0,7827,55.1,38.3,30.5
"Naples-Immokalee-Marco Island, FL",310M200US34940,278993,53.6,48.7,9.2,14318,38.1,29.6,22.3,16635,76.1,64.3,15.5,68603,82.9,75.4,9.1,41699,81.0,75.2,7.2,43950,61.8,57.5,7.0,49931,22.2,20.4,8.0,43857,6.0,5.5,7.4,170887,76.4,69.7,8.8,23645,60.7,42.2,30.5
"Nashville-Davidson--Murfreesboro--Franklin, TN",310M200US34980,1358146,67.2,61.9,7.8,89172,39.8,29.8,25.0,122314,76.3,65.5,14.1,496968,83.9,78.2,6.5,246365,80.3,75.2,6.2,204319,64.6,60.8,5.9,117103,26.9,25.6,4.8,81905,6.9,6.6,4.3,1069966,78.5,72.7,7.2,134783,56.1,40.1,28.5
"New Bern, NC",310M200US35100,102246,61.1,48.1,12.3,6098,49.5,28.4,31.7,11748,88.6,48.0,21.3,30125,79.5,63.1,11.2,15892,78.7,70.3,10.2,16426,58.6,54.4,7.1,12353,19.3,18.0,6.7,9604,5.7,5.0,11.2,74191,76.2,60.4,11.6,10067,61.9,44.0,28.1
"New Haven-Milford, CT",310M200US35300,699988,66.5,59.6,10.4,50786,39.5,28.2,28.5,60057,74.4,61.6,17.2,219571,84.7,76.1,9.9,129917,84.3,77.5,8.1,110700,72.3,66.9,7.5,67074,31.6,29.4,6.8,61883,6.7,6.4,5.3,520245,80.8,72.8,9.7,59340,49.7,31.8,35.8
"New Orleans-Metairie, LA",310M200US35380,977266,63.6,57.6,9.0,61756,31.1,21.8,29.7,85108,70.4,58.5,16.3,335833,82.6,74.9,8.6,176445,77.8,72.5,6.7,160245,61.9,58.2,6.0,90615,26.4,25.0,5.2,67264,6.9,6.3,8.5,757631,75.7,69.0,8.5,124633,52.5,36.5,30.5
"New York-Newark-Jersey City, NY-NJ-PA",310M200US35620,15934930,64.9,58.8,9.3,1032475,28.4,20.2,28.7,1357263,67.0,55.3,17.0,5563659,83.2,76.1,8.4,2908111,81.9,75.9,7.4,2378552,68.2,63.2,7.4,1448887,29.0,26.8,7.5,1245983,6.7,6.2,7.2,12207585,78.2,71.2,8.8,1510158,49.8,34.5,30.6
"Niles-Benton Harbor, MI",310M200US35660,124533,60.8,54.3,10.6,8280,39.7,28.8,27.3,9372,77.8,65.5,15.7,35897,81.1,71.9,11.3,22683,78.3,71.3,9.0,21880,64.1,60.1,6.4,14220,24.3,23.2,4.8,12201,6.1,5.9,3.8,89832,75.9,68.2,10.2,14191,51.2,33.5,34.6
"North Port-Sarasota-Bradenton, FL",310M200US35840,611740,52.4,47.3,9.8,29041,38.2,28.7,24.7,33846,79.4,67.3,14.8,139281,82.9,75.1,9.4,94880,81.3,75.1,7.6,106643,59.3,54.3,8.6,106641,20.5,18.5,9.7,101408,5.0,4.5,10.1,374650,75.5,68.5,9.2,51101,54.9,36.7,33.0
"Norwich-New London, CT",310M200US35980,223639,68.2,59.6,8.4,14858,46.1,31.2,17.5,20019,80.7,57.4,14.9,67521,85.1,73.7,8.8,42975,85.9,80.1,6.6,36859,73.4,68.7,6.3,22708,30.8,29.5,4.3,18699,5.9,5.4,7.9,167374,82.2,72.3,8.3,13674,56.1,33.1,40.9
"Ocala, FL",310M200US36100,279068,48.1,41.8,12.9,14577,36.7,24.1,34.4,17696,73.7,57.9,21.2,67677,74.8,65.6,12.0,42911,73.7,65.9,10.5,46420,51.9,46.6,10.1,49673,15.9,14.5,8.6,40114,3.9,3.4,12.1,174704,68.3,59.8,12.2,31712,49.8,30.6,38.4
"Ocean City, NJ",310M200US36140,81077,59.9,53.0,10.2,4772,46.6,33.6,21.2,5538,76.5,65.1,10.1,18942,84.7,74.6,10.8,14363,82.2,73.5,10.1,15565,65.8,60.8,7.4,11864,27.8,24.8,10.7,10033,7.4,6.8,8.4,54408,77.8,69.4,9.7,5615,47.5,29.2,38.0
"Odessa, TX",310M200US36220,106375,66.9,63.3,5.3,8261,48.8,41.1,15.8,11895,75.8,70.5,7.0,39664,80.1,75.8,5.4,17565,78.3,75.8,3.1,14646,63.6,62.1,2.5,7945,34.3,32.2,6.0,6399,8.4,8.4,0.0,83770,76.2,72.6,4.7,9902,54.1,46.5,13.9
"Ogden-Clearfield, UT",310M200US36260,437175,68.0,63.4,5.9,36321,49.6,42.2,14.6,42235,80.4,71.1,9.4,171533,81.3,76.1,5.2,69517,83.0,79.2,4.4,57786,66.6,63.9,4.0,33318,24.8,23.8,4.0,26465,5.6,5.5,1.5,341071,79.0,74.0,5.4,31013,58.0,44.3,23.5
"Oklahoma City, OK",310M200US36420,1007827,65.3,60.8,6.1,69327,40.0,32.4,18.7,101742,76.6,67.2,10.5,357373,82.0,76.6,5.5,170423,78.4,74.6,4.6,150632,63.4,61.1,3.6,90137,27.3,26.2,4.0,68193,7.9,7.7,2.4,780170,76.9,71.9,5.6,109435,52.6,41.6,20.9
"Olympia-Tumwater, WA",310M200US36500,207683,64.1,56.5,9.1,12676,36.5,26.3,28.0,17694,76.2,60.0,18.2,69637,82.7,71.1,8.8,35533,82.4,76.7,6.2,35751,64.5,61.1,5.2,21137,20.7,19.5,5.6,15255,4.2,4.0,4.6,158615,77.8,68.9,8.5,17585,57.0,39.2,30.9
"Omaha-Council Bluffs, NE-IA",310M200US36540,679739,71.8,67.0,5.9,47492,52.1,41.6,19.8,58650,83.5,74.2,9.2,246019,87.3,81.8,5.2,121493,86.1,82.0,4.4,103173,71.8,69.2,3.7,56609,30.8,29.7,3.5,46303,6.5,6.4,2.0,529335,83.6,78.5,5.2,57237,59.4,44.5,24.9
"Orlando-Kissimmee-Sanford, FL",310M200US36740,1778559,65.1,58.2,10.5,122424,29.9,20.1,32.7,174225,74.2,62.6,15.6,624438,84.0,75.8,9.6,314262,81.6,74.6,8.5,252125,65.0,59.5,8.5,165513,23.8,21.9,7.7,125572,5.7,5.1,9.6,1365050,78.7,70.8,9.9,198550,57.9,40.2,30.5
"Oshkosh-Neenah, WI",310M200US36780,136631,66.3,62.5,5.7,9780,53.9,44.7,17.0,14941,80.7,75.6,6.3,42774,82.9,78.1,5.6,24594,83.9,80.6,3.8,20982,67.3,64.3,4.5,12071,21.2,20.4,4.0,11489,4.8,4.4,6.9,103291,79.6,75.5,5.0,12101,63.2,51.2,19.1
"Owensboro, KY",310M200US36980,90570,60.3,56.1,6.8,5604,48.4,35.3,27.0,7006,78.7,70.1,10.3,28309,80.6,75.3,6.4,16784,76.3,72.7,4.6,14976,56.2,54.0,3.9,9730,19.2,18.9,1.4,8161,5.8,5.6,3.4,67075,73.9,69.3,5.9,9087,48.2,36.2,24.9
"Oxnard-Thousand Oaks-Ventura, CA",310M200US37100,652229,67.2,60.4,9.4,48570,35.7,26.4,24.6,59393,78.8,67.1,12.8,216484,84.0,75.6,9.0,121993,82.8,76.2,7.8,100190,70.1,64.6,7.8,58421,31.1,29.1,6.5,47178,6.8,6.4,5.9,498060,80.3,72.5,8.9,47800,58.7,43.3,26.0
"Palm Bay-Melbourne-Titusville, FL",310M200US37340,457880,56.6,49.5,12.1,26321,33.0,22.4,32.1,31125,74.7,60.7,17.4,116104,81.9,71.3,12.1,86364,80.5,73.0,9.1,79958,58.0,51.7,10.8,62285,21.4,19.1,10.4,55723,5.3,4.8,8.1,313551,74.7,65.7,11.5,43078,55.1,33.7,38.8
"Panama City, FL",310M200US37460,153184,61.1,53.5,10.1,8874,43.2,30.8,23.8,12940,78.7,62.9,13.1,49357,80.0,69.7,9.8,28228,76.8,69.8,8.4,24532,57.9,53.2,8.0,16674,21.1,19.0,10.0,12579,6.1,5.7,5.7,115057,74.3,65.4,9.5,15543,53.5,37.4,29.8
"Parkersburg-Vienna, WV",310M200US37620,74894,57.9,52.2,9.8,4220,38.3,25.1,34.3,5126,79.1,67.9,14.2,22087,79.7,71.2,10.4,13932,77.1,71.9,6.8,13228,55.6,51.8,6.8,9293,18.3,17.7,3.1,7008,4.5,4.5,0.0,54373,73.1,66.3,9.2,9030,48.3,33.0,31.7
"Pensacola-Ferry Pass-Brent, FL",310M200US37860,373211,61.5,51.6,10.5,27634,45.0,24.4,26.9,37721,76.4,54.1,14.1,115704,79.8,66.8,10.8,66216,77.8,70.8,8.3,58626,59.0,54.9,7.0,38818,21.4,19.9,6.9,28492,5.4,5.2,3.8,278267,74.5,63.5,9.9,37246,54.6,32.7,39.8
"Peoria, IL",310M200US37900,300212,63.9,58.7,8.0,19879,42.0,32.4,22.8,23858,78.6,67.3,14.3,95690,84.6,77.5,8.0,52053,83.2,78.1,6.1,49909,63.4,60.5,4.6,30982,23.5,22.7,3.2,27841,5.7,5.6,2.2,221510,78.9,72.7,7.6,26370,55.1,36.4,34.0
"Philadelphia-Camden-Wilmington, PA-NJ-DE-MD",310M200US37980,4807950,65.4,58.8,9.9,333064,36.9,26.3,28.5,421595,71.2,58.4,17.8,1572818,83.6,75.7,9.2,891818,81.7,75.6,7.4,754584,68.6,63.9,6.8,443417,30.0,28.0,6.8,390654,6.7,6.3,6.5,3640815,78.6,71.2,9.2,433940,46.9,29.5,37.1
"Phoenix-Mesa-Scottsdale, AZ",310M200US38060,3347861,62.5,56.8,9.1,237016,37.1,27.2,26.5,301624,73.8,63.1,14.0,1198945,79.7,73.3,7.8,561261,79.6,73.6,7.4,473532,62.3,57.8,7.3,330552,22.0,20.3,7.5,244931,5.4,5.0,7.6,2535362,75.7,69.3,8.3,386409,50.6,35.8,29.2
"Pine Bluff, AR",310M200US38220,77676,53.1,46.2,12.9,5434,35.9,17.9,49.3,7274,61.3,47.7,22.0,24532,66.1,56.6,14.3,13787,71.2,66.6,6.4,12805,52.5,49.7,5.3,7795,21.8,21.0,3.8,6049,6.1,5.8,4.1,58398,63.7,56.3,11.5,10995,52.7,34.6,34.2
"Pittsburgh, PA",310M200US38300,1952680,62.6,58.0,7.4,120061,41.4,32.6,21.1,149995,75.9,65.9,13.2,569142,84.1,78.1,7.0,352985,81.6,77.2,5.3,342815,66.3,62.7,5.4,209652,25.8,24.5,5.3,208030,5.8,5.5,4.9,1414937,78.3,72.8,6.9,162856,47.7,33.6,29.6
"Pittsfield, MA",310M200US38340,109102,63.0,57.0,9.4,7474,44.8,34.3,23.3,8307,72.0,60.0,16.7,27697,86.4,78.2,9.3,19982,83.1,76.7,7.6,20028,69.4,65.1,6.2,13162,31.4,29.0,7.5,12452,6.5,6.2,4.2,76014,79.5,72.4,8.9,9005,51.9,33.3,35.9
"Pocatello, ID",310M200US38540,63109,64.7,59.9,7.4,4860,44.4,34.6,22.2,7045,75.4,65.4,13.3,22338,80.4,75.1,6.6,9393,82.3,80.2,2.5,9698,65.2,61.3,6.1,5511,20.0,19.1,4.7,4264,5.3,5.2,0.9,48474,77.0,71.9,6.6,7614,59.0,49.7,15.8
"Ponce, PR",310M200US38660,267232,43.0,32.9,23.4,21001,14.6,4.7,68.1,25265,49.3,27.5,44.2,84011,68.7,53.3,22.3,42616,57.7,48.1,16.6,41504,33.7,28.5,15.1,30908,8.0,7.3,9.5,21927,3.3,3.1,5.8,193396,56.2,43.5,22.6,95081,42.9,24.8,42.2
"Portland-South Portland, ME",310M200US38860,425610,68.0,63.6,6.2,26028,49.5,40.3,18.6,30115,83.6,74.0,10.8,127164,86.6,81.0,6.0,83350,85.2,81.2,4.7,75939,71.6,68.6,4.2,45717,30.1,28.8,4.3,37297,5.5,5.4,2.5,316568,82.4,77.4,5.7,33458,55.9,41.7,25.4
"Portland-Vancouver-Hillsboro, OR-WA",310M200US38900,1820979,66.8,60.3,9.6,112985,37.4,25.8,31.0,142700,77.3,65.0,15.8,676216,83.5,76.1,8.7,317492,82.5,76.0,7.8,290036,65.9,61.1,7.3,162990,24.2,22.5,7.3,118560,5.0,4.8,5.9,1426444,79.1,71.9,8.9,187143,57.0,40.0,29.7
"Port St. Lucie, FL",310M200US38940,357354,54.7,47.8,12.7,19432,36.2,22.1,39.1,22821,75.9,59.8,21.1,92539,80.2,70.2,12.4,60596,79.2,71.9,9.0,59053,58.5,52.8,9.7,53212,22.2,19.9,10.3,49701,5.5,4.9,9.7,235009,74.1,65.3,11.8,37451,54.1,35.0,35.4
"Prescott, AZ",310M200US39140,179963,50.7,45.2,10.9,9627,48.7,36.2,25.8,10229,74.6,58.7,21.2,38720,80.0,72.9,8.7,27781,72.5,66.0,8.9,37497,55.5,50.1,9.7,32809,17.9,16.1,9.8,23300,5.1,4.9,4.1,114227,69.6,62.5,10.2,20544,48.3,33.8,29.9
"Providence-Warwick, RI-MA",310M200US39300,1309631,65.9,59.3,9.7,94465,45.9,34.2,25.5,120647,76.4,65.6,13.6,402272,85.1,76.4,9.4,243159,83.2,76.8,7.5,207955,68.3,63.6,6.9,125476,27.9,26.1,6.2,115657,5.8,5.2,10.1,974033,79.9,72.5,9.0,118710,49.6,32.6,34.2
"Provo-Orem, UT",310M200US39340,375399,67.6,62.9,6.7,40827,48.7,39.3,19.2,66073,79.1,73.2,7.3,149248,76.1,71.5,5.7,45842,79.2,75.6,4.3,35363,70.1,67.0,4.4,21651,27.9,26.6,4.8,16395,5.8,5.6,3.8,296526,76.5,72.0,5.7,42203,65.0,55.9,14.0
"Pueblo, CO",310M200US39380,126659,58.2,51.5,11.1,8659,44.6,29.4,34.0,10864,75.5,63.7,15.0,38580,78.8,70.0,10.7,21253,75.3,68.3,9.0,21405,55.0,51.3,6.7,13826,21.2,20.0,5.8,12072,4.2,4.1,4.7,92102,72.1,64.5,10.1,16501,50.3,34.0,32.5
"Punta Gorda, FL",310M200US39460,143862,43.7,38.2,12.6,5317,39.0,25.1,35.7,6856,76.1,62.9,17.3,25154,76.4,67.3,11.7,20228,77.6,67.1,13.5,27569,51.7,46.5,10.1,31323,15.8,14.6,7.8,27415,5.1,4.9,3.9,79807,68.1,59.7,12.4,11716,57.5,36.5,36.4
"Racine, WI",310M200US39540,152991,65.4,59.2,9.4,9987,47.6,33.3,30.1,11491,77.8,63.9,17.9,48074,82.8,76.1,8.2,30543,81.7,76.1,6.8,25800,67.6,63.2,6.5,14676,23.7,21.6,8.7,12420,5.2,4.9,5.6,115908,78.7,72.0,8.4,13213,56.0,36.5,34.8
"Raleigh, NC",310M200US39580,916690,69.8,64.2,8.0,64981,35.6,27.2,23.6,77087,74.3,63.5,14.4,357831,85.9,79.4,7.3,173301,83.9,78.8,5.9,126840,67.7,63.8,5.8,70600,26.1,24.6,5.9,46050,6.4,6.0,5.7,735059,81.1,74.9,7.4,79562,60.4,44.2,26.8
"Rapid City, SD",310M200US39660,109270,68.8,63.4,4.9,6910,55.9,44.3,18.2,9489,84.7,69.6,8.1,34805,85.9,78.3,4.6,18662,86.0,83.4,2.9,19185,68.2,65.9,3.3,11227,31.5,30.8,2.3,8992,7.3,7.2,1.1,82141,81.7,75.6,4.3,8631,60.5,47.6,20.6
"Reading, PA",310M200US39740,329111,65.8,59.6,9.4,25384,45.9,32.6,29.1,28289,76.5,64.2,16.1,98828,85.6,77.9,8.8,61701,84.2,78.7,6.5,52405,69.6,66.0,5.2,32443,26.8,25.0,6.7,30061,5.4,5.1,5.7,241223,80.7,73.9,8.3,29994,52.7,32.9,37.6
"Redding, CA",310M200US39820,144420,53.6,47.0,12.2,9469,32.9,23.6,28.2,11252,71.9,59.4,17.4,40266,75.2,65.2,13.2,24893,71.6,65.0,9.2,26154,52.7,48.2,8.6,18400,20.0,18.2,9.1,13986,4.2,4.0,4.2,102565,68.2,60.2,11.7,18783,47.0,31.6,32.9
"Reno, NV",310M200US39900,346245,66.1,58.9,10.6,22733,39.4,29.4,25.4,32545,77.0,64.6,15.7,114493,84.0,76.0,9.2,61003,83.5,75.4,9.5,57062,64.9,59.0,9.0,35990,25.0,22.6,9.6,22419,7.2,6.3,12.6,265103,78.9,70.8,10.0,38849,54.5,38.5,29.2
"Richmond, VA",310M200US40060,985742,66.3,60.4,8.2,67781,39.3,27.4,29.4,85127,75.4,61.3,17.3,332336,83.3,76.3,7.4,183754,82.2,77.4,5.6,158112,66.8,63.7,4.5,91533,27.5,26.5,3.8,67099,6.0,5.8,2.9,759329,78.7,72.2,7.5,83844,53.7,36.6,31.7
"Riverside-San Bernardino-Ontario, CA",310M200US40140,3289335,61.0,51.9,14.1,282544,29.0,16.7,41.5,338996,72.5,55.3,21.8,1163212,77.7,67.1,12.9,575098,76.7,68.6,10.4,447035,59.3,53.3,10.1,273977,21.0,18.7,11.1,208473,4.9,4.4,11.5,2524341,73.5,63.4,13.0,393497,52.7,34.0,35.4
"Roanoke, VA",310M200US40220,252793,62.4,58.2,6.6,15774,43.9,35.3,19.7,17893,77.8,67.7,12.5,75199,83.6,78.4,6.0,45702,79.8,75.6,5.2,44627,64.1,61.1,4.8,29873,24.9,24.1,3.0,23725,6.7,6.3,5.6,183421,77.4,72.4,6.2,23302,50.7,37.1,26.5
"Rochester, MN",310M200US40340,163190,71.6,68.4,4.5,10057,53.3,46.0,13.6,11058,83.9,79.0,5.9,55418,89.3,85.2,4.5,30537,90.1,87.1,3.4,26141,76.5,74.2,3.0,15756,27.4,26.4,3.5,14223,6.2,6.1,1.8,123154,86.3,82.8,4.1,9833,60.8,49.3,18.9
"Rochester, NY",310M200US40380,875803,63.7,58.6,7.8,65618,42.2,33.0,21.8,81688,72.7,62.8,13.5,260166,83.5,77.5,7.1,162593,82.1,77.4,5.7,143407,65.4,61.9,5.4,87279,25.0,23.5,5.8,75052,5.3,5.1,4.3,647854,77.8,72.1,7.2,85968,48.7,34.3,29.6
"Rockford, IL",310M200US40420,270187,65.4,57.4,12.3,18702,42.6,31.5,26.1,21114,81.8,64.5,21.2,86396,84.6,74.1,12.3,50131,81.7,74.1,9.3,44076,66.9,61.3,8.4,27511,24.3,22.4,7.8,22257,5.6,5.1,8.6,201717,79.7,70.3,11.8,29568,59.9,36.0,39.9
"Rocky Mount, NC",310M200US40580,119924,60.7,52.0,14.3,8380,39.5,25.4,35.7,9548,74.8,55.7,25.5,35473,81.7,69.9,14.4,22071,78.5,70.2,10.5,21306,59.6,54.0,9.4,13268,20.8,19.5,6.6,9878,5.8,5.5,4.7,88398,74.8,64.6,13.6,15110,53.4,32.1,39.9
"Rome, GA",310M200US40660,75886,58.3,51.1,12.1,5979,44.2,33.3,24.6,6822,73.4,63.2,13.9,24041,77.2,67.2,12.6,12892,72.3,64.8,10.4,11935,56.4,51.4,8.4,7823,20.9,19.0,9.2,6394,5.1,5.1,0.0,55690,71.1,62.8,11.5,11104,48.1,32.5,32.3
"Sacramento--Roseville--Arden-Arcade, CA",310M200US40900,1728252,62.7,55.0,12.0,123015,33.4,21.2,36.5,164587,72.0,57.7,19.6,583520,81.8,72.5,11.0,307243,79.7,72.6,8.9,264918,60.6,55.2,8.8,158050,22.3,20.3,8.9,126919,4.6,4.3,7.3,1320268,75.8,67.2,11.1,199224,53.7,34.8,35.2
"Saginaw, MI",310M200US40980,158313,58.2,51.1,12.1,11683,43.1,30.3,29.8,14483,77.0,64.7,16.0,45144,81.8,71.5,12.5,27839,77.2,70.1,9.2,27255,50.4,46.5,7.8,17186,18.3,16.9,7.3,14723,4.5,4.4,3.4,114721,72.6,64.4,11.3,19176,52.8,33.4,36.7
"St. Cloud, MN",310M200US41060,150873,72.0,67.2,6.7,12701,62.9,51.4,18.3,19305,82.1,75.3,8.3,47434,89.7,84.4,5.8,25711,87.8,83.0,5.4,21464,72.7,70.1,3.6,12501,26.5,25.5,3.5,11757,6.6,6.1,7.1,113914,84.8,79.8,5.8,15370,60.8,48.2,20.7
"St. George, UT",310M200US41100,106845,57.0,51.7,9.4,8325,50.2,34.3,31.7,9531,76.2,67.5,11.3,33290,78.7,72.8,7.5,13854,81.4,75.9,6.8,15234,57.7,53.3,7.6,14381,18.9,17.8,5.7,12230,4.2,4.1,1.9,71909,74.5,68.6,7.9,10449,57.2,44.8,21.7
"St. Joseph, MO-KS",310M200US41140,101999,61.9,56.7,8.1,6751,49.5,37.6,24.1,9354,76.6,68.3,10.5,32999,76.7,70.5,7.7,18099,76.7,71.6,6.4,16063,64.8,61.2,5.5,9973,24.2,23.4,3.4,8760,6.5,6.2,4.0,76515,74.2,68.5,7.3,10483,52.9,38.6,26.9
"St. Louis, MO-IL",310M200US41180,2224712,66.3,60.2,8.9,149075,43.5,32.6,24.8,181571,78.5,66.5,14.9,724862,85.3,77.7,8.5,415363,83.1,77.2,7.0,360871,66.1,62.2,5.9,212019,25.2,24.0,4.8,180951,6.0,5.7,5.2,1682667,79.9,73.1,8.3,201381,53.9,35.2,34.7
"Salem, OR",310M200US41420,307269,61.6,53.8,12.6,23687,38.8,26.2,32.4,28785,73.9,58.9,20.3,100930,80.4,70.1,12.4,49668,79.0,71.9,8.8,48434,63.1,57.9,8.2,30840,21.6,20.4,5.5,24925,5.1,4.9,4.3,227817,75.6,66.5,11.8,38441,57.5,37.5,34.8
"Salinas, CA",310M200US41500,323806,61.8,54.2,9.6,24752,30.1,19.8,28.5,33220,71.5,54.8,15.1,119178,76.5,67.4,8.9,53115,77.0,70.8,7.8,45646,61.8,57.5,6.9,25851,28.6,26.8,6.5,22044,6.0,5.6,5.8,251159,73.3,64.7,9.1,34910,54.7,41.7,23.5
"Salisbury, MD-DE",310M200US41540,313661,58.7,53.1,9.3,19781,41.1,32.0,22.0,27591,68.9,58.4,15.2,82998,81.1,73.5,9.0,52360,79.9,74.6,6.5,55103,61.4,56.6,7.9,44670,26.3,24.3,7.5,31158,7.0,6.5,6.7,218052,74.3,67.6,8.9,28784,50.9,35.0,31.1
"Salt Lake City, UT",310M200US41620,829052,71.1,66.0,7.1,60967,48.7,37.8,22.1,83427,82.3,72.3,11.7,343132,83.1,78.1,5.9,130525,83.0,78.5,5.4,109463,70.1,66.7,4.8,58437,31.0,29.9,3.4,43101,6.5,6.3,3.4,666547,80.8,75.6,6.4,75725,60.5,44.9,25.8
"San Angelo, TX",310M200US41660,90884,63.6,56.0,5.9,7064,48.2,29.6,20.6,11015,72.7,53.8,10.2,28704,83.5,74.1,5.5,14276,78.4,75.1,4.0,13614,62.4,60.2,3.0,8547,24.9,24.8,0.6,7664,7.9,7.8,1.5,67609,76.4,68.2,5.3,9725,56.2,46.3,17.3
"San Antonio-New Braunfels, TX",310M200US41700,1717626,64.7,58.6,7.6,134143,38.6,26.8,24.9,165411,75.0,62.2,13.3,617278,82.3,75.0,6.9,296614,79.5,75.0,5.1,245322,60.4,57.3,5.0,147848,24.7,23.7,4.0,111010,5.4,5.1,6.1,1324625,76.7,70.1,7.0,184119,52.8,41.2,21.9
"San Diego-Carlsbad, CA",310M200US41740,2540664,64.9,55.9,9.6,178299,31.7,19.2,31.0,274231,75.1,54.0,15.1,923784,81.1,70.7,8.5,428521,79.4,73.1,7.4,353650,65.8,60.5,7.9,205617,26.0,24.1,7.4,176562,5.4,4.9,7.7,1980186,77.2,67.1,9.0,268356,48.1,33.7,29.4
"San Francisco-Oakland-Hayward, CA",310M200US41860,3641806,66.9,61.0,8.7,206750,29.2,20.4,29.9,281064,70.0,59.2,15.2,1344890,84.9,78.2,7.7,655538,83.3,77.0,7.5,558337,68.6,63.5,7.5,326812,28.7,26.8,6.8,268415,6.0,5.7,4.8,2839829,79.8,73.2,8.3,302911,52.7,36.7,30.3
"San Germn, PR",310M200US41900,109224,33.7,29.0,13.9,7883,7.8,3.6,53.3,9131,22.1,16.5,25.3,32878,58.6,50.3,14.2,16702,52.9,46.9,11.3,16954,30.1,27.0,10.1,14830,5.3,5.0,5.4,10846,1.7,1.7,0.0,75665,46.5,40.2,13.5,37283,29.5,20.6,30.4
"San Jose-Sunnyvale-Santa Clara, CA",310M200US41940,1495713,67.2,61.1,9.0,94190,27.8,20.5,26.1,121087,70.0,60.8,13.2,574440,83.8,77.3,7.7,277394,83.4,76.4,8.3,207935,68.4,62.2,9.1,121436,27.5,25.4,7.7,99231,5.5,5.1,7.3,1180856,79.6,72.7,8.5,108483,54.3,37.1,31.7
"San Juan-Carolina-Caguas, PR",310M200US41980,1839166,48.6,40.4,16.9,134982,17.1,6.9,59.9,164751,55.2,37.6,31.8,598684,75.6,63.7,15.6,304874,64.4,56.1,12.7,273133,37.8,33.7,10.7,205602,11.3,10.5,7.0,157140,3.2,3.0,6.5,1341442,62.8,52.7,16.1,494960,45.1,27.1,39.8
"San Luis Obispo-Paso Robles-Arroyo Grande, CA",310M200US42020,229279,58.6,53.3,8.0,18510,31.5,22.4,24.0,29440,66.5,57.0,11.0,61732,80.0,74.5,6.4,36178,78.2,73.0,6.6,38673,62.9,58.2,7.5,24429,23.9,22.3,6.8,20317,5.2,4.8,7.6,166023,73.2,67.3,7.4,25464,50.6,40.6,19.7
"Santa Cruz-Watsonville, CA",310M200US42100,218820,64.8,59.1,8.7,19454,30.9,24.3,21.4,27090,68.1,58.9,13.5,65419,84.0,77.6,7.6,36754,82.4,77.0,6.5,37491,66.8,61.6,7.7,19013,32.7,30.3,7.3,13599,6.3,5.7,9.7,166754,77.2,70.9,8.2,25481,58.3,44.6,23.4
"Santa Fe, NM",310M200US42140,120282,63.8,57.9,9.0,6800,44.5,28.1,36.6,7884,78.0,64.9,16.2,34436,81.8,74.6,8.5,21243,81.5,76.9,5.6,24501,66.6,62.2,6.6,16033,30.7,28.7,6.5,9385,8.4,8.1,4.7,88064,77.2,70.8,8.0,13417,56.3,41.2,26.8
"Santa Maria-Santa Barbara, CA",310M200US42200,344560,63.8,57.7,8.9,31103,36.6,25.8,29.1,47494,70.9,62.3,10.8,107360,82.4,75.1,7.9,53426,81.4,75.9,6.6,47398,66.9,62.5,6.6,29457,31.3,29.6,5.6,28322,6.3,5.5,11.6,255678,77.2,70.5,7.9,39451,55.5,42.1,24.1
"Santa Rosa, CA",310M200US42220,399649,65.2,58.8,9.6,25593,40.9,30.6,24.8,32566,77.1,65.3,14.5,123598,83.7,75.9,8.9,71119,82.6,76.2,7.7,71638,67.3,61.8,8.0,42459,30.2,27.9,7.7,32676,6.0,5.6,6.9,298921,78.8,71.4,9.0,37018,54.8,38.8,29.2
"Savannah, GA",310M200US42340,284285,63.6,56.4,9.1,20624,34.7,22.8,33.3,30081,67.0,51.8,18.4,101224,83.4,73.9,7.8,47230,79.1,73.9,6.1,41137,61.3,58.5,4.5,25804,22.5,20.9,6.9,18185,4.3,4.2,1.7,219672,76.1,68.0,8.2,32864,52.7,38.5,26.5
"Scranton--Wilkes-Barre--Hazleton, PA",310M200US42540,464031,60.1,55.2,8.2,30121,42.2,34.3,18.9,37825,73.0,63.2,13.3,133205,82.0,74.9,8.5,82336,79.4,75.0,5.5,77875,62.1,58.4,6.1,52119,24.6,23.1,6.4,50550,5.9,5.7,4.0,331241,75.6,69.7,7.8,44415,46.6,33.4,28.3
"Seattle-Tacoma-Bellevue, WA",310M200US42660,2849382,68.3,62.0,8.2,174070,35.9,25.8,27.2,240469,77.5,63.5,14.7,1069834,83.7,76.4,7.2,519469,82.8,77.2,6.6,434176,69.2,64.9,6.1,234430,27.2,25.7,5.6,176934,4.9,4.6,6.1,2263948,80.0,73.0,7.6,239819,52.3,36.5,30.0
"Sebastian-Vero Beach, FL",310M200US42680,118491,51.6,44.5,13.6,5959,35.9,26.9,25.0,6718,75.1,56.1,25.3,26297,82.5,72.3,12.1,18604,78.4,68.8,12.2,20591,61.6,53.5,13.2,19843,20.3,18.3,9.7,20479,4.9,4.7,3.6,72210,74.8,64.5,13.6,11562,59.7,37.2,37.7
"Sebring, FL",310M200US42700,82459,43.6,37.0,14.9,3759,35.8,18.7,47.7,4544,67.6,49.8,25.8,17470,79.0,67.2,14.7,11062,72.5,67.4,7.0,13152,51.5,42.8,16.9,16432,13.3,12.2,8.5,16040,4.7,4.6,1.7,46228,68.5,58.6,14.3,9294,53.7,35.8,33.1
"Sheboygan, WI",310M200US43100,91692,68.7,64.1,6.8,6026,56.7,49.5,12.7,6427,81.7,70.7,13.6,27924,87.1,81.2,6.7,17816,88.2,84.3,4.4,15797,73.7,69.5,5.7,9139,25.1,24.1,4.2,8563,4.3,4.0,7.3,67964,83.8,78.3,6.5,5515,61.9,41.8,32.5
"Sherman-Denison, TX",310M200US43300,96332,60.9,55.3,9.1,6921,37.0,25.6,30.3,7842,78.8,65.0,17.4,28438,81.7,75.2,7.9,17259,78.8,74.0,6.2,16027,62.5,58.4,6.6,11167,23.1,22.2,4.1,8678,5.5,5.0,7.8,69566,76.2,69.9,8.3,10384,52.3,37.5,28.3
"Shreveport-Bossier City, LA",310M200US43340,347621,61.3,55.5,7.6,23674,34.4,24.8,26.2,30918,73.8,59.5,13.4,116498,80.2,72.0,7.9,59092,76.4,72.6,4.6,55503,59.2,56.6,4.3,34080,25.4,24.6,3.3,27856,7.2,7.0,1.6,262011,74.1,67.4,7.1,43522,48.0,35.4,26.1
"Sierra Vista-Douglas, AZ",310M200US43420,104263,52.2,43.6,9.3,7020,44.0,25.3,21.9,8339,77.9,54.6,11.4,31145,68.0,56.2,8.8,16311,70.9,63.9,8.4,17444,53.5,49.2,8.0,14005,16.3,15.2,6.6,9999,4.9,4.6,6.3,73239,66.3,56.1,8.8,10631,50.8,36.9,26.5
"Sioux City, IA-NE-SD",310M200US43580,129062,69.8,66.1,5.2,9775,58.4,50.3,13.9,11014,84.8,76.8,9.3,40723,87.1,82.5,5.2,22807,84.8,81.3,3.9,21119,74.7,72.9,2.4,12331,31.0,30.6,1.4,11293,6.1,5.7,6.3,95663,83.5,79.4,4.8,11039,58.7,46.2,21.3
"Sioux Falls, SD",310M200US43620,183140,75.0,71.9,3.9,12444,58.8,51.4,12.6,15315,84.0,78.3,6.2,67839,90.0,86.9,3.1,32408,88.5,84.9,4.0,27454,77.2,75.3,2.6,14683,35.0,34.5,1.2,12997,7.8,7.7,2.2,143016,86.6,83.3,3.6,12342,57.1,43.2,24.3
"South Bend-Mishawaka, IN-MI",310M200US43780,251336,64.0,57.4,10.3,19519,37.8,27.6,27.1,23523,71.0,58.8,17.2,77253,84.3,75.7,10.2,43437,82.3,76.4,7.2,41576,67.5,62.6,7.3,24229,26.2,24.7,5.9,21799,6.2,6.1,1.6,185789,78.4,70.8,9.7,27864,58.1,38.1,34.5
"Spartanburg, SC",310M200US43900,249896,60.8,54.3,10.6,17564,42.4,30.8,27.4,21746,75.3,62.9,16.4,78831,80.7,72.3,10.3,45133,77.2,71.0,8.0,40515,56.9,52.9,7.0,27147,20.5,19.3,5.8,18960,5.7,5.5,4.0,186225,74.1,66.7,9.9,29351,51.3,32.5,36.6
"Spokane-Spokane Valley, WA",310M200US44060,425902,60.5,54.4,9.2,29059,36.0,26.1,27.1,40489,74.2,61.3,15.0,134050,78.2,70.5,8.5,73410,77.5,72.2,6.7,71877,61.9,57.9,6.5,43846,21.6,20.3,6.0,33171,4.7,4.4,6.7,319826,73.9,66.9,8.5,50126,46.2,33.3,27.8
"Springfield, IL",310M200US44100,167877,67.0,61.5,8.0,10624,44.7,32.6,26.4,12736,80.3,69.9,12.7,53218,88.0,80.4,8.2,31013,85.4,80.7,5.4,29166,64.3,61.1,5.1,16874,27.7,26.5,4.4,14246,5.8,5.4,6.1,126133,81.1,74.9,7.3,16624,61.0,40.5,33.6
"Springfield, MA",310M200US44140,510561,63.5,57.1,9.9,45616,42.6,30.5,28.5,58826,69.1,58.3,15.5,145307,82.8,74.5,9.8,89340,80.4,75.1,6.4,81076,68.6,64.6,5.7,47402,28.8,27.4,5.0,42994,5.9,5.5,7.0,374549,77.0,70.0,9.0,55605,44.1,29.1,34.0
"Springfield, MO",310M200US44180,353929,62.8,57.8,8.0,24724,43.6,33.0,24.2,39475,78.2,68.9,11.6,113342,82.5,76.5,7.2,58582,77.0,72.2,6.1,52833,61.3,58.0,5.4,35554,23.3,22.6,2.7,29419,5.0,4.9,2.1,264232,76.4,70.7,7.3,44788,56.4,42.9,23.9
"Springfield, OH",310M200US44220,109322,60.1,53.5,10.8,7434,46.1,29.3,36.1,8781,78.9,65.9,16.4,31364,82.7,74.1,10.0,19293,76.5,69.9,8.6,19223,58.2,54.4,6.5,12762,22.8,21.9,4.0,10465,5.7,5.1,10.2,78661,74.8,67.3,9.7,14160,52.1,35.4,32.0
"State College, PA",310M200US44300,134902,57.8,54.7,5.3,18179,25.6,21.7,15.3,28209,51.6,47.6,7.6,35813,81.8,77.9,4.5,18114,85.1,82.4,3.0,16096,68.6,66.0,3.9,9899,25.1,24.5,2.3,8592,5.8,5.7,0.8,98232,71.6,68.1,4.7,21257,42.4,36.2,14.4
"Staunton-Waynesboro, VA",310M200US44420,97147,60.3,56.6,5.8,5676,40.0,34.1,14.7,7078,76.1,67.4,10.0,28797,78.5,73.3,6.3,17537,79.3,75.7,4.2,16597,63.0,61.2,3.0,11989,26.7,25.2,5.8,9473,7.9,7.6,3.1,70009,74.8,70.4,5.4,8256,53.1,43.6,18.0
"Stockton-Lodi, CA",310M200US44700,524915,61.8,52.5,15.0,44795,31.4,19.6,37.4,51821,71.7,56.4,21.2,184694,79.3,67.9,14.3,92113,77.1,67.6,12.2,73805,59.6,52.9,11.2,43728,23.2,21.2,8.4,33959,5.0,4.5,8.7,402433,74.2,63.6,14.2,69272,53.6,33.3,37.8
"Sumter, SC",310M200US44940,83746,60.0,49.1,13.9,5926,29.1,14.9,41.6,8831,71.7,47.6,27.2,26857,79.2,64.1,12.6,14627,77.8,68.4,11.3,12831,58.2,53.6,7.6,8386,20.3,19.1,6.1,6288,5.6,5.3,5.6,63146,73.6,60.6,13.3,9997,53.4,29.7,44.3
"Syracuse, NY",310M200US45060,533622,62.3,57.2,8.0,43394,35.7,27.2,23.6,50909,68.3,58.5,14.1,157148,82.8,76.2,7.6,100135,81.0,76.7,5.2,86544,64.6,60.8,5.8,50611,24.5,23.3,4.8,44881,5.5,5.2,4.6,394736,76.5,70.7,7.3,55257,45.1,32.7,27.5
"Tallahassee, FL",310M200US45220,307506,63.0,55.8,11.2,27730,35.3,21.0,40.6,52836,67.9,55.4,18.4,94580,78.8,71.7,8.8,46322,78.8,73.4,6.5,43997,67.3,63.1,6.3,24893,26.1,24.7,5.5,17148,5.3,5.0,5.1,237735,74.3,66.8,9.8,52740,55.7,37.3,32.9
"Tampa-St. Petersburg-Clearwater, FL",310M200US45300,2328792,60.1,53.6,10.4,135915,33.7,23.3,30.7,176025,74.5,61.9,16.3,715995,83.1,74.7,9.5,415101,79.7,72.7,8.5,374481,60.7,55.5,8.5,272266,21.6,19.7,9.1,239009,4.7,4.4,7.2,1681602,76.4,68.6,9.7,249659,51.5,33.5,34.9
"Terre Haute, IN",310M200US45460,139557,57.8,53.0,8.2,10525,41.6,32.6,21.8,15097,68.9,61.0,11.5,43155,74.6,68.8,7.3,23495,73.1,68.0,6.9,21932,59.0,55.7,5.6,13860,21.2,19.9,6.3,11493,5.7,5.5,4.0,103679,70.1,64.7,7.5,17657,48.6,37.3,23.2
"Texarkana, TX-AR",310M200US45500,117574,56.3,51.4,8.6,7501,30.9,23.1,25.3,9393,67.4,54.4,19.1,39262,75.5,69.6,7.6,20498,70.8,66.6,5.7,18577,53.6,50.3,6.2,12767,23.2,21.7,6.6,9576,5.2,5.2,0.0,87730,68.9,63.2,8.1,14276,50.6,34.5,31.9
"The Villages, FL",310M200US45540,96291,25.6,22.7,11.3,2003,28.5,17.6,37.1,2630,65.9,51.5,21.8,13984,50.2,44.8,10.7,8518,57.4,50.3,12.3,18637,32.5,29.3,9.6,32653,11.4,10.9,3.9,17866,3.9,3.2,17.7,43769,45.0,39.7,11.7,5430,45.6,29.8,34.7
"Toledo, OH",310M200US45780,484157,64.4,57.1,11.2,37035,46.6,30.4,34.8,50771,76.7,63.7,16.8,149653,84.0,75.1,10.5,84079,79.8,73.6,7.7,78947,63.2,58.6,7.2,44893,24.6,23.5,4.4,38779,5.2,4.9,5.8,363450,77.5,69.6,10.1,66545,56.2,37.4,33.3
"Topeka, KS",310M200US45820,182784,65.4,60.7,7.1,11849,50.1,37.4,24.9,13532,78.5,69.9,10.9,56006,84.9,79.0,6.6,33024,84.5,80.1,4.9,32019,66.7,63.4,4.9,19617,26.9,25.6,4.9,16737,6.0,5.8,3.5,134581,79.8,74.6,6.2,18449,54.8,41.4,24.6
"Trenton, NJ",310M200US45940,297734,66.4,59.5,10.4,22888,37.2,27.8,25.2,28480,71.2,59.0,17.1,97176,82.9,74.9,9.5,55310,84.4,77.2,8.5,45194,68.8,63.9,7.2,25772,33.6,30.3,9.8,22914,7.9,7.4,6.4,226160,79.0,71.2,9.7,22745,51.3,32.8,36.0
"Tucson, AZ",310M200US46060,796692,59.5,52.5,10.8,57685,38.0,25.1,33.5,84510,73.3,59.3,16.9,239161,80.8,71.9,9.6,125341,78.6,72.3,7.7,125411,60.4,55.9,7.5,90914,21.0,19.4,7.5,73670,4.5,4.3,4.8,574423,74.8,66.6,9.8,103804,55.1,37.4,32.1
"Tulsa, OK",310M200US46140,738859,64.5,59.9,7.0,50026,43.0,33.5,22.1,62767,77.6,68.4,11.8,250058,81.6,76.2,6.5,130037,79.6,75.3,5.3,117007,64.3,61.4,4.5,73113,27.1,26.0,4.1,55851,7.0,6.7,3.2,559869,77.1,72.0,6.5,72746,50.3,36.7,26.8
"Tuscaloosa, AL",310M200US46220,188906,57.7,52.4,9.1,17006,23.0,16.8,26.8,28139,64.6,54.3,16.0,59907,79.6,72.5,8.7,28571,72.0,68.8,4.4,27050,54.4,51.7,4.9,15839,19.8,19.0,4.3,12394,6.9,6.6,4.6,143667,70.4,64.3,8.6,25694,44.2,31.5,28.6
"Tyler, TX",310M200US46340,166594,62.3,57.4,7.7,12424,38.4,28.1,26.7,16289,74.7,64.9,12.4,53802,83.2,77.7,6.5,27097,77.8,73.1,6.0,25174,61.8,58.9,4.7,17329,25.6,24.4,4.6,14479,6.5,6.2,6.0,122362,76.5,71.1,6.9,18004,58.9,48.1,18.3
"Urban Honolulu, HI",310M200US46520,785129,66.2,57.6,5.9,45980,37.2,25.3,24.6,78598,77.6,55.4,10.0,270575,83.6,70.8,5.7,126562,83.9,79.3,4.0,115561,70.3,67.5,3.9,76422,30.8,30.1,2.3,71431,6.2,6.0,3.7,591296,80.3,69.9,5.4,51888,49.2,37.6,21.8
"Utica-Rome, NY",310M200US46540,241758,60.1,55.0,8.3,16680,40.4,30.7,24.0,20389,72.4,61.4,14.8,69240,80.7,73.4,8.7,44464,78.8,74.8,4.9,40294,63.0,59.7,5.3,26011,23.8,22.7,4.8,24680,5.4,5.3,2.6,174387,75.1,69.2,7.7,24517,46.5,32.4,30.1
"Valdosta, GA",310M200US46660,111022,61.4,50.8,13.5,9831,39.5,25.8,31.8,17175,74.4,54.9,20.0,36521,78.8,64.8,12.7,17278,71.6,63.6,10.1,14503,55.6,52.3,6.0,9195,21.9,20.7,5.5,6519,4.8,4.7,1.9,85477,72.5,60.4,12.7,20893,58.3,39.5,31.7
"Vallejo-Fairfield, CA",310M200US46700,333972,64.2,55.1,12.1,23011,37.6,24.8,31.9,30762,79.1,57.8,21.2,111165,79.7,68.0,11.9,62064,79.7,72.1,9.0,54659,62.9,58.0,7.9,30229,25.1,23.6,5.9,22082,5.8,5.6,4.4,258650,76.1,65.6,11.5,29534,58.3,35.2,39.5
"Victoria, TX",310M200US47020,74511,63.5,59.1,6.9,5601,46.2,37.9,18.0,6217,74.6,65.5,11.5,23747,84.2,78.1,7.1,12918,79.6,76.5,3.9,12115,63.1,60.4,4.3,7705,22.3,21.4,3.8,6208,7.8,7.4,5.2,54997,77.4,72.4,6.3,7724,55.4,42.1,23.6
"Vineland-Bridgeton, NJ",310M200US47220,124247,58.1,50.3,13.3,8029,35.9,21.7,39.6,10839,77.1,62.8,18.4,44763,70.3,60.6,13.5,21921,71.1,65.3,8.1,18159,58.8,53.3,9.4,11284,24.8,21.2,14.6,9252,4.6,4.4,3.3,95682,69.1,60.6,12.2,13838,49.4,33.5,32.1
"Virginia Beach-Norfolk-Newport News, VA-NC",310M200US47260,1351489,67.5,57.1,8.3,95572,41.5,25.8,28.3,148317,78.1,53.0,15.1,460620,85.1,70.6,7.8,241530,81.7,75.7,5.6,196997,66.9,63.7,4.6,118892,25.8,24.9,3.5,89561,5.6,5.4,4.5,1047464,79.9,68.0,7.6,107375,56.0,38.9,29.8
"Visalia-Porterville, CA",310M200US47300,322441,61.4,53.0,13.5,29849,28.3,18.2,35.6,34546,70.1,56.6,19.2,118634,77.6,67.6,12.6,52442,77.2,68.6,11.0,42237,60.4,54.6,9.6,25271,23.3,21.2,9.0,19462,6.5,6.1,5.9,247859,73.5,64.1,12.7,59250,56.3,40.5,27.9
"Waco, TX",310M200US47380,200720,60.6,56.3,7.0,18452,31.0,25.6,17.2,25794,66.7,60.4,9.5,62173,80.0,74.8,6.4,31894,79.1,74.4,5.9,28639,62.9,59.6,5.2,17822,25.8,24.3,6.2,15946,7.2,7.1,2.1,148500,74.2,69.3,6.6,28897,52.4,42.3,19.4
"Walla Walla, WA",310M200US47460,51054,58.2,54.1,6.9,4156,42.7,37.1,13.2,5563,78.0,70.2,9.9,14690,70.4,65.5,6.8,8227,74.3,70.1,5.7,8282,69.3,66.1,4.7,5112,22.0,20.9,5.2,5024,5.6,5.6,0.0,36762,72.2,67.3,6.6,5367,59.0,46.8,20.7
"Warner Robins, GA",310M200US47580,144007,62.5,54.3,10.7,11411,38.9,23.5,39.3,14100,67.4,47.9,24.1,49827,79.4,69.7,8.6,26740,80.3,73.8,6.8,20864,57.9,54.9,5.0,12399,21.4,20.0,6.5,8666,4.0,3.9,2.6,111531,74.1,65.2,9.3,16624,50.7,33.5,33.4
"Washington-Arlington-Alexandria, DC-VA-MD-WV",310M200US47900,4635879,72.5,66.7,6.9,303363,34.2,25.5,24.7,383976,76.2,63.8,13.9,1770793,87.8,81.1,6.0,874390,87.0,82.0,5.0,677307,73.4,69.5,5.2,369553,35.3,33.7,4.4,256497,8.0,7.7,4.6,3706466,83.8,77.4,6.4,278566,56.3,39.0,30.5
"Waterloo-Cedar Falls, IA",310M200US47940,136086,67.3,62.4,7.3,10518,51.3,36.4,29.1,18318,82.1,73.3,10.7,39718,88.3,82.6,6.4,20734,85.7,82.3,3.9,21260,68.2,66.4,2.6,13077,24.5,23.4,4.6,12461,5.3,5.1,3.9,100030,82.4,77.4,6.0,14374,61.2,46.4,24.2
"Watertown-Fort Drum, NY",310M200US48060,91718,65.5,48.5,11.3,5875,50.7,27.5,27.7,12094,79.6,40.0,15.5,33724,80.2,57.9,11.2,14381,79.2,70.3,9.3,11969,59.1,55.5,5.7,7527,21.1,18.4,13.0,6148,6.0,5.7,5.7,72168,76.4,56.9,10.5,9293,52.2,31.2,37.8
"Wausau, WI",310M200US48140,106643,70.2,65.4,6.8,7278,55.4,47.7,13.9,7448,87.4,76.9,11.8,33267,89.0,83.2,6.3,20598,89.5,84.8,5.2,17724,73.6,69.8,5.2,10716,25.9,24.1,6.8,9612,5.2,4.7,10.0,79037,85.5,80.0,6.3,7536,66.0,47.3,28.3
"Weirton-Steubenville, WV-OH",310M200US48260,101711,55.2,50.4,8.6,6460,31.1,24.9,19.9,7477,65.7,55.6,15.3,26715,80.0,73.4,8.2,17917,75.9,69.6,8.3,19451,57.5,54.2,5.8,12401,21.1,20.0,4.9,11290,4.1,3.7,8.9,71560,71.4,65.4,8.4,11215,43.0,28.8,33.1
"Wenatchee, WA",310M200US48300,87477,62.8,57.3,8.7,6161,38.8,25.6,34.1,6866,80.7,69.6,13.8,26421,83.6,76.5,8.5,15018,81.9,78.0,4.6,15247,64.9,60.9,6.0,9836,22.8,21.0,7.8,7928,5.9,5.8,1.5,63552,78.4,72.4,7.6,8200,55.5,42.6,23.3
"Wheeling, WV-OH",310M200US48540,121406,56.8,52.4,7.7,7359,36.7,30.4,17.1,9074,67.0,55.3,17.3,34220,78.1,72.0,7.7,21071,76.9,72.4,5.9,22826,58.8,56.1,4.6,13922,22.4,21.2,5.2,12934,5.5,5.4,2.5,87191,71.6,66.2,7.5,12157,47.1,35.1,25.4
"Wichita, KS",310M200US48620,485760,67.1,61.4,7.7,35475,45.2,35.0,22.1,43091,80.4,69.5,12.1,163420,84.4,77.3,7.1,85892,83.1,77.9,6.0,76877,68.1,64.7,5.0,42637,26.2,25.0,4.6,38368,6.6,6.4,3.0,369280,80.2,73.9,7.0,47144,58.5,42.3,27.6
"Wichita Falls, TX",310M200US48660,120521,62.3,53.4,6.4,9686,51.2,28.1,20.2,13857,81.8,55.5,11.1,38177,75.5,66.2,5.7,19881,76.1,72.3,4.7,17741,61.6,59.4,3.6,11151,28.4,27.6,2.8,10028,7.6,7.2,5.5,89656,73.8,64.5,5.8,11840,50.1,40.3,19.3
"Williamsport, PA",310M200US48700,95528,61.5,56.2,8.5,6516,43.6,33.3,23.8,8788,70.9,60.4,14.9,27380,82.4,75.7,8.1,16961,81.1,77.1,4.9,16214,63.5,59.3,6.6,10105,25.6,23.7,7.3,9564,4.8,4.4,8.9,69343,76.2,70.3,7.8,9041,52.9,36.4,31.3
"Wilmington, NC",310M200US48900,215969,64.5,57.4,10.2,14358,44.4,29.0,34.8,22656,75.4,62.1,15.4,69530,86.0,77.9,8.3,35728,77.4,70.1,9.1,34031,63.7,59.5,6.6,23120,24.8,23.5,5.4,16546,5.8,5.5,5.7,161945,77.9,70.1,9.2,27948,57.0,40.8,28.2
"Winchester, VA-WV",310M200US49020,104020,63.7,59.0,7.1,6782,40.4,30.7,24.0,7890,74.2,66.9,8.8,33497,81.8,75.2,7.9,19840,80.1,77.0,3.7,16786,65.7,62.2,5.3,11300,24.8,23.1,6.9,7925,6.6,6.3,4.7,78013,77.2,72.0,6.4,8065,44.5,32.7,26.5
"Winston-Salem, NC",310M200US49180,514122,62.2,55.8,10.2,35010,33.7,22.2,34.2,40835,71.8,59.4,17.2,162475,83.1,75.3,9.2,95771,80.6,73.7,8.4,83569,62.6,58.0,7.3,54712,22.1,20.9,5.4,41750,4.8,4.5,4.9,382650,76.8,69.4,9.5,60936,55.3,37.5,32.1
"Worcester, MA-CT",310M200US49340,743152,67.6,61.5,8.8,55081,43.3,33.7,22.3,63185,75.2,64.6,13.8,232954,84.7,77.5,8.3,148379,84.4,78.1,7.3,119297,71.6,67.0,6.3,66539,29.7,27.6,7.1,57717,5.5,5.2,5.4,563815,80.8,74.0,8.2,58162,47.0,30.6,34.7
"Yakima, WA",310M200US49420,179724,62.0,55.7,10.0,14907,36.8,26.2,28.7,17568,71.1,60.4,14.7,61719,79.1,71.2,9.9,29433,78.3,73.0,6.8,26255,64.6,60.5,6.3,16564,24.5,22.6,7.8,13278,4.2,4.2,0.0,134975,75.1,68.1,9.1,25919,51.9,37.8,27.2
"York-Hanover, PA",310M200US49620,349859,67.4,61.7,8.3,22925,48.6,35.1,27.7,25983,80.7,68.8,14.7,109153,86.0,79.6,7.2,67724,85.0,79.8,6.0,58579,68.7,64.4,6.3,36174,27.5,26.0,5.2,29321,6.6,6.3,4.4,261439,81.3,75.2,7.4,23902,51.4,34.0,33.8
"Youngstown-Warren-Boardman, OH-PA",310M200US49660,456448,57.9,52.3,9.4,29657,42.5,32.0,24.8,34270,73.6,61.5,16.3,124744,79.9,72.2,9.5,81490,79.1,73.7,6.7,82895,59.2,55.6,6.1,52402,20.2,18.9,6.8,50990,4.6,4.4,5.1,323399,73.8,67.2,8.8,48309,51.1,34.5,32.4
"Yuba City, CA",310M200US49700,126841,59.8,49.0,15.4,9607,34.4,16.0,51.8,12301,73.9,49.7,25.0,44102,77.1,63.8,13.9,21623,73.8,66.8,9.1,18263,55.9,49.8,10.8,11698,24.7,21.0,14.8,9247,4.9,4.2,15.6,96289,71.9,60.0,13.6,16262,50.3,31.9,36.6
"Yuma, AZ",310M200US49740,153342,55.3,46.0,13.4,12636,33.4,23.0,27.5,16947,73.0,49.9,19.0,48818,77.6,66.1,12.0,22629,76.7,68.4,10.7,19343,52.8,46.2,12.6,17918,12.8,11.3,11.6,15051,3.0,2.9,2.8,107737,72.2,60.5,12.7,18596,55.6,37.8,31.9
