msa,electricity (kWh),Nat. Gas (cu.ft.),FUELOIL (gallons),Vehicle miles traveled,Transport (tCO2e/yr),Housing (tCO2e/yr),Food (tCO2e/yr),Goods (tCO2e/yr),Services (tCO2e/yr),Total Household Carbon Footprint (tCO2e/yr),Households,Total County Carbon Footprint (tCO2e/yr)
"Abilene, TX",92962.40596507616,277549.2862257396,220.47897352851243,192265.7331983535,15.657754308935477,13.480262183287783,7.57723081316531,4.540864020519181,4.916274517649859,375.64698058924495,100690.0,4649097.530587817
"Akron, OH",54339.40596206023,290058.94700357615,124.8331287676025,115371.7537546042,15.995617863760177,12.539551487887323,7.604762216175803,5.5631264103938545,6.291285843231664,259.4381142838291,227621.0,11810861.832947163
"Albany, GA",57568.4415255055,177636.35591636883,45.43200864753224,115472.58451482095,13.906133319297217,14.077965588593512,7.783971947160289,4.548861830631779,4.89508164149285,232.55183009293708,54985.0,2485982.607779753
"Albany-Schenectady-Troy, NY",44665.02790319518,285972.59984749765,1181.765702155789,125086.18697106068,14.217611063216905,10.902159365733485,7.202423517263599,5.3090821415779965,6.006794580162337,264.15781922394905,407208.0,17769771.480556346
"Albuquerque, NM",49890.51321443621,147251.7358652606,4.0248098271049315,101942.76060190292,15.594704502348142,13.531895135128009,7.77556277855575,5.051709848839096,5.576699752422495,196.62046620714932,305713.0,14530713.763122847
"Alexandria, LA",13535.712368147653,30403.226566776782,0.837933731931061,22348.681124794683,14.914312199497441,16.833994344044605,7.697496011505726,4.414311410602008,4.7273342482893055,48.58744821393909,52506.0,2551132.555921086
"Allentown-Bethlehem-Easton, PA-NJ",41561.33640994734,122278.06455051582,1046.3001314856556,82543.45685057357,15.065093051597792,13.982732687399842,7.506232079307378,5.310734713983015,5.9652244950882745,181.64672954259447,254067.0,12152028.936094414
"Altoona, PA",10020.002431813347,59215.28455994963,196.68224110549752,20193.663191592907,13.745463093158131,14.524194349943317,7.299264987681359,4.557051892927865,4.977957841403433,45.103932165114095,56226.0,2536013.689915705
"Amarillo, TX",56629.38201979053,223921.55808235565,259.7056211465097,121650.4024434958,16.093838613528835,15.261250260102925,7.731967896428592,4.846363975545947,5.307240505739528,247.8470327100735,184974.0,9108242.074306441
"Ames, IA",10376.122845833088,54412.5367948427,4.124989182317498,23853.17390933775,16.285406145862456,15.853208078210814,7.223231745181361,4.99673847076108,5.58028486771872,49.938869307734436,31480.0,1572075.60580748
"Ann Arbor, MI",10793.724254611434,65590.12912655233,12.806638155300037,22945.774750010474,16.212216334416567,17.092564737742666,7.1906012961106995,5.736758816768031,6.5925429284945,52.82468411353246,126641.0,6689770.8208218645
"Appleton, WI",21520.378772513326,117228.56764474898,161.67139226694275,55505.08815555586,18.272680668869263,16.559625146791856,7.843095456469922,5.703925639317412,6.448043065884955,111.8784145444346,77756.0,4263156.979957538
"Asheville, NC",34549.77252444251,92794.37821866461,553.7553046653926,64818.56361996814,14.780260265203925,14.890712140410235,7.0162304406430485,4.697866420318059,5.208753203591317,140.9167922851025,128725.0,5997789.797472195
"Athens-Clarke County, GA",38824.63326393266,97725.2695490157,46.83202610759009,85566.25119236129,17.68632211544831,12.658317191296524,7.491338757001697,5.031770630864931,5.590797702730187,155.88330214975164,44808.0,2171330.5469720843
"Atlanta-Sandy Springs-Alpharetta, GA",349028.8845964813,1043288.0687044781,415.9157410241572,719706.747840903,18.895890088789688,16.6754512254714,8.260852531781923,5.89295228563006,6.643858675593586,1404.6833273163088,898741.0,50661135.74948764
"Atlantic City-Hammonton, NJ",9521.63349308552,54189.73750097205,134.07231153119932,18434.57135676005,13.087553583345017,12.994348385089186,7.820231945093133,5.3602522253989315,5.986821769687109,45.249207908613386,113841.0,5151215.077524456
"Augusta-Richmond County, GA-SC",38994.70518463678,99170.53141335257,60.88329710141146,71754.39746975747,16.35494943474936,13.24584086212828,7.671121337109093,4.929898994830013,5.427936277611308,141.12359905890196,78258.0,3727408.733403247
"Austin-Round Rock-Georgetown, TX",36158.70851688871,78723.1877817579,3.4718532101282147,84729.98939450964,18.532078043066495,12.281145383625764,7.953528087970466,5.621373346140221,6.31844146964863,154.41424463867247,742925.0,37671175.79105073
"Bakersfield, CA",8409.748545933215,40608.61011364892,0.39849025429070567,22564.29307308839,15.154155148839111,8.591914101398656,9.371818724156144,5.014002199556606,5.29653698661649,43.42842716056701,232488.0,10096588.173705904
"Baltimore-Columbia-Towson, MD",37801.41729574684,132745.3104348763,429.0394304018678,79729.81872588083,17.845480453911033,14.256804769787914,7.7291211605303305,6.120040884060189,7.025787988286901,162.62986287918932,597325.0,31644627.049634483
"Bangor, ME",6353.180827014686,21680.246588864426,668.336234389602,22541.957145097185,15.262419339285278,14.976235307084162,7.172646968591708,4.637612764519222,5.105622018065685,47.154536397546046,67696.0,3192173.495968277
"Barnstable Town, MA",8013.846968090697,44144.57512752851,315.16196801335144,19853.23936388265,14.127718348903503,12.9359838415583,6.9199204630520805,5.3925809689084785,6.159716397188098,45.53592001961047,148253.0,6750836.750667311
"Baton Rouge, LA",119020.75968771712,240874.05881153734,18.418704201437333,194991.47231711008,15.938653445822496,12.61738510711081,7.9433186258907735,4.973030401400323,5.446822315804484,382.5480906572519,250107.0,11734822.829466095
"Beckley, WV",12624.123969027112,45212.02772495601,25.750427751095177,21093.89225255032,14.131123086793624,16.723158420863022,7.127687344913152,4.249319053829541,4.586516004865893,46.81780391126521,32809.0,1536045.3285247001
"Bellingham, WA",11287.154002476815,39816.92858682492,17.71670769953162,23509.526083855213,16.03882252871326,10.875657287519168,7.590141451265809,5.034672472069766,5.5793751617755865,45.11866890134359,71412.0,3222014.3835827485
"Bend, OR",10920.410130289836,36235.02021792655,18.75466903352482,25274.191607533947,17.228364184283937,10.61806399646648,7.509878318002627,5.174654717094919,5.781911181154757,46.31287239700272,54127.0,2506776.844232566
"Billings, MT",58586.011904461804,320174.2722088395,425.12163214401517,154023.59832129258,16.272016862657765,12.486999525929917,7.378751796695611,4.801612310164528,5.296675713012168,280.81465061335564,112074.0,5181859.763506945
"Binghamton, NY",26250.755375430694,154629.6916875806,510.73235656280696,64047.85718812251,13.715032866174434,11.081470095198855,7.312895014427549,4.773816735150269,5.267449042718212,131.67606034593024,132340.0,5578218.841160596
"Birmingham-Hoover, AL",13111.381827819663,27976.131894454615,2.561142801907808,26411.320370475274,17.509181568289776,14.287075730346965,7.672404407182914,4.550599681149849,4.919717509134146,48.93897889610365,15978.0,781947.0048019441
"Bismarck, ND",49206.30602198286,199877.11364572242,34.45413787425139,117968.40569934418,18.050623734609044,17.629288140693202,7.367740720503149,5.015692351748828,5.586988959456567,221.64875875611835,41870.0,2246339.4806865416
"Blacksburg-Christiansburg, VA",24478.826417555487,58280.48665563915,182.65525000080353,54138.5534722752,18.003189192221033,15.373398459861862,7.282403379311186,4.6875797516309685,5.155745736652293,101.43333429722091,20675.0,1044135.3940443292
"Bloomington, IN",24136.226342846785,56168.49852969959,87.03629891487171,53576.979759305206,18.491952424743957,14.919155304648736,7.74496228511219,4.766125810066636,5.201334179154562,100.15271374298916,13403.0,685208.6726399407
"Bloomsburg-Berwick, PA",9915.534565988233,33847.181379989604,260.12105144686757,21689.974839769056,14.891663285609253,13.602631757082715,7.263267122199269,4.906958295556254,5.453737995722375,46.118258456169855,7921.0,365302.7252313214
"Boise City, ID",51492.27690266488,178428.57693611886,173.42984962687157,135900.86985013392,18.077422322392177,11.62033385844559,8.09192241716183,5.313292881237545,5.884092225593345,234.0048905127394,181079.0,8870528.508607
"Boston-Cambridge-Newton, MA-NH",35060.00443537161,170986.95232810068,1308.85616563085,105951.00644592583,18.193751699516508,14.057337728996272,7.8978008374387185,6.463499930070871,7.465282722788352,214.65378446446428,487795.0,26378818.46143128
"Boulder, CO",9540.879580518213,56456.81077672981,1.2821386143026017,23619.747108549967,16.762102981198847,16.362687979685706,7.3683055677739615,6.008980532835108,6.927190460225827,53.42926752171945,115242.0,6157295.647737993
"Bowling Green, KY",12531.464715647408,23925.012147304573,13.060168144183816,23484.84051152129,15.390715797445214,13.914516073964915,7.39137169743033,3.9415417423626193,4.157273160378797,44.795418471581876,4279.0,191679.59563989885
"Bremerton-Silverdale-Port Orchard, WA",11220.875317940452,32991.64020458358,55.035595457340115,26487.888617966735,18.179434668851815,11.118820845007441,7.876152871894507,5.591894416191152,6.292064679624066,49.05836748156898,92718.0,4548593.716156113
"Brunswick, GA",60829.63955158504,122704.69119895055,356.68340826841404,113182.36749003676,14.733924791154674,14.711414921057129,7.360683594040791,4.6689132612205695,5.118971873469506,232.84609911928354,58786.0,2739069.5016092556
"Buffalo-Cheektowaga, NY",7952.372987073997,65428.68049745757,78.79179577821043,19573.315586651726,13.606307099005818,10.380225189669979,7.38871751072727,4.9625788345024855,5.512206680975804,41.85003531488135,95603.0,4000988.926208602
"Burlington, NC",11739.821651920265,38379.31679166137,40.683759470737904,23244.43607026445,15.845644908626044,12.532491262483967,7.424137180867539,4.940764826489357,5.478505820656215,46.22154399912313,57410.0,2653578.8409896586
"Burlington-South Burlington, VT",15318.926110625176,69472.64979166955,814.8068088603936,47705.32811360266,17.25521057719411,12.87765625240235,7.4994466009405345,5.594846859374755,6.350060891676908,97.7232523132672,66009.0,3272542.792975485
"Cape Coral-Fort Myers, FL",144006.57051823076,396477.5766189924,294.055218609832,281061.66842372395,14.367479589280691,12.283277610282557,7.271168649024078,4.8791264721347245,5.416733444649279,559.9829022021389,442576.0,19569730.752894983
"Cape Girardeau, MO-IL",24082.670598829252,66804.90056486757,1.3274761572090872,47861.037089065925,15.372361998431208,17.068063495944266,7.337690004754893,4.759189402125929,5.24577139436865,99.8814263750701,33868.0,1686053.2279802253
"Casper, WY",10004.778588398909,63048.432523815216,0.4049410031814217,24862.105400159493,16.787221426842873,13.96717668974617,7.284562976783377,4.822249403040718,5.337752594098194,48.198963090511334,29794.0,1436039.9063186946
"Champaign-Urbana, IL",35543.750229911704,158447.24782464234,79.39211486598502,76620.62266617714,15.260346511961881,16.93006471753347,7.157307852885824,4.956469983648377,5.537252385700247,160.50516434421104,97339.0,4851516.069469926
"Charleston, WV",13677.789296032553,53180.0509401145,4.225888021028953,21118.8945445487,14.436396588585456,17.8852853232634,6.901399543791611,4.649483704206164,5.158297790407032,49.03086295025366,95820.0,4698137.287893306
"Charleston-North Charleston, SC",36168.01928643873,88320.50951219337,317.72621287138446,66492.58717769879,14.636188282120957,12.294938191935167,7.531942878827025,5.037385870208663,5.592902513570651,137.99358166246827,229923.0,10368000.090886643
"Charlotte-Concord-Gastonia, NC-SC",95464.52478051292,264852.80217394326,681.4014683927123,184691.57269209388,15.731728033015223,13.064339358302016,7.567313064737159,5.475514011099155,6.178832383589097,374.5871666831527,574596.0,27590793.777529325
"Charlottesville, VA",59540.477731023464,127140.57221986396,601.1375074534916,140810.97789474085,19.101723062258454,14.729826091757694,7.505885187583287,5.460573196453724,6.168389841577507,262.48227799717694,86209.0,4566180.151700579
"Chattanooga, TN-GA",85373.54963706674,207880.0030172192,73.22978426235728,185105.62989945794,17.14271891616228,13.695414043668679,7.520139069253561,4.569176436011423,4.963951395637591,342.25571202451204,117684.0,5636051.501210566
"Cheyenne, WY",10338.373804103532,65016.956735182386,0.5535488660659188,25017.392613009924,17.02181289359848,13.443707453543038,7.375788313120176,5.064550542835392,5.651725817389653,48.557585020486734,33484.0,1625902.1768259779
"Chicago-Naperville-Elgin, IL-IN-WI",130651.28106506595,615846.489345887,323.49049015200484,281380.46788011515,15.130404537017908,17.615034750878078,8.371043519704589,5.925116293948679,6.670485454426742,597.121933693473,3060469.0,164384169.7089433
"Cincinnati, OH-KY-IN",112958.46114310925,346072.42175946105,527.6298714686093,244495.71460389148,18.665120413804356,16.17650418408613,8.02494304442772,5.722563860442926,6.445377202045749,472.00492781477203,562264.0,30943923.002399538
"Clarksville, TN-KY",13638.545864505986,29559.27541159216,7.779793111781393,24327.156562548083,16.288120355250822,15.04787039291092,7.206351746422527,4.533923597016957,4.959870243872852,48.03613633547408,6877.0,330344.50957905524
"Cleveland, TN",24954.45868425016,62433.79104601726,11.03719735662233,45807.99563266063,16.664727263498367,13.698907044148699,7.500488880579338,4.641112000154634,5.065558414704052,89.85582569528118,42094.0,2002444.985928264
"Cleveland-Elyria, OH",36378.29734001869,179302.7634351437,166.27369121467194,70199.47428838798,13.431006447852198,16.97444083968439,7.367172960162983,5.214772038907064,5.8553388135034234,162.41753255227587,769528.0,37585849.178005494
"Coeur d'Alene, ID",10343.51145604918,47917.0908667542,13.86004859287965,26671.318657347234,17.879754642847,11.041851180106304,7.8234323447341865,4.9283982851487185,5.404044677722088,47.0774811305583,47148.0,2219609.0803435626
"College Station-Bryan, TX",23581.454656926166,52135.57927271369,1.9774256404378865,47510.32850835369,15.235020763120648,11.905888818460616,7.621932391935614,4.545365431673084,4.914912363372066,90.47167935373125,67244.0,2973739.465717185
"Colorado Springs, CO",8890.17495152997,46267.53617516588,1.4106025142984058,28358.909984182523,19.489696403473285,15.037778996636188,7.675295019891674,5.792420904716634,6.591061006585275,54.586252331303065,10651.0,581398.1735807089
"Columbia, MO",12587.911059221551,42299.31153829155,2.471571008622595,24789.313456210097,16.66286644890845,17.919689113971234,7.399080231297433,4.732962728420229,5.197213303898368,51.911811826495715,6623.0,343811.9297268811
"Columbia, SC",38422.765482977964,92401.07979476237,126.14574053971887,77478.13129706506,17.824741556910876,12.585981492728743,7.7384205265243615,5.39655643013765,6.04689686443794,146.42702600476113,230944.0,11453112.691716082
"Columbus, GA-AL",122675.32155596233,309334.9541462415,473.5140238107571,229801.82074615994,14.51736270170909,14.735677518640193,7.624212795880685,4.644057949796303,5.04841978370226,465.46326764621585,161637.0,7527391.569193871
"Columbus, IN",12437.345693144238,49850.08845189439,11.774388255453696,26826.382602316495,18.272136394124406,16.74577226838067,7.5833036129960645,5.329211258258609,5.9824879475447075,53.91291148130446,29654.0,1598733.4770666026
"Columbus, OH",89393.2674671186,314207.4408645667,814.0436225888966,214323.55638707572,18.541974810682248,14.88254926944503,7.9878301975257475,6.62739257912608,7.673303495501675,419.0843612950411,469594.0,26162514.16712894
"Corpus Christi, TX",26808.731175544417,54406.92430965862,0.15563883198241718,46746.53527627677,15.19126981913807,13.25031599868585,8.541278975636256,4.889908713468128,5.247861309761488,95.50622315500206,150160.0,7075634.524074139
"Crestview-Fort Walton Beach-Destin, FL",37081.21749915081,71268.63439759449,7.379082794862313,74370.44668848845,16.139858566309172,13.180103688042523,7.684868487739688,5.180477172038302,5.76288392112116,146.7919766588384,133564.0,6404152.294283443
"Cumberland, MD-WV",51609.76546143278,225805.35014704888,501.8094056561072,132028.7919394359,14.423154564942795,14.193855599333366,7.257324943528733,4.442545018447577,4.82826067556259,260.7732657447741,76315.0,3445251.4202905158
"Dallas-Fort Worth-Arlington, TX",151587.12794665474,392788.3801540426,105.8710131817939,348133.1185727021,19.66191333039156,13.65424631237744,8.151362174505312,6.32765011289562,7.24562923429306,640.5651365235674,1623371.0,89351640.42715546
"Dalton, GA",46984.82861402794,116350.79788866769,224.43491644750776,101715.91134077258,17.242078144607714,14.030511168992113,8.17219099897374,4.941683905309732,5.370752178403912,199.51334705285586,56046.0,2788692.950146313
"Daphne-Fairhope-Foley, AL",26200.47537693994,60360.661011075135,3.680537678573117,45885.94484528732,16.391502672383908,14.623359727616789,7.520305820423417,5.030438795883715,5.5835631875285445,95.79652631842222,91232.0,4483977.096036399
"Davenport-Moline-Rock Island, IA-IL",11387.460266004964,71674.17615114896,2.0868824745509262,21893.744902570645,15.06336923270361,17.829511067164933,7.1733104713294535,4.952914195272362,5.5308706899858455,50.549975656456205,64892.0,3280289.020298756
"Deltona-Daytona Beach-Ormond Beach, FL",21390.3248241888,29522.371510894114,27.924867859482443,40903.37749162031,13.652055715963332,10.78211588830892,7.047715522571287,4.722133876496428,5.236634510428814,84.56128665181132,236690.0,9808588.753553934
"Denver-Aurora-Lakewood, CO",98423.12105748589,516641.09366265574,35.57766802636926,260396.5761797679,14.782348411737393,15.58806635783765,7.49038736003135,5.503396366992196,6.227254257106606,517.7799456147476,742010.0,36797353.85777679
"Des Moines-West Des Moines, IA",11474.584367468615,52835.60361357734,16.719868077100575,27635.490083551354,18.459348764529775,16.98413246074812,7.164629926576083,4.751971532862666,5.252459897300956,52.612542582017596,5633.0,296366.4523645051
"Detroit-Warren-Dearborn, MI",37185.81329272889,206561.57709005626,62.04459472949172,85711.42080464798,18.8965569589893,19.293449747859857,7.650167818228957,6.400832849892771,7.415580872201879,180.2853543655483,842877.0,50283166.13201224
"Dothan, AL",13500.75235354385,26347.504658252645,7.3887221844256965,24018.0095426989,15.8227938516488,14.523363685431177,7.3174391886834815,4.137860490997204,4.404368973474115,46.20582619023478,12492.0,577203.1807684129
"Dubuque, IA",10558.66934965144,58472.974558208276,32.79241293597631,23496.282128709656,16.053949088278994,16.688018076862495,7.6017004350931865,5.071665902217946,5.629135125296373,51.044468627749,36961.0,1886654.6049502308
"Duluth, MN-WI",9717.63258861713,35106.72788566478,140.69276690636755,25269.263798797027,17.14298855692038,15.62394757014556,7.566187345205803,5.066072718345994,5.623469125836467,51.022665316454194,14836.0,756972.2626349145
"Durham-Chapel Hill, NC",34177.31145438104,98070.13605973485,171.30208431000509,70722.54440353377,14.754612542301723,11.981749694877987,7.340744570126827,5.145607209648183,5.766899657474002,139.017272691129,127535.0,5737750.379968268
"Eau Claire, WI",38304.91262929546,187748.72379402493,383.99854691649927,95686.23619006565,16.189528798334102,15.321585134479209,7.437758230412083,4.875344520928864,5.388359536216091,197.4936911339069,85218.0,4193797.3203475205
"El Centro, CA",9065.468428443924,36340.449139225435,0.2017169233693854,23310.898001946203,15.443017888365809,11.089002213814933,10.206121801018558,4.960696542056965,5.10451128091141,46.803349726167674,42756.0,2001124.020892025
"El Paso, TX",33384.407851541604,131596.08207070804,0.6605575893951485,71562.58431338592,16.06500667996076,15.306296418946909,8.887110645203004,5.203297378004044,5.62210404431146,147.16282395999792,429091.0,21919605.333576974
"Elizabethtown-Fort Knox, KY",87271.35598489425,277805.8130752775,98.93925942559447,175475.76980898203,16.97843778314901,14.875243187965884,7.758714048634093,4.763495764140874,5.190245041086786,344.0551654482321,102867.0,5098719.693907872
"Elkhart-Goshen, IN",13045.602308483332,65616.10643821901,9.96186672709148,24665.317655819414,16.885009509310418,18.286057569721045,8.259809652188563,5.415909486504558,6.000220728262723,54.8470069459873,69865.0,3831886.140281403
"Elmira, NY",7798.636375899826,69471.23994264421,61.191105353050666,19464.169319874974,13.441371925945013,10.44489099944853,7.312977493474339,4.78790374109509,5.287948915983929,41.2750930759469,37044.0,1528994.5479053769
"Enid, OK",65473.37745295623,230965.52618546961,176.3797962914648,153866.21071992858,17.811343713245407,16.85284986368247,7.6072936175275245,4.984380170155142,5.508078544803507,288.38884683667675,51531.0,2718978.896658015
"Erie, PA",30836.193535899874,206158.4881335266,55.79996090778958,58859.01068489527,13.130076424505509,11.578759305064837,7.355042117137632,5.041702204168068,5.623569720512764,136.2145135860885,568572.0,24294598.143818084
"Eugene-Springfield, OR",23649.400087547587,85925.68193577055,12.337642483802691,50167.36937267674,15.946727711752375,9.33580605190631,7.305935835539578,4.856199435116092,5.380564515217328,98.64378685380728,139890.0,5990821.921243986
"Evansville, IN-KY",104083.23081172138,342369.4335609616,159.2489176430202,206785.04308004805,16.385457984274165,15.482329557271008,7.273222242403926,4.912182592438361,5.458779021288002,410.4565128722158,209189.0,10357359.784708332
"Farmington, NM",38001.131479457166,121650.69352194216,62.297066690947844,84395.0369318089,16.171607919416232,10.689815605841677,8.734771921464938,4.858203091446938,5.179496756297363,169.99125046042522,56488.0,2577767.4773938605
"Fayetteville, NC",23849.664037753908,55072.076682369574,75.30194665663905,45799.22276979941,15.53522280326751,11.8653760131769,7.895669696896121,4.707482908158682,5.092855985379523,90.44868291981001,41859.0,1887698.8894445372
"Flagstaff, AZ",8882.880730073399,40743.213105756055,2.6263487052959653,22494.554161686832,15.233475125359368,10.770765258073341,8.784947613605631,5.053618230541138,5.43518959003012,45.27799581760959,50252.0,2275309.8458265173
"Flint, MI",19837.074281635316,126956.7386264745,160.87660051070085,47773.34763600591,16.495800008979675,17.471129642977527,7.690620481567267,5.263186514069666,5.874964318096165,99.30098251739183,214217.0,11309736.67376728
"Florence, SC",32355.250490285838,93154.6030999611,159.71894919028534,61766.552466142195,14.539480993891328,12.158237622434854,7.709915045423163,4.626602904293176,5.013077760149029,130.75730769898138,87503.0,3854272.145484739
"Florence-Muscle Shoals, AL",54412.84939825919,140780.721802351,17.54423081801257,94977.0101409863,16.02609220654729,15.07841614307296,7.363085924026159,4.516189532590455,4.912531644709121,192.14671584089322,111019.0,5317401.045048572
"Fond du Lac, WI",10296.832370575554,58007.51276009103,70.36291450208206,25484.306994636183,17.476660549582906,16.610581276562105,7.553097903234545,5.3740032739373955,6.044362568666292,53.05870557198324,37540.0,1991823.8071722507
"Fort Collins, CO",9442.796927200148,60658.5099726729,0.5104787780990527,25680.7120369087,17.74256398907687,16.576914412026756,7.564947151654358,5.607064646938674,6.3564254831258,53.84791568282245,105530.0,5682570.542008254
"Fort Smith, AR-OK",26242.60377332516,71003.4368534385,0.6377294988617885,46431.13334205805,15.089439352984114,16.054879703145296,7.573750429593818,4.564546798406645,4.9481488104465265,96.99433012736824,65461.0,3157234.1138560656
"Fort Wayne, IN",25232.772554163985,83626.21890332093,34.70483238771113,51158.64205446536,16.41050374367308,15.603108277081022,7.605092695447815,4.543092206079262,4.915861939881321,100.8914575722266,34572.0,1696712.8221826816
"Fresno, CA",7436.898067892878,41301.73233663321,0.5749646062321064,21538.2835169375,14.500086321607473,8.284144955508571,9.53320404514012,5.01790566884839,5.279340890092389,42.61468188119694,272268.0,11602614.206429727
"Gadsden, AL",13406.080103978125,37243.7590169204,1.6456112926940296,24540.07242624128,16.362952880771275,15.347638474521286,7.320207242624128,4.47775878447429,4.866057990275345,48.37461537266632,53420.0,2584171.9532078346
"Gainesville, FL",32227.56674065651,52038.58411179542,46.74294081514364,63465.08791134954,13.582252516167875,10.883230704288813,7.13838351723069,4.474858804323292,4.889738911128988,124.93447149000468,121368.0,4972260.593748652
"Gettysburg, PA",131595.4667004898,501439.57640992035,584.3767223997888,293190.49940685893,17.0066183361396,16.433062794466,8.219685256840984,5.442153125290175,6.038876320196424,583.5567514236249,700054.0,37201146.66442821
"Grand Forks, ND-MN",9904.471995122014,44006.68691422062,28.675587850781383,23180.050292048738,15.704659703394851,14.9183180504891,7.3650829041577675,4.769816240161903,5.25403399399419,48.01191089219782,27369.0,1314037.989208562
"Grand Island, NE",50343.98001360388,189582.71720341395,20.315939927691968,103484.02401204061,18.09779973640858,15.741680250781982,8.3199984177382,5.255544651043385,5.772039340032388,204.51626442926425,79476.0,4227094.970984857
"Grand Junction, CO",9558.1609533153,58058.91380446695,1.157858289229763,24672.794082250188,16.63434632417369,16.38917514393027,7.437518310295027,4.805006683076757,5.292131505982592,50.558177967458334,48477.0,2450908.7933284775
"Grand Rapids-Kentwood, MI",22563.54870312613,104120.25697239343,116.74065738860696,56193.48221369115,18.73949009642393,17.358974514156632,8.049397994998197,5.113846701480624,5.621747124331806,110.16024889172105,49404.0,2711462.2815364506
"Grants Pass, OR",10284.81915502577,29312.058954816923,23.980605990149268,24808.27901715248,16.516881982589393,9.828038817192102,7.238701199621173,4.4343032560522415,4.822136667063786,42.84006192251869,33402.0,1430943.7483359694
"Great Falls, MT",9166.399906219873,66614.2159722851,6.382762028819357,24011.04921237781,16.119307134659547,11.490648264189247,7.2590787622190405,4.58646777439941,5.024181519765249,44.47968345523248,35223.0,1566707.8903436537
"Greeley, CO",9869.498825180659,59640.61978640619,2.5320700617902077,27175.839822203798,18.362416580779776,16.92939426692523,8.36424171762186,5.344497017357777,5.884970822598475,54.885520405283124,94813.0,5203860.846186109
"Green Bay, WI",20127.009009229256,92976.74098832553,193.42194642949633,57941.335921566395,19.35990425994282,15.75166387759412,7.706041983042769,5.225074287376135,5.818716493824243,108.71631412882857,25833.0,1391401.5694956852
"Greensboro-High Point, NC",96298.0327730838,309244.7967224992,250.54929468030363,193093.15161825682,15.609729920226298,13.342143720515274,7.36719667962785,5.043090328225461,5.623085585769739,385.6687253091799,309257.0,14530516.294700898
"Greenville, NC",10767.150433675275,29029.103633755978,28.4774811427522,19444.03826247959,13.306756949410051,11.165578337603852,7.298939599370187,4.587914706421181,5.022186863263376,41.381376456068644,60078.0,2486110.334727692
"Greenville-Anderson, SC",36181.42603039761,102558.77488779143,132.50613551007976,68741.14472568226,15.751708851637435,12.83214978040879,7.500398684762276,5.037057566858079,5.5968938616332435,138.7634390670438,216907.0,10133506.504316749
"Gulfport-Biloxi, MS",37381.23483391864,78845.04953652939,9.248637127469227,72119.52645051522,15.676896447342422,14.468577766146135,7.481544865998956,4.384490104894459,4.721821570811501,138.53636545652188,26393.0,1233432.7986218212
"Hagerstown-Martinsburg, MD-WV",25028.812034439594,54985.111522527266,175.3834648221742,48888.45723909048,16.47534906454053,13.233317488267584,8.216181033007985,5.093450325708445,5.568071355317063,99.43023720297602,152621.0,7415300.263874635
"Hammond, LA",13015.739610262603,26660.441309485945,3.1537079902082077,23514.767959763423,15.583957549644396,11.856182728446935,8.008879802542728,4.419279923071908,4.68935957372025,44.55765957742623,43711.0,1947659.8577888778
"Harrisburg-Carlisle, PA",9349.499278858084,38767.281953079,259.70639143254056,19761.95383184419,13.872834118591044,13.582635169199945,7.2063040913538385,5.152253230761538,5.794723001771581,45.608749611677936,109667.0,5001774.743663885
"Harrisonburg, VA",29618.892037578094,86286.27470361743,867.5353446589928,83181.43368594261,19.391656968712358,14.09392236891511,7.816594716560892,5.785187277226647,6.561967583143739,155.936732297867,175627.0,9422270.689277206
"Hartford-East Hartford-Middletown, CT",14907.874343748124,66679.8495300301,984.6523935641449,52507.248101161065,16.767114306418705,13.530276789986647,7.499711883383482,5.938783157213928,6.814816707374636,106.9054051053005,404846.0,20465249.843734812
"Hattiesburg, MS",92208.19522885267,208635.18493401023,17.05535030074484,173230.92116008734,15.862186757380304,14.063831232258822,7.553023104591343,4.434270036128634,4.773952132647464,333.33315613610273,109172.0,5096941.904948953
"Hickory-Lenoir-Morganton, NC",65504.44679446141,182694.98498035138,521.750527339659,142514.67208875128,16.05977285669572,12.612877115823094,7.553159213759023,4.869362701078353,5.36335156089622,279.4345471282357,124382.0,5778604.063540531
"Hilton Head Island-Bluffton, SC",24265.008905040697,55823.931813105264,64.39437051164055,42038.90974331364,14.698213606068348,12.034708268845602,7.538277490823723,5.257243188981988,5.887487264117024,89.2254876723625,82958.0,3767614.7059110533
"Hinesville, GA",13890.752733520438,28274.641162995038,2.3355794182781393,25710.0,16.956055367793745,14.843530569349362,8.370000000000001,4.600414514544365,4.851921009277842,49.621921460965325,2453.0,121722.57334374794
"Homosassa Springs, FL",10832.246166117047,14444.977236051209,4.547116238896768,19733.272892027566,13.453202942965213,10.806478495305827,6.627157746958223,4.371446789208025,4.822920956009977,40.08120693044725,70023.0,2806606.352890708
"Hot Springs, AR",12276.366217825997,34684.9710085204,0.6502080377492676,19877.929768564103,13.56362786135079,11.916762928895611,6.83724224489575,4.460024588957976,4.912100830720273,41.68975845482041,47295.0,1971717.1261207312
"Houma-Thibodaux, LA",30400.671418804468,56914.38196838666,0.6940631235194727,48545.87738794695,16.22578834402237,13.183499868978743,8.45864605453085,4.849109681673725,5.204361740119012,95.74500522576831,74739.0,3581597.939814439
"Houston-The Woodlands-Sugar Land, TX",164074.56239344768,393389.3499467718,56.36970339452399,335530.19905494264,18.517999167898722,14.195936578997925,8.876080190709725,6.059907568635103,6.779827510389319,643.4011446562611,2798974.0,152347457.92202318
"Huntington-Ashland, WV-KY-OH",183981.49084386148,598104.8638218573,320.4253789932716,360262.9830040179,15.395559504588128,16.299639156896053,7.346850473092153,4.443662545008304,4.818008399439834,723.5844863950141,267380.0,12915448.674729563
"Huntsville, AL",24501.311549137063,57580.5225816482,8.553161314241075,51453.813495548784,18.027599927374354,13.883577511203097,7.649860809007895,4.773485268489318,5.217082177989269,95.49834209743732,50762.0,2515338.6082420736
"Idaho Falls, ID",36423.38310748887,160321.3928539923,91.07234183023931,108671.3026355409,16.31220367610121,9.15855502908294,7.746063981465621,4.723178154289486,5.136622746891669,187.03306560216876,121545.0,5235748.21398291
"Indianapolis-Carmel-Anderson, IN",232843.10014541744,900381.4137935258,769.8061087744039,501374.2403044021,17.584309370384506,17.38211080583623,7.6917395302569975,5.960198171964255,6.814416871187172,1018.0162209275013,1205539.0,66826371.83889319
"Ithaca, NY",6809.385568790801,47916.65856600798,112.86323266671306,17095.030205173036,12.011453849085605,9.221900999655418,6.969603640664369,4.743261068870669,5.276365278967099,38.22258483724316,38961.0,1489190.1278438307
"Jackson, MS",119966.23887416079,309657.15203664766,61.696097271658175,204737.16697067083,15.279186779104554,14.017958395736862,8.047719684270234,4.7698363549702565,5.157196357431861,426.5278855529841,211684.0,10006704.36552832
"Jackson, TN",53831.9330085633,153909.93403341557,26.919085537154068,100078.59496887884,16.905414902464905,16.328706196105596,7.398974162347228,4.606194078221907,5.031011425925679,196.9348292442673,45334.0,2278953.8148834715
"Jacksonville, FL",45698.73950069362,103294.71201179223,122.32989647107182,92911.10967226994,13.912489638221087,11.04513764532479,7.642802828273701,5.096212389911978,5.655973707124414,180.8461586930899,352078.0,15263502.409581598
"Jacksonville, NC",11031.948719203165,25466.571502560175,24.89005014049103,20832.362827051733,14.111686104464626,11.097641596805373,8.628106709942372,4.859659991931108,5.194144658540462,43.89123906168394,59406.0,2607402.947698396
"Janesville-Beloit, WI",32476.399275880343,153995.94996738568,88.23797397655281,75753.06053528929,17.16391022400253,16.58091375766359,7.57964571639049,5.351534265783219,6.010454615231347,151.76538117201954,67398.0,3550961.9353122395
"Jefferson City, MO",37731.47670560215,115072.66075406701,3.5030437325831647,74227.52331113559,16.466969917062656,17.578314791637084,7.480447106962779,5.102775595683428,5.688632178515789,157.68224259287456,51237.0,2680573.281165746
"Johnson City, TN",68266.73860949576,177025.4870806705,179.6103003181194,149557.95066108965,16.25777880779231,15.2240705773698,7.297637658360827,4.219045841929206,4.520233017146436,280.52771065165757,65380.0,3106776.914711895
"Johnstown, PA",9561.037171603817,49499.51873766082,270.82690450353516,20163.64644895412,13.655618734506456,14.565602839074492,7.211151376087153,4.426303218897936,4.811734041953628,44.67041021051968,66330.0,2962988.30926377
"Jonesboro, AR",27104.42617546737,77326.61389247229,1.895575437458739,44707.38809484642,14.904460038108182,12.964820832477702,7.423409993844007,4.480059996828452,4.855314085981119,88.80887962535417,46902.0,2093145.5021554253
"Joplin, MO",176882.7657805892,505995.16706338443,89.33058048630741,362963.37403613597,16.761138244391134,16.003684894584353,7.764731440106719,4.741054761243962,5.1578303108822405,699.9358230546907,182685.0,9212519.497681007
"Kahului-Wailuku-Lahaina, HI",5168.391585718334,23923.874398511914,1.9284403511898571,21747.83224020277,15.239497023259169,8.05432548628313,8.792223825307078,5.790537667303655,6.42794836368467,44.3045323658377,56529.0,2504490.9101084396
"Kalamazoo-Portage, MI",10983.74860501383,66642.05045329938,24.065311228921342,23593.837734968387,16.234821489477604,17.525363548991617,7.297636652946917,5.182852258639004,5.823485311380641,52.06415926143577,97996.0,5102079.35098366
"Kankakee, IL",11571.939897621878,65062.240400676725,4.297049005126893,24268.715853053603,16.558118306550874,16.917733930573593,7.836747395757346,5.180082770907447,5.740487573577019,52.23316997736626,40147.0,2097005.0750813233
"Kansas City, MO-KS",379141.238957947,1284690.1856695334,565.3891437454178,795132.8669086659,17.621432661893266,18.17873531107703,7.661790596599873,5.622076193418999,6.363312085535074,1592.956380384419,1020675.0,56593720.744617485
"Killeen-Temple, TX",46650.95992709689,114131.02149746392,30.410903553093206,99440.76479503563,16.29533341016767,12.224252480413577,8.254058607857422,4.8375730290819146,5.219097865325556,187.4632428580804,136669.0,6400252.37442489
"Kingsport-Bristol, TN-VA",11993.88849303003,29244.32714315447,24.49108531602961,25926.537480063795,17.193743120944138,14.024179594940025,7.274280229192511,4.426921456555462,4.806681016202348,47.725805417834486,23136.0,1104184.2341470188
"Kingston, NY",6612.689157358669,21999.076210849526,458.7464616312236,21501.889407126855,14.958847547985357,11.797176732509087,7.449575700623984,5.241332215535344,5.879123336903567,45.32605553355734,76259.0,3456519.668933549
"Knoxville, TN",232891.60176679242,732514.4717163341,875.492168091188,468150.5796388925,16.400353752553123,14.724250248270376,7.255520659841453,4.799887365218389,5.311608733306013,930.6392337191174,520707.0,25249926.37065521
"Kokomo, IN",86405.59008474559,303417.0664562658,178.33088165212888,182671.56700732347,19.29191252115385,15.033691648577708,7.8629195568726,6.450676058943806,7.451891001893048,359.06290115031624,191121.0,10720185.362386515
"La Crosse-Onalaska, WI-MN",9566.08917299664,56160.792867875294,51.9439351150333,23254.56585260306,15.890331785937006,15.784011692033342,7.359423225272348,4.987559838332193,5.5494836276832284,49.57081016925812,43190.0,2140963.291210258
"Lafayette, LA",130257.77955932109,346663.03316454566,200.2784552383063,236207.99769679378,15.647876082739584,14.367192548641231,7.77296658425504,4.646567429975969,5.028855790325986,476.58791768334396,229565.0,10895948.835846063
"Lafayette-West Lafayette, IN",166189.0794257463,544321.244631921,1266.6662149436575,357165.4639759346,17.628505864343442,15.364405225559544,7.626301659080574,5.1402557481964894,5.716211044872994,707.1091835244237,268180.0,13804747.739587784
"Lake Charles, LA",51458.70825740691,139138.57450133684,140.31707045770344,84816.05827453645,14.419252509506563,12.868088522194395,9.283955099892786,4.618005009928457,4.774926988521844,182.66441864559047,206650.0,9498507.743073601
"Lake Havasu City-Kingman, AZ",10812.426943302424,28772.399529544076,0.7877045866302445,21538.71592779314,14.49203039892496,11.800829371826532,7.616901544966661,4.512445608901183,4.871691372308314,43.29389829692764,79376.0,3436496.471216928
"Lansing-East Lansing, MI",33634.685086838144,182470.25181621272,130.81754568476737,80700.9403142843,17.6164035539508,17.544885415758333,7.524144787408964,5.379600463346808,6.055286489580802,165.44495585708364,267902.0,14498942.158862665
"Laredo, TX",11255.311920029355,27656.22051750366,0.3181362232536016,23583.75272057331,15.336278438800264,11.851933637796101,11.365365579478212,4.824969363901494,4.755781678101999,48.13432869807807,54722.0,2634006.735016228
"Lawton, OK",52483.53083369085,159039.55288458284,0.5534992836728231,98410.71098957508,15.448827799747693,17.037876694401863,7.99441035463225,4.643901305626897,4.996742493577404,198.58047982408988,55636.0,2788574.1641393546
"Lebanon, PA",9540.686651167975,32466.19250962326,411.1114174175929,22490.61522633745,15.475535465924157,15.149587142405359,7.512476729374878,5.111357424907634,5.695916381091177,48.944873143703205,50038.0,2449103.562364621
"Lewiston, ID-WA",22210.722940646396,94716.17809421565,70.65340793872171,50692.64153589755,17.01558470833729,11.6690968739488,7.24008231374092,4.689865790595211,5.164795545600563,91.89201328295371,24616.0,1126906.331516396
"Lewiston-Auburn, ME",6413.727320180387,25196.714520268924,643.7496785503083,22699.326582717524,15.43050382032676,14.935860582825498,7.193966356112645,4.758286098214972,5.263810053070478,47.582426910550346,45960.0,2186888.340808894
"Lexington-Fayette, KY",39544.64996428192,126322.26165705135,45.11127653257604,74812.01298260162,16.95524107538837,16.467828844922312,7.728065612892379,4.820369807203111,5.272964833620645,152.97862858185763,29535.0,1513505.426589882
"Lima, OH",64846.46798648423,232457.93890144664,32.46466753245239,117944.18513162986,16.156963374121908,17.446376988088602,7.632854233111105,5.178824037510834,5.769874050255225,250.0714969215128,208783.0,10895318.449053092
"Lincoln, NE",73784.58482668218,248483.8744296036,610.8716354046749,144498.56644284824,15.902851597511235,15.254617279445094,7.709487988122602,5.290056973250373,5.907680362539438,305.12570561084135,329926.0,16517644.29891582
"Little Rock-North Little Rock-Conway, AR",477559.02053450193,1393745.7522749372,1862.4758289073986,976528.6201319102,16.04913066166039,14.483471947367681,7.576815766422237,4.794637097902112,5.258024318731786,1926.8901734777235,608357.0,29299738.37607297
"Logan, UT-ID",12145.484347698608,71540.23558004168,3.4805073275885503,28793.614907376,19.07892562648219,13.46591097065334,9.786403037498221,5.26530703791415,5.577596046943389,53.17414271949127,29035.0,1543911.2338604291
"Longview, TX",57672.3119346633,176091.35946207715,70.02341446570203,124259.80485064509,16.49265471706873,14.697726773714692,7.666878369330676,4.647132021111109,5.046365065184475,240.8717367130064,104648.0,5080739.612927881
"Longview, WA",10094.401636256782,24090.418155195068,8.871186433343166,25931.8510559779,17.514783179636563,9.461132134762066,7.677912611634207,5.034245098620813,5.56680704382368,45.25488006847733,39407.0,1783359.0588584861
"Los Angeles-Long Beach-Anaheim, CA",6861.410278733349,35118.6047242319,0.20134554050817421,20683.94552969597,14.313225446914437,7.4437413604386835,9.457534176748835,5.5328851462936495,5.9847898363567085,42.73217596675231,3267476.0,139626359.39913997
"Louisville/Jefferson County, KY-IN",202351.63478678308,609374.2630429025,346.170864131269,424090.047073289,19.186746293809634,17.041015530126987,7.818547544223083,5.279990239416104,5.877416946132418,814.5509408068862,215144.0,11876748.394231003
"Lubbock, TX",34306.6568303084,118281.3149192018,1.1982926027863796,74036.27299037177,15.229583553773029,14.423832088089302,7.596994951537532,4.573886975804252,4.956071930349191,145.98018517842235,105990.0,4958251.363257655
"Lynchburg, VA",114112.10220876103,300803.676897308,1413.7225203010037,267909.6325650524,17.701353120183143,15.765975474632812,7.585332507664915,4.924202951702894,5.432182595272353,512.6228687885106,168717.0,8673580.123556288
"Macon-Bibb County, GA",166063.83992756676,569413.9144155402,371.2958162235412,336615.6435377827,15.203190432005732,15.090437582100062,7.561588637965313,4.675704221234592,5.099850677315609,681.6342125125623,237254.0,11300591.073471108
"Madera, CA",7681.05298255259,35612.50050259052,0.9311503785194487,25857.392805473137,17.133416365427028,8.125046577095237,9.783267207768324,5.042520208784028,5.278544349747918,45.36279470882254,40074.0,1817868.6351613544
"Madison, WI",55912.39765034302,233415.85760024894,301.06323156812266,135957.4232726625,16.929046138639425,15.69653308063263,7.200902300158676,5.5220748723848265,6.294888999695661,263.5141201606103,214530.0,11079068.3398409
"Manhattan, KS",49896.82371299994,175927.43486361444,4.821681181449537,96572.94556214109,15.915986475107289,17.465783786198998,7.702088959731183,4.6236286851017745,5.009632330839502,206.91991330614485,70765.0,3588997.0135698006
"Mankato, MN",23013.041671382343,118367.89834762645,55.69335498922627,48253.40835767205,16.52689032865381,17.541036696498356,7.4968822638422274,5.198301461102269,5.816621653179228,105.25775619708949,53586.0,2817537.5405619424
"Mansfield, OH",78168.85187081309,306272.5901217253,237.13261002301473,170039.27732239888,15.096453363362984,13.657979280727357,7.398861390092326,4.918662526909609,5.451218704699227,335.5730177059708,228419.0,10626777.17103683
"McAllen-Edinburg-Mission, TX",23858.71876689754,61425.66659738944,3.431720581657484,43137.083738153684,13.29193363041072,13.10237234610656,10.8170888343721,4.493304982783776,4.386546201177263,89.78506774856925,195223.0,8998071.316852681
"Memphis, TN-MS-AR",214879.31831682308,635261.3253912231,192.67466862227428,413691.624039213,17.1600171481977,16.503333117176812,7.887521642759584,5.492657666381895,6.155868748060894,829.7396054616185,807144.0,42939575.159678005
"Merced, CA",7140.185848571114,42460.35364596658,0.7153422995147459,24111.17320888855,16.019400313971154,8.260157498857371,9.859372802098578,5.004474706438913,5.2131292589407145,44.356534580306736,68307.0,3029861.807577012
"Miami-Fort Lauderdale-Pompano Beach, FL",35529.56625324676,41975.07982121012,4.622181621122079,56616.57354517716,13.274582461236244,11.260231150868286,7.95017365223286,5.257119249246048,5.828878781791777,130.6380852305934,2152524.0,93787591.55194226
"Midland, TX",23791.831687741505,100287.86854044467,18.443513667841305,50404.49002511792,17.011808052495578,15.1510102868203,7.90166654506492,5.242456135610509,5.817349523589104,103.63116674865046,80234.0,4101906.327473631
"Milwaukee-Waukesha, WI",32809.82545778522,209070.36716114095,108.26598760461033,77027.93762444549,15.021379365783389,16.190742313006147,7.564393942357941,5.453001580996592,6.148940449760917,167.96321487000017,574322.0,28933456.555557378
"Minneapolis-St. Paul-Bloomington, MN-WI",297721.7536149078,1216481.945109966,526.0953278049346,637641.8108840815,16.9549773210591,18.455640608373272,7.776344443792486,5.873495830682683,6.686461622258484,1302.0074879067618,1622139.0,90429252.77989714
"Missoula, MT",8683.432791791625,57081.624176045276,8.011961227762525,24849.632336406565,16.717965674338632,10.61805819273528,7.229643419319605,4.708866427640903,5.193838873566544,44.46837258760096,40326.0,1793231.5929675964
"Mobile, AL",14943.73328235012,33217.588637215595,0.2615971633124403,22458.864197407478,15.14254095668373,15.973362836452983,7.880666020368391,4.713187003568515,5.104994256131014,48.81475107320462,165242.0,8066247.096838478
"Modesto, CA",7151.376066705167,48725.128039435054,0.5896545875741956,24469.74366098799,16.501399440557066,8.731245338939676,9.221811050947904,5.249219118641418,5.636762448660027,45.340437397746086,151941.0,6889071.398650938
"Monroe, LA",41690.9663550393,106344.9461034467,2.1896751657615177,65136.48055157214,14.628759218248666,12.628369670187626,7.749437153398759,4.46274164426593,4.785624627028359,132.2352711764653,87379.0,3866951.730588929
"Montgomery, AL",39669.09945325994,108606.56504518261,11.98591127230635,80951.69362215974,18.428044266229154,14.79323727639335,8.158152044291196,5.122967351077785,5.618780541469731,153.11887756363964,55313.0,2882978.911173438
"Morgantown, WV",24789.54103881683,84211.1383400471,261.88141717011655,44333.363612897636,14.13667890672902,17.23347092560755,6.990634280705077,4.2233102458386504,4.569562887557958,96.64927703991737,48059.0,2266157.613606576
"Morristown, TN",23397.16144792531,52655.4104303047,45.9301185752261,51178.15824930626,16.745048609765437,13.614096399136653,7.425725673773693,4.471873943245996,4.840014727306279,94.21806864251252,36383.0,1713521.3955484962
"Mount Vernon-Anacortes, WA",11594.586935397025,39075.798611574675,22.660647669519722,27237.025576012526,18.427625614514604,11.176299333397024,7.824828132653357,5.2424219106386145,5.828411228210363,48.499586219413956,43479.0,2108713.5092338994
"Muskegon, MI",11288.712313098811,71846.00162955098,17.204064956636678,23720.036802222196,16.075221306551118,18.152257850578245,7.812469171673971,4.942613414796135,5.424666747030571,52.40722849063005,69428.0,3638529.059647463
"Myrtle Beach-Conway-North Myrtle Beach, SC-NC",33530.71971868706,73207.76144136793,252.0533302914589,61108.41955795974,13.36727310964065,11.001607602475069,7.181348925536519,4.7327104121455426,5.231310991219013,128.37998040229135,185567.0,7703675.022928362
"Napa, CA",6866.409658463676,39765.61743190689,1.0032396097166631,25628.248808953533,17.852406806419907,8.096477763469263,7.79085642119932,5.886908139726335,6.703091885437657,46.32974101625248,45460.0,2106150.0265988377
"Naples-Marco Island, FL",11614.11168348647,13879.29759258881,2.442738788090229,19272.097581404254,13.792086172717886,11.180598869335109,7.554503717234886,5.58863856177297,6.334203472774396,44.450030793835246,143018.0,6357154.5040727295
"Nashville-Davidson--Murfreesboro--Franklin, TN",253904.38030384097,670689.6754647971,403.420352467708,489113.04105955793,19.750429250220762,15.43922680469115,8.119169223748779,5.892482827239428,6.662621827103666,966.1989884631536,778388.0,43483812.69269095
"New Bern, NC",95432.96971341125,240721.44856296835,344.93753807262493,201801.25890435907,15.622018429243974,13.157222055632165,7.618181253369789,4.63385681169193,5.037345974016935,382.5797709975314,95870.0,4416599.033111546
"New Haven-Milford, CT",6962.280642832396,37480.2684604072,421.1818900391974,22276.531777750537,15.73682447599166,13.32724084472091,7.516804372072815,5.733167598139266,6.533701353438556,48.84773864436321,340732.0,16643987.683771165
"New Orleans-Metairie, LA",15249.140572518414,29594.903297527362,1.9986739138833005,24325.97711721817,16.356666074116205,13.309326297971468,8.649627593942792,5.015557454365209,5.402342774203658,48.73352019459932,10437.0,508631.75027103315
"New York-Newark-Jersey City, NY-NJ-PA",528749.8496413592,2116319.3969810875,7983.372205308851,1150307.313857122,13.201718378295231,12.85649248751013,8.236937269286196,5.898126540576858,6.653126353190066,2521.540950222083,7632137.0,357538150.6091889
"Niles, MI",23655.313473358965,86617.71414673403,53.85864241481074,46467.747466761924,15.51372562070598,16.383890302168766,7.5244574421338015,4.925812682082757,5.443322864824952,96.80361437360797,85335.0,4248932.812498374
"North Port-Sarasota-Bradenton, FL",21816.90719661248,27703.08442238908,12.544245157576432,37101.20402231044,13.143199240594338,10.796798633420847,6.745170766340529,5.072109619500247,5.752337324047253,83.01738823826543,448683.0,18624658.849032447
"Norwich-New London, CT",6933.719451245404,26011.51598251122,552.1091017994055,24589.208210027904,17.208603016002005,14.212030367201415,7.453737480495323,5.794636001459361,6.625737545765438,51.29474441092356,111418.0,5715157.832776282
"Ocean City, NJ",9229.75974398577,45812.50872156603,98.4639399832707,15984.13068606786,11.585133325736146,11.924578285513853,7.233513195854258,5.215186826690367,5.876033800129059,41.834445433923676,91308.0,3819819.543680703
"Odessa, TX",11005.324382353527,32346.924828705607,0.5128022800766879,21999.150567166118,14.723684075165487,12.116866579067699,8.22887094939383,4.586487981617638,4.885127546976422,44.54103713222108,50246.0,2238008.9517455804
"Ogden-Clearfield, UT",184636.42914817922,724728.8129046253,371.97848148751154,410222.87171571,18.3880404605938,15.037608610539621,8.597978933836755,5.4047471964012095,5.935574471046816,785.9516837415453,314625.0,16789632.665684577
"Oklahoma City, OK",182968.2437139556,567109.6579795108,385.385948915809,375790.0773035949,16.14333542945499,17.61494161747481,7.446088501334101,4.839845104241909,5.338280714706897,733.7577220782781,489812.0,25167760.86155719
"Olympia-Lacey-Tumwater, WA",23901.558825668628,83188.8676433763,32.33827231354949,50790.12172935049,18.093154682121497,11.028482134301415,7.582151376704429,5.458078930354514,6.152285178646164,100.5371893350734,88642.0,4282663.088365232
"Omaha-Council Bluffs, NE-IA",161277.1639126499,560579.737918306,293.0145040747017,348895.5169098687,18.14719939964981,18.418800021608636,8.03207013915926,5.441866036851059,6.066771473213365,681.2540992515011,462229.0,25934147.102481887
"Orlando-Kissimmee-Sanford, FL",180743.25007250218,684091.900098026,761.817641243736,388901.5716394123,16.462791422051467,15.67481535320253,7.936414994507022,5.73124964309319,6.47103229352642,810.4630692341761,952022.0,49768191.20715589
"Owensboro, KY",78657.39579413482,272815.9980423949,89.20305343321202,152238.135463271,16.828976938719165,18.207441602071064,7.472184704851183,5.129328897378984,5.72447470138399,310.21296787323297,124117.0,6623181.85030694
"Oxnard-Thousand Oaks-Ventura, CA",8462.083772165697,40027.35642130718,0.20231792380013958,27703.444689670094,19.30582285433916,8.762111826811536,9.409059010701396,6.583272704711506,7.4100918318531415,51.47035822841673,253479.0,13046654.933380844
"Palm Bay-Melbourne-Titusville, FL",11659.6076917251,15934.206733427025,7.288373301543004,20773.20083641621,14.4387178603152,11.567665599346029,7.15330449453056,5.051424493605347,5.665468068804243,43.876580516601386,232251.0,10190379.701561188
"Panama City, FL",21588.066914237155,90432.59961322704,22.37954781689942,43912.00459022615,14.614969359819437,13.975430174958186,7.372087966702633,4.845384329870209,5.3564365153673466,94.95733784395232,123635.0,5707524.2624464575
"Parkersburg-Vienna, WV",15969.23711967376,58657.63088576656,3.1421656608981845,23094.590092277806,15.410718000980948,20.077101437078554,7.7330840213695975,4.439302080691825,4.780033447090866,52.440238987211806,3373.0,176880.92610386544
"Pensacola-Ferry Pass-Brent, FL",36365.5414641023,64863.96374084546,8.561434577773266,66784.2480272172,14.349674844054373,12.68598624219978,7.615204058509499,4.830715168054423,5.301755715941767,137.566101991205,190081.0,8512461.2956827
"Peoria, IL",96818.2424487813,442340.70747643523,216.4533026754255,208411.61017151346,16.187568524551864,17.58462168276474,7.470711279710367,5.109468235829094,5.698658181552509,428.08837307924,353780.0,18414612.652021665
"Philadelphia-Camden-Wilmington, PA-NJ-DE-MD",182447.5875111302,707955.8793539157,2559.6311391747395,375393.15431631537,14.805317425000348,15.295323305481658,7.8033882017786835,5.8525523413766445,6.653697268435303,812.003845214569,2998414.0,151150884.9244502
"Phoenix-Mesa-Chandler, AZ",22942.03931592877,54827.529505701816,0.9199184095260576,43037.44340678616,15.345069100735527,12.680391533841902,8.260395120335035,5.538422649870487,6.164152668909746,92.34414936736532,1327437.0,63701618.979169436
"Pine Bluff, AR",40247.99993946055,99319.2878066606,110.60350570025601,76035.86180607995,17.930440550536964,17.563967119019107,7.613178704739996,5.147863231871565,5.729747803431461,148.35308408142683,366705.0,19796641.816087037
"Pittsburgh, PA",234288.22588811108,903595.9012049756,1106.8642738398592,472320.2939141167,13.774979914645328,16.9363390938328,7.137692650030841,4.935084057539343,5.510847659721019,963.1799120744092,1170577.0,56532949.931977935
"Pittsfield, MA",6971.572463211326,40388.66112078806,415.15305764619694,20224.742832926902,14.084182964975719,13.491305165268384,6.9067617319931,4.963251835694549,5.580626287016626,45.026127984948374,65953.0,2969608.2189913
"Pocatello, ID",20168.416605288898,96034.36395180848,52.586152286004214,55360.16766026191,17.712226836305526,11.290033613126301,8.201145580755488,4.874290141735241,5.275655372235692,95.5772671112841,32351.0,1531928.2758050635
"Port St. Lucie, FL",70380.67490588033,201808.931698076,183.87787716411947,138533.27065879,14.198925022634095,12.223283608793464,7.00957130550148,4.931566983553458,5.5253347419087016,280.2406227625132,102831.0,4513117.024025349
"Portland-South Portland, ME",6915.604094964781,21626.544172462694,634.4314132515174,25151.1540296473,17.169527107443493,14.888672093000167,7.455176350315216,5.189889406010054,5.808597547102648,50.51186250387158,16489.0,832890.1008263385
"Portland-Vancouver-Hillsboro, OR-WA",134145.51208074877,391986.71952757734,1300.5698813821166,302408.60480940633,17.102000453867653,12.145712769234786,7.662713721718193,5.552884247881793,6.2703196418083005,577.0948499918701,1095720.0,53398413.97799009
"Poughkeepsie-Newburgh-Middletown, NY",88681.55144576861,263318.5253951845,1526.0054650095026,222380.88482250256,16.707634179782886,9.534285541192556,8.791435774938474,6.0666982578604856,6.80046234975846,436.91467703976343,1698144.0,81341974.01811771
"Prescott Valley-Prescott, AZ",11499.796911883906,31087.578731195536,1.2283307511791235,23874.317195462765,16.116044630577285,12.514816846237148,7.038466687020032,4.659903039693615,5.1533310471631335,45.48256225069121,83711.0,3807390.768567612
"Providence-Warwick, RI-MA",92274.98226828992,418913.5269896061,2398.2798689856977,227512.45632471392,15.543927800295506,14.481112112684356,7.633616878773505,5.309405146007848,5.945206768418247,478.6297690489726,901598.0,44100105.23895399
"Provo-Orem, UT",25392.856026948568,126311.74071741069,59.20316298178424,61849.693805173854,19.475636560460543,14.206545822784816,10.805883042228041,5.861011875408695,6.234874362958504,111.88992874565002,106961.0,6052276.053916053
"Pueblo, CO",9397.879826614764,59402.4046966769,0.4432629894922496,23250.0432656983,15.630220623790057,16.314446016932244,7.57085577629571,4.634157393993051,5.043289798946666,49.19296960995772,59208.0,2912617.3446663767
"Punta Gorda, FL",22479.509533737455,37138.553072391835,230.94484147410498,43835.10705602751,13.285637677097684,11.196604159114672,6.640348543894442,4.703609255293228,5.269355707574568,87.30799095043794,95892.0,3940734.9929485195
"Racine, WI",10568.849636260367,68404.42022346286,29.398417291856685,24881.84098801022,17.216801399182035,16.60453615375609,7.809103614069215,5.614099052148483,6.331666628717603,53.576206847873436,78566.0,4209268.267210024
"Raleigh-Cary, NC",37137.181345410696,93417.95907968235,50.944330212748845,73328.918349864,16.739211221271333,12.678198295050105,7.620616881139236,5.894256566459839,6.736361559428184,145.43850045394404,319223.0,15855373.71067694
"Rapid City, SD",60260.49684363401,233635.666043548,86.6078635729012,131036.4283450773,16.842494997861998,16.792646679454112,7.633369225746981,4.867924120787013,5.348878270281422,263.30443779553985,62725.0,3229416.2763744
"Reading, PA",10227.852460005503,38951.98267318366,336.67495394720777,22553.136938666838,15.67869313037949,15.08288749771819,7.682676407467768,5.41704494298608,6.082676051995523,49.94397803054704,149416.0,7462429.421412217
"Redding, CA",6746.07659635272,39054.76384142952,15.78837876801949,24200.350749133344,16.248902559554555,8.159394531622304,7.609026097124534,4.699278385375469,5.124911956457823,41.84151353013469,71183.0,2978404.4576155776
"Reno, NV",13734.306644239037,71481.86382866782,103.45640436175788,47558.24040370858,16.236462518145295,9.880756809609924,7.66121188690727,5.533739226400553,6.243639538770543,86.38125921657397,144449.0,6580491.19577698
"Richmond, VA",169408.1813733533,367359.530328959,1904.9196260297422,402362.0608221931,19.093231590806255,14.437807630443956,7.716876908558038,6.033730842464095,6.910634602262369,712.7004484799071,616353.0,33401575.325309202
"Riverside-San Bernardino-Ontario, CA",17065.563887349505,87488.83847041697,0.5621047619144708,48845.628828378794,16.612678827995897,9.075563175240015,9.445126502073593,5.529771780343039,5.982710546884613,93.29094498785804,1185471.0,55297303.43229866
"Roanoke, VA",49886.30499744546,136149.69924275653,411.6126890811737,117001.45788105781,19.305348798727685,17.69193053567805,7.322479388346951,5.505431790582131,6.25412536502861,215.45220320777435,100899.0,5658346.892810992
"Rochester, MN",98550.2164909763,428061.25022160326,212.51921646413388,213913.18373164634,17.68996599044091,17.494894297838197,7.591379245601983,5.3549997183479325,6.011691395975572,432.3903612004532,142907.0,7737403.790142974
"Rochester, NY",298397.27262198087,1112660.1294546672,2175.162222782173,633356.1694754561,14.121747576108525,16.373032124910317,7.854228538035968,5.027440301049828,5.532759388456964,1288.1054726337618,1589792.0,77755467.49116379
"Rockford, IL",137023.7483505889,586403.468296346,187.4850113553498,288819.7722292103,16.974538002168384,17.219864444761605,7.573360003029969,5.293379934426403,5.932283805502114,587.0188265169962,346549.0,18364818.85267966
"Rocky Mount, NC",23121.890219950834,67434.46380194131,78.31456703492273,40810.08606101241,13.91140853969663,12.117836704343928,7.823298313616139,4.696310172439889,5.089855812919663,87.19501433849068,91595.0,3997087.6005925727
"Rome, GA",72452.22471454323,249437.15398914367,222.86342702287232,152561.3210200839,16.58564306411803,15.851960955056542,7.546541142333139,4.690338477131329,5.122234833523032,300.25352139050074,98692.0,4914537.73945462
"Sacramento-Roseville-Folsom, CA",29293.643398597244,164087.9346960184,11.937076660604056,103251.6049967393,16.653778186406484,8.400427076077648,8.08414516248456,5.627104224270637,6.309329842347301,186.4226837717327,714994.0,32228200.4627775
"Saginaw, MI",11338.263697841088,70874.05348958018,21.08308929278578,23879.94980580481,16.228218286670817,18.19233955488596,7.658160502802916,4.992764053245693,5.512404732876485,52.58388713048186,85150.0,4477517.98916053
"Salem, OR",210049.52025345335,677480.6276401769,196.86105352846863,394536.3076297555,14.719365087724338,14.559991507652974,7.391983152273034,4.8950196535518575,5.419757679989087,810.7044779938481,810028.0,38060070.44704322
"Salinas, CA",6359.510526552472,38443.649210241,0.616387021399673,24315.98258279288,16.639437888558266,7.59985012782743,10.054030364898859,5.833398826816225,6.3039639044502085,46.430681112550985,129027.0,5990811.491909116
"Salisbury, MD-DE",81604.97860336509,258806.1416811247,2458.2766800120608,186144.9812589846,16.776282682228693,14.41392771631815,7.759543547288283,5.920352468762165,6.751634932831407,392.1031318724245,364102.0,18795579.268081482
"Salt Lake City, UT",24829.11311501641,142297.85486135655,17.92139388022335,56659.848360160584,17.889844594011063,13.914456151417722,9.309662749506604,5.951053473388814,6.571186030326067,108.6063937691076,324775.0,17419697.82888664
"San Angelo, TX",34292.61411057147,85793.62358781222,4.894035125826217,81641.23416793623,15.625584436924653,11.956642334211317,7.605756256763059,4.640448246342459,5.04462464386776,144.1316467684513,45120.0,2024672.2830250892
"San Antonio-New Braunfels, TX",175371.24077962956,489255.9275169701,104.46498035826441,386719.42756623414,17.84399197611254,13.227042034716089,8.268512537420877,5.377161130059733,5.945320772387951,729.1477130105669,1284304.0,65065445.787344195
"San Diego-Chula Vista-Carlsbad, CA",6875.857284223691,33259.03895122045,0.8454826511707294,23111.053156405946,16.089899804424103,7.550214744072121,8.461206340213934,5.72271082179834,6.384614633163143,44.20864634367163,1040131.0,45982783.53008952
"San Francisco-Oakland-Berkeley, CA",32343.644182953674,228509.9116050486,3.687935644348027,116063.83438641668,16.505147811638988,8.01848313170596,8.028044645429963,6.612190607321187,7.647158021403286,238.03661654370015,1599438.0,74871330.95238878
"San Jose-Sunnyvale-Santa Clara, CA",14173.016606564051,104965.07376242233,1.5358036401009243,61418.25284295273,20.139841124745242,8.316734905432483,9.221185998501234,7.4967979307590955,8.670041925571192,109.80582159574536,604935.0,32572484.24130808
"San Luis Obispo-Paso Robles, CA",6549.039409746142,37336.05196754912,0.6317295052012595,25256.418434227195,17.22316861054576,7.739378389173926,7.545244960059312,5.193945913556529,5.802095262319546,43.50383313565508,101633.0,4421425.073076033
"Santa Cruz-Watsonville, CA",17138.323000403663,72980.82369995373,2.980538363435813,50468.91314476066,17.827495905763868,8.31617875097038,8.714120716051152,5.97663629791864,6.6917833709083405,94.80525830825688,133829.0,6360385.832803944
"Santa Fe, NM",11980.726120523517,36076.24925398064,1.2268696001558026,23746.163228317913,16.32492118376563,13.193277843789247,7.308334462813826,5.18451172836948,5.821534264333292,47.83257948307148,56575.0,2706128.184254769
"Santa Maria-Santa Barbara, CA",6714.483699131517,36519.552198179976,0.16808122691490768,24462.13153175267,16.844607858093774,7.6903014579474975,8.608410738349171,5.642654727852341,6.2541537192386,45.04012850148138,142880.0,6435333.560291659
"Santa Rosa-Petaluma, CA",7065.380899674001,47381.48544052758,1.019226790543483,26347.344007957978,18.3169396768902,8.649059125293185,7.853833419137535,5.940675822477616,6.765086133303909,47.525594177102455,183161.0,8704835.355072264
"Savannah, GA",79943.48257037268,197821.05671992205,99.32064184104337,161426.21627044101,15.89300325483529,15.255231186738047,7.687403774070408,4.995200484589459,5.513069213156082,313.6916457618787,171497.0,8462332.175422523
"Scranton--Wilkes-Barre, PA",49325.223779437954,231316.34189261356,906.8720601765483,106583.53049802646,13.488587171855967,13.85261681469971,7.183615912642469,4.664326325069399,5.138413708266128,227.0401189620637,278663.0,12352450.833479632
"Seattle-Tacoma-Bellevue, WA",91372.37198524865,281829.1225530184,367.59194749922983,219494.51167289837,17.449696193597195,11.233828792804267,7.591185582461529,5.871563373756974,6.709941480312458,407.6207914012023,1323601.0,64666135.59000877
"Sebastian-Vero Beach, FL",10689.956615365762,13791.000900278603,5.344970264492672,19477.127754513018,13.758010672402749,10.684554895466711,6.8924731078078105,5.166107072553867,5.858654054050543,42.35979980228168,64414.0,2728564.144464172
"Sebring-Avon Park, FL",10550.724645470333,13967.305833250026,3.0340249652447087,17513.520789033162,12.009875213165712,10.465374526275772,6.928292200153826,4.323229737343968,4.716190297507675,38.44296197444695,48581.0,1867597.5356806074
"Sheboygan, WI",10275.155694256468,65694.42351513983,35.013577199935646,24344.275177617936,16.83872360388087,16.515877001984695,7.526148095847491,5.4697957883831565,6.175846904633719,52.52639139472992,45931.0,2412589.68315134
"Sherman-Denison, TX",34319.218387369896,83217.1116136574,340.8206668607678,72893.65077181239,17.114387760116394,13.420115611034051,7.47599735669434,4.6729189991329925,5.107666684997285,141.66032555055085,71506.0,3417349.4249746893
"Shreveport-Bossier City, LA",65775.895602053,153145.97521209542,16.53524609761501,113304.20759704162,14.861517920755288,16.611334151176475,7.739051623762228,4.61674656685691,4.994370062568401,241.89889518015184,187788.0,9168377.340813505
"Sierra Vista-Douglas, AZ",10821.440779849148,33208.48454858583,0.6769198429408633,22683.375037677084,15.227065996106266,12.229188395378012,7.855161006731639,4.618421141441932,4.982938797981767,44.91277533763962,51618.0,2318307.637378282
"Sioux City, IA-NE-SD",265469.5810386926,914524.807938435,1098.11736613281,559653.5397977377,17.30621756975669,17.04787770873241,8.102190919373115,6.0587673572956176,6.889372265241512,1106.3962284055237,828398.0,45896915.54076718
"Sioux Falls, SD",47817.37668711772,168092.19861427884,224.87623809964467,108054.47690766948,16.860819600631405,17.344999920192443,7.51293052831638,5.168157080125396,5.7715967223834825,209.03524442480924,73932.0,3893148.5067601213
"South Bend-Mishawaka, IN-MI",106153.29438833614,416155.4193079699,206.66432479708652,231387.38624569424,16.91724817658742,16.562690374109078,7.471765507402476,5.002147251648125,5.553166295171476,469.40194201649706,177640.0,9149706.607337736
"Spartanburg, SC",11643.096636191742,31348.436390667062,85.82516387737887,24024.209905886873,16.282820932045315,12.614072852000355,7.5601843849034855,4.911663868725476,5.418238707582901,46.78698074525753,105557.0,4938693.326527149
"Spokane-Spokane Valley, WA",48249.26299752654,186940.0771678986,169.75262240209884,101626.12258736911,16.62102947382618,12.857164725165658,7.514275104143204,4.945501515558829,5.4711738369071305,201.38893332701457,199328.0,9449969.98591164
"Springfield, IL",35314.663449538275,139053.57764929553,5.4842428501950895,74113.08195454926,16.17770333595686,18.269760605777,7.168858016973377,5.306991598805394,6.009000420395248,151.6940448970791,92493.0,4895868.516758633
"Springfield, MA",7063.537053793898,47186.42556551822,294.5393802747567,20601.63289798491,14.286287424871915,12.392177235318627,7.604731415991177,5.093038530322939,5.657212314452999,45.03344692095766,186358.0,8392343.101295827
"Springfield, MO",340192.32035068906,1031247.585478355,596.9283910785995,688453.3382910396,15.82326236459351,12.951589942495671,7.99257258752519,5.23818873608593,5.795485627555196,1363.6242459619032,1770452.0,84629551.78397697
"Springfield, OH",140128.28272290554,502934.66287873837,291.9231412772503,300959.89762350515,15.389650562724244,12.396682027147504,7.975470431146084,5.395290452027881,6.011692877183332,598.186406710136,849675.0,40078138.54213086
"St. Cloud, MN",120916.49754315366,399011.4670919272,216.91280193101588,254308.72817415907,17.249417897907943,14.982859998206564,7.74591919027215,5.146985380005981,5.709680948549702,502.56050306387675,280271.0,14247538.004169308
"St. George, UT",358054.0756474809,1194355.2596521734,2867.5110277388476,771075.0652717464,17.430053016004468,15.362891110526952,7.850986891933252,5.67859891775814,6.4128624007732595,1544.0670310584405,1503873.0,79307332.6800153
"St. Joseph, MO-KS",110069.4195799465,385494.0791357794,214.716969951412,227567.67817584227,15.771644747931006,16.400692347451876,7.978522267710287,5.632332988926061,6.331876871078891,462.8106527122723,670866.0,34962228.02942294
"St. Louis, MO-IL",742962.8078337142,2422063.058982796,4880.566581558418,1581796.159754356,15.342505865221666,14.55101715031933,7.465292523307654,5.126244237770358,5.721687816051988,3150.17500390067,1852088.0,89283138.73541483
"State College, PA",8671.684168214633,30190.353715689926,258.8014086215398,20227.9057084247,13.90348478935378,15.012739087941819,7.35819763740539,4.786585658483486,5.2801622538416035,46.341169427026074,53207.0,2465674.6017037765
"Staunton, VA",11756.513031460221,29352.05832433543,184.5729423227571,31582.40056662856,21.119558950736273,16.541286528961887,7.749973408221084,5.238100226409519,5.841862232759329,56.490781347088095,16062.0,907354.929996929
"Stockton, CA",7455.430389474416,42080.58973269434,0.848758822896867,24769.43108781593,16.784258125989606,8.411171248016444,9.152604681739438,5.391558167555086,5.836128545699321,45.575720768999886,188869.0,8607840.80592024
"Sumter, SC",11832.507226590744,25069.41318569499,50.00267986623637,19889.003444466107,13.316128558209048,11.886754458580734,7.91319068044453,4.321588912353429,4.578674923068282,42.01633753265602,14568.0,612094.0051757329
"Syracuse, NY",15527.729025951241,113419.93658467382,221.32854606666413,40088.16369935409,13.693460901424638,10.299509034669834,7.496690665894726,5.122990542185481,5.713661529153739,84.60891034113052,252895.0,10704112.843521394
"Tallahassee, FL",44690.52179818375,79903.73537298369,37.88466905050589,90215.10411647169,14.511001504143785,10.88410217152813,7.254615063304737,4.922895112591716,5.476682721217945,176.99616042091236,142200.0,6121609.972650213
"Tampa-St. Petersburg-Clearwater, FL",50981.33563649663,96745.17037239231,402.87830248453196,104380.26977888847,13.831470175059135,11.018059523184853,7.1296452036143,5.033591379920827,5.644796420281479,218.32761629979137,1337302.0,57046043.91659103
"Terre Haute, IN",91218.34885595595,301773.6107327719,1641.653319183471,209133.64243794477,15.173507208340709,13.855699510305026,7.256282721292231,4.687250444770979,5.1597499566161975,427.14054671901675,213642.0,9855837.394680386
"Texarkana, TX-AR",50884.54970072814,128956.17133540787,5.225384670189128,90801.82324615773,15.352076257605699,13.989127938893622,7.498120520446306,4.51754187830722,4.896197607149581,183.38166457147221,70460.0,3258990.903701275
"The Villages, FL",47396.23144697237,102368.40855008565,71.18910849595784,80513.55076991708,13.975725604485305,12.254148486122295,7.819707478329801,4.4510120043747685,4.757401760823756,170.52910707173862,81704.0,3534351.250780242
"Toledo, OH",210811.50018089297,864571.1003258012,894.4158667657674,435435.8979971768,15.111206269638782,16.162635561558336,7.534637318425177,5.433348155769713,6.1261710278243875,905.5859261797027,1058280.0,53420379.38165576
"Topeka, KS",307909.06301901286,988283.9281159062,645.4223356276653,639327.407079044,15.459068869095786,17.26614954188258,7.4520286427413405,4.953621322036262,5.491075731703356,1275.3620249109758,851040.0,43081299.313212186
"Tucson, AZ",11920.124704831846,29406.794549504168,0.4070837815112684,21104.85543722218,14.519595706381201,12.630277038348796,7.614480494691547,4.977326675739095,5.49860921038423,45.24028912554486,368584.0,16674846.727049828
"Tulsa, OK",152768.40218316234,455704.3784766734,33.10051879830284,300573.33144653105,17.54131780777474,18.50603703274105,7.7005340461221765,4.90168484185513,5.38477854092955,594.2867841231814,602808.0,32572339.82282613
"Tuscaloosa, AL",238988.40160701142,712893.9853353489,1062.7540099938617,481589.0242684891,15.827662224920052,15.407455350760015,7.456412886599967,4.954044686226214,5.490847225651541,960.8378334720467,664548.0,32653511.215901814
"Twin Falls, ID",20146.855035382916,75492.69986499747,104.43293566232492,55773.61645521752,17.88237364896967,10.82597560622954,8.087728397201401,4.751109477652163,5.126407917735549,94.76153674187489,32389.0,1511711.070002816
"Tyler, TX",52246.652424363725,148223.71687850443,13.25633264289732,102947.8346577835,16.97141614328499,13.21266566904522,7.804296751125495,4.863140056039879,5.318709453874146,199.55614356386812,87544.0,4217014.446455079
"Urban Honolulu, HI",5920.716853173786,24004.84334105487,0.43234178909851817,21022.557458772168,14.94975919046215,9.495604865338294,9.20531266837672,6.1427957815289895,6.84423857289538,46.63771107860154,314342.0,14660191.375869766
"Utica-Rome, NY",34100.93138918841,180397.62174412856,614.735460199282,90432.9175930016,13.441248626908202,11.6856949121212,7.290316954963836,4.740008423360888,5.225991346058945,179.2444005129125,163416.0,6926102.859205908
"Valdosta, GA",91137.33203292608,196496.70220335052,35.36642879448997,155840.42717270233,14.748184621071552,14.36491499654635,7.916414778956893,4.488999784434964,4.797405019953717,319.3176785682973,80848.0,3744549.435559495
"Vallejo, CA",7801.6375974065895,43043.795996999965,0.4204556514545523,27386.054969298995,18.935374038968995,8.751511689537933,8.759519666242777,6.142157195146273,6.906808991079943,49.49537158097592,137539.0,6807543.911875847
"Victoria, TX",25320.39999884939,51883.92583530605,1.5480356891202336,51368.0416113107,17.02944836849749,13.031124833729596,8.2146061184392,5.112201308986626,5.594770540422009,96.35430990879775,36039.0,1765267.7460183296
"Vineland-Bridgeton, NJ",88410.51791893238,270805.9075948424,1407.30115205454,186638.85863560287,15.000414451571045,13.830762966532129,7.634837293925369,5.162225193622166,5.7463709274765105,385.1832923681109,422285.0,20005587.53566713
"Virginia Beach-Norfolk-Newport News, VA-NC",149358.07943432106,396249.62265052553,1450.4039936607858,304703.8979731544,15.453138141427539,14.681925331140448,7.998254681633607,5.669070397729072,6.377692136229916,605.9982625812587,424633.0,21308118.20285569
"Visalia, CA",8269.185399683674,41335.15942100384,0.7066125056014787,23135.477649808137,15.346713805934264,8.610501783369676,10.034969759972354,4.93420112424556,5.093736423377701,44.02012289689956,118305.0,5207800.6393177025
"Waco, TX",23853.53531523676,62600.276985586825,1.1065046565972416,46543.241062835026,16.04953400432109,12.496835398269372,7.820448326940959,4.667189424666283,5.049951471423029,90.0891378494852,92802.0,4276683.5283748545
"Walla Walla, WA",11351.942246799299,41027.85015061097,48.48196379997737,23422.078090009392,15.824301013109137,11.986232839580985,7.6464436899516,4.7951518946386,5.248509530773594,45.50063896805391,6815.0,310086.85456728743
"Warner Robins, GA",74047.47475413185,192096.1116092173,100.31850232357988,146211.05559772335,16.08843271299317,14.129616974515333,7.687592509671444,4.92114854189371,5.411952469658801,290.5907966746705,117205.0,5653821.897779488
"Washington-Arlington-Alexandria, DC-VA-MD-WV",849685.4118251203,2717686.2481391854,4763.914336051313,1778994.4842048928,17.510684050912065,14.552551490834908,7.801961417337813,6.139030880050062,7.040748181833654,3547.8603651033636,3231150.0,171913509.48564398
"Waterloo-Cedar Falls, IA",69519.70666947134,307781.54195378954,78.88425390627769,157319.2964364989,17.786328611066438,13.659154137770921,7.496911838742625,5.03154063057199,5.590913227528733,310.36891210763696,63507.0,3334248.2910734946
"Wausau-Weston, WI",285275.35248257563,919314.1751415847,1453.9452894900214,634986.3547080607,17.653201634817762,15.032812333181774,7.623279267634705,4.943266891809791,5.452787395945792,1213.730718484131,362439.0,18377595.45102988
"Weirton-Steubenville, WV-OH",444356.1305225612,1523018.4996392818,1779.2595260978453,915988.3617171939,16.322537735884044,15.609560626607763,7.555195423233356,5.328513043619555,5.9825968017650295,1833.5571850882284,2302145.0,116945290.92734115
"Wenatchee, WA",147709.8940291071,555333.248571872,416.53638186508056,336845.78335555363,18.269210224877813,17.360723920255165,7.840741255594618,5.885271274493138,6.692987129228087,669.7357473909939,595625.0,33384146.19727483
"Wheeling, WV-OH",200222.82471391992,676395.8355315116,620.7153255688523,400703.7347287506,16.17185486135412,16.3778959874075,7.433694400018518,4.592214888641894,5.006728886016921,808.3949113276732,223754.0,11094257.873550558
"Wichita Falls, TX",244616.0444034745,796553.5437152114,377.08914357961874,501704.52029633673,16.92148180588498,17.481559311451857,7.630718916839752,5.276151995657421,5.900904525581992,984.7015221467565,486279.0,25875302.663751137
"Wichita, KS",164384.39331411,583837.7504687113,251.3544117674096,333624.8306255117,16.36248798493911,17.913824097402102,7.726205147989004,5.3240004871889495,5.95186224949849,683.6778813247535,530615.0,28270307.586199075
"Williamsport, PA",9090.489927639006,37919.38519783016,348.65426513003894,20395.020187514445,13.924455634208238,14.493006543476957,7.32820367435872,4.654928749991413,5.1039692777643975,45.504563879799726,52115.0,2371470.3465957628
"Wilmington, NC",23167.135358543983,51729.721033499794,61.83406105048468,43380.497565418154,14.308313045803132,11.370384821885168,7.027795007000369,4.998536440305228,5.611996998845637,87.98402281700825,96825.0,4194171.072837513
"Winchester, VA-WV",43634.52473010932,126510.45707593934,833.5855924869772,112465.1767395961,19.84975704660101,15.815822270025302,7.806466225106293,5.825361265296667,6.616820739159851,216.89378067170756,178855.0,10000539.167773657
"Winston-Salem, NC",81859.2054432418,213007.17686955386,799.63417559657,181189.67651003573,15.569114749329174,13.541739362126425,7.224489430904531,5.145961378551545,5.783171828652697,349.6296865841133,530478.0,25072765.097155407
"Worcester, MA-CT",32234.145111388403,114139.79917804169,1673.251853606364,92374.342620354,16.612129815156187,13.541482957659262,7.58177062735531,5.532569078743054,6.253874077233185,191.52926046286024,416658.0,20633665.209231094
"Yakima, WA",10904.201629613255,35026.301318070335,36.84680549190511,25270.202023773294,16.793236084127834,10.812622875200338,9.075718435044127,4.896840974326341,5.1815301710615485,46.75994853976018,79421.0,3713721.8729762933
"York-Hanover, PA",59180.571168042414,201501.47718185332,966.063203557453,130588.9119100474,17.381966885904205,14.652270229966625,7.845891314260358,5.50912190402855,6.182997433408866,262.4515352648023,395376.0,20390429.033350207
"Youngstown-Warren-Boardman, OH-PA",114807.01719857978,501511.4631459727,506.18182109285885,239704.17405358277,15.029577766779273,16.18762231462745,7.5220463494565015,5.3111304142596705,5.9632155889211385,506.13624945568733,461617.0,23087124.498626098
"Yuba City, CA",13653.787386299693,85954.26350867834,2.2791898472795697,48561.160385367664,16.305464756135283,8.272131645104276,8.656317288101501,4.846925540218872,5.173617792184606,86.08986227946808,50482.0,2183571.499371708
"Yuma, AZ",21180.310427169243,82767.90265249506,2.156560127478702,46330.13696708661,12.872009707348015,11.837545967279784,8.85121311460633,4.676416706353826,4.914082481985644,95.230037653485,78323.0,3379736.761807496
