Geographic Area Name,ms_cara,ms_carp,ms_pt,ms_taxi,ms_bike,ms_walk,ms_wfh
"Abilene, TX",0.8064587541854609,0.11727592218501813,0.006420012729335584,0.017641198771342393,0.002089271383900158,0.024033539032017045,0.02608130171292581
"Aguadilla-Isabela, PR",0.8416056308763181,0.08380084151472651,0.003571243052308971,0.00396083320346995,0.0018700327255726976,0.04221858604747805,0.022972832580125706
"Akron, OH",0.862745752832457,0.06699231320356046,0.01497893113456144,0.005027383453350982,0.0013266706335231758,0.01684902063170166,0.032079928110845306
"Albany, GA",0.8042079962084024,0.1234131148650936,0.010765428755204982,0.007938657368225058,0.0014895561799654693,0.019618131961136126,0.032567114661972305
"Albany, OR",0.773648362805652,0.1120441661731111,0.005838057365259328,0.011126152804805821,0.013241390980624419,0.023034943734664522,0.0610669261358829
"Albany-Schenectady-Troy, NY",0.8047241444587006,0.0769362004454447,0.03216036009507183,0.009712844746393324,0.0023394026927670156,0.03683682841497872,0.037290219146643856
"Albuquerque, NM",0.7997260433225587,0.09517467265462504,0.018130675313318995,0.01397330691487883,0.009815938516438664,0.018734694187013342,0.044444669091166414
"Alexandria, LA",0.8383684246622317,0.09265482477196352,0.015533913997668198,0.014779507578355394,0.0028461696728619436,0.01707701803717166,0.018740141279747616
"Allentown-Bethlehem-Easton, PA-NJ",0.8175776598633772,0.08927228477720445,0.01709613737491905,0.007859992897282167,0.0024363366688253357,0.026152102613382355,0.039605485805009506
"Altoona, PA",0.8252776943860702,0.09257068183022234,0.003602521765235665,0.013739029085065428,0.0013067971109188197,0.036819891571158635,0.026683384251328872
"Amarillo, TX",0.8087595732472954,0.12812559767830564,0.007317661341959304,0.008382048446244293,0.0030268508278104393,0.015816127127734766,0.02857214133065019
"Ames, IA",0.7250558451228593,0.08169934640522876,0.061843302721932655,0.006701414743112435,0.020414494911888806,0.06926863572433192,0.035016960370646145
"Anchorage, AK",0.7448760712269719,0.12382100887771334,0.0171447631754503,0.034032945040283265,0.010555755118797147,0.027679991789398062,0.041889464771386054
"Ann Arbor, MI",0.7328732784806393,0.07605060603379633,0.05034061753516766,0.006552832581320593,0.017977528089887642,0.06285057064496151,0.0533545666342269
"Anniston-Oxford-Jacksonville, AL",0.8545029549263473,0.09175707859222017,0.0025800476316485844,0.012591514510011467,0.0010584810796507012,0.013605892211343389,0.023904031048778335
"Appleton, WI",0.8488769694937982,0.06981226952732149,0.006327522628226618,0.009704994971505196,0.0059001005698960775,0.021480053637277906,0.03789808917197452
"Arecibo, PR",0.8772729073406489,0.06819712395515588,0.0034068850770510636,0.0030305431208651904,0.0009111436833973775,0.03187022144753001,0.015311175375351583
"Asheville, NC",0.8042956292392807,0.09570594694561636,0.0051120930159247215,0.00800701927674129,0.003084068448456127,0.022350301839407775,0.06144494123457309
"Athens-Clarke County, GA",0.7913571352647305,0.09319601752666203,0.018613220583198496,0.01405439879061308,0.01001523544070579,0.031025971111714755,0.04173802128237531
"Atlanta-Sandy Springs-Roswell, GA",0.7785906529451077,0.10352225715202946,0.03088521823053269,0.013236175973542185,0.0018381558677028503,0.01364281546360738,0.058284724367477725
"Atlantic City-Hammonton, NJ",0.7655289635005921,0.08042597410966738,0.0727732622302419,0.01904316935048615,0.005574396442697299,0.03625774333609905,0.020396491030216127
"Auburn-Opelika, AL",0.8371639103660105,0.08669864278040883,0.009305351712033408,0.009154045180130426,0.005810170825074518,0.024057738572574178,0.027810140563768137
"Augusta-Richmond County, GA-SC",0.8360462035935193,0.10439119154644116,0.006345215018270351,0.009810064040838123,0.0022958829688373835,0.01817363771303145,0.022937805119062137
"Austin-Round Rock, TX",0.7601643381792027,0.10541836490050348,0.024082953728122754,0.01475447352934766,0.00809376430330638,0.0184956735903751,0.06899043176914191
"Bakersfield, CA",0.7677861697913072,0.14817122263543303,0.010524096154583445,0.02082454727855947,0.005341921302508658,0.01764878784393411,0.02970325499367404
"Baltimore-Columbia-Towson, MD",0.7674022243478158,0.0891781379404583,0.06399752850242695,0.01009021560251665,0.00273364860770323,0.026154949827411046,0.04044329517166808
"Bangor, ME",0.8026385666769154,0.09627693769740336,0.0060653492467227545,0.01350029348464097,0.004234564105430863,0.03908935908544596,0.03819492970344076
"Barnstable Town, MA",0.8289256616567987,0.06462223571681595,0.014908152421436163,0.007580588026921714,0.0050402307575527555,0.026972319214614644,0.05195081220586003
"Baton Rouge, LA",0.8382326779909542,0.09683505749295152,0.010601021018754616,0.00940965277815214,0.002878690680912771,0.016538994398952025,0.0255039056393227
"Battle Creek, MI",0.8110833498103643,0.10700483525964805,0.006237305196556001,0.0086998723779052,0.002983840526306329,0.0359498858591124,0.02804091097010767
"Bay City, MI",0.8587773564824054,0.07851615335151556,0.0066963790771414,0.006452471229960753,0.004811636621654582,0.01931306680857669,0.02543293642874565
"Beaumont-Port Arthur, TX",0.8591482987374278,0.09277613035370365,0.004989147381614747,0.010730335361193482,0.0020237840481795114,0.01172082785607288,0.018611476261807956
"Beckley, WV",0.8303962259871629,0.09496269079857567,0.0004082465809348847,0.023338096210110907,0.0007938127962622757,0.025515411308430293,0.024585516318523053
"Bellingham, WA",0.7419723807924782,0.08930070517125588,0.027975990597716587,0.012760241773002015,0.016621893888515784,0.048113247145735394,0.06325554063129617
"Bend-Redmond, OR",0.764020997525496,0.09277244575400856,0.006365053709610516,0.011700256032497533,0.017478866591334945,0.02731966873113727,0.08034271165591521
"Billings, MT",0.792164618240497,0.10925613617888645,0.009961053614976765,0.00943934191528858,0.006964244549326021,0.03199427330413365,0.04022033219689157
"Binghamton, NY",0.802300189256078,0.09015140486242539,0.025831634881351,0.008407337312563693,0.0032118940165963023,0.03503057213568205,0.035066967535303535
"Birmingham-Hoover, AL",0.8524307183122128,0.09339322325435417,0.006293332898560767,0.007375508989602143,0.0009476683283130688,0.010454921557518372,0.02910462665943857
"Bismarck, ND",0.8090570776605357,0.11306798168369143,0.001163912584039083,0.004747538171738365,0.005314179824494234,0.019878401764246444,0.04677090831125473
"Blacksburg-Christiansburg-Radford, VA",0.7710350470475931,0.10090128063672316,0.024930885288174255,0.012744380942935422,0.007748286079119299,0.03916293715830058,0.04347718284715421
"Bloomington, IL",0.7995142255114644,0.09117613477128118,0.018154264539500316,0.011137521927320664,0.004712427730665034,0.045338952263314684,0.02996647325645364
"Bloomington, IN",0.708472775564409,0.10306772908366534,0.0401859229747676,0.005365205843293493,0.02662682602921647,0.07772908366533865,0.038552456839309426
"Bloomsburg-Berwick, PA",0.8190041750425235,0.08283078191845782,0.0060048451110767485,0.004664708004742024,0.0015205401783413225,0.04788412968403691,0.03809082006082161
"Boise City, ID",0.7919909558213069,0.0856688629418311,0.004140538057974598,0.015629471304163502,0.01353447209906202,0.019512108954090196,0.06952359082157178
"Boston-Cambridge-Newton, MA-NH",0.685185357647511,0.07372185896952882,0.1230666071765713,0.00966008522210153,0.008962036119067112,0.0529150005630111,0.04648905430220912
"Boulder, CO",0.6485628026919932,0.08416252594502799,0.054116611107616834,0.0138121894458771,0.04200264167557708,0.04928611862381282,0.10805711051009498
"Bowling Green, KY",0.8205685315951475,0.10821877742029833,0.003119820610314907,0.011629688435772086,0.0015459825345756906,0.02876084625134055,0.02615635315255087
"Bremerton-Silverdale, WA",0.6896723493794821,0.09111521449735904,0.08619401382745738,0.014694894146948941,0.005393567226349465,0.046111564392150126,0.06681839653025293
"Bridgeport-Stamford-Norwalk, CT",0.7283094415678564,0.08442131203835251,0.09381642056689357,0.00893275966163245,0.002870602916388921,0.02710351901353605,0.05454594423534006
"Brownsville-Harlingen, TX",0.8140748513466247,0.11499825113676111,0.006855543896467297,0.01869884575026233,0.0016928996152500875,0.01857992305001749,0.025099685204617
"Brunswick, GA",0.8192983218850535,0.09899139205286497,0.0055212590209546995,0.0170854708286236,0.002238935744717851,0.01402051995478654,0.04284410051299887
"Buffalo-Cheektowaga-Niagara Falls, NY",0.8224131137805475,0.0777926455780772,0.032489421761003175,0.009604641291582519,0.004077118836022544,0.02912798765063165,0.024495071102135443
"Burlington, NC",0.8223247933160002,0.11245654523677369,0.002775262189243668,0.012503286494697789,0.00010224650170897724,0.012006660629254184,0.03783120563232158
"Burlington-South Burlington, VT",0.7349946856635893,0.09818785520409687,0.020405295011550997,0.00621909120455364,0.015635568282634855,0.06397406955192678,0.060583435081647534
"California-Lexington Park, MD",0.8402794374482949,0.080338266384778,0.022832980972515855,0.005846125563011307,0.002647302141740969,0.02204246713852376,0.026013420351135214
"Canton-Massillon, OH",0.8541153958887518,0.08371262187467164,0.010015429623771575,0.005546922094225781,0.0012664458221113698,0.01599371754386935,0.029349467152598428
"Cape Coral-Fort Myers, FL",0.7829574116021656,0.10819798544508169,0.01137805838032355,0.022960945909039795,0.009169116583931755,0.009145019037062028,0.05619146304239562
"Cape Girardeau, MO-IL",0.8298542461722378,0.10789001793185894,0.00468987079865741,0.013356935951078211,0.0025978205894523886,0.02308152098947078,0.01852958756724447
"Carbondale-Marion, IL",0.8097639025842341,0.09038307689445385,0.006958268991050997,0.007721073880444287,0.006325699082773633,0.0490613778861002,0.029786600680942903
"Carson City, NV",0.8202703896792436,0.1140319872757798,0.0013696209242732172,0.0061412034991605545,0.014491473005213395,0.024962445877882832,0.018732879738446586
"Casper, WY",0.8194323524290441,0.11452451431556429,0.00674112584264073,0.006392875799109475,0.007164000895500112,0.01706425213303152,0.02868087858510982
"Cedar Rapids, IA",0.8238250029822259,0.089384766789932,0.008342777048789217,0.00998300131217941,0.0037874269354646307,0.02523708696170822,0.039439937969700585
"Chambersburg-Waynesboro, PA",0.8274080914180181,0.10043573613435679,0.002207537369423443,0.006723610550008657,0.0024672476481791424,0.024109770877820742,0.03664800600219311
"Champaign-Urbana, IL",0.6979535961248201,0.08871845273614377,0.05881217311944961,0.004905402085015269,0.0236407034293938,0.07428305661834392,0.051686615886833515
"Charleston, WV",0.8070296420462985,0.11736934795985486,0.01645483672473424,0.005272761993676929,0.0023128010354558763,0.027711175709223622,0.02384943453075601
"Charleston-North Charleston, SC",0.8067966850523824,0.08828209554235818,0.014735144515405063,0.01001352101275758,0.008774861340634476,0.028225497380112152,0.043172195156350124
"Charlotte-Concord-Gastonia, NC-SC",0.8054368467655374,0.09914691007583759,0.017983314020417595,0.010183173752656118,0.0015735043878754749,0.014303895135138214,0.05137235586253759
"Charlottesville, VA",0.7448875154998327,0.09966146397149998,0.02825398075068396,0.013502076485523649,0.008404353730785128,0.04197256283582971,0.06331804672584486
"Chattanooga, TN-GA",0.8380691315103296,0.08741308417463395,0.006188573911880725,0.009389416326803504,0.0016004212074613893,0.018874941498963696,0.038464431369927124
"Cheyenne, WY",0.8258549701705739,0.09314343332493068,0.004642467019578187,0.01705739013528275,0.0021006638097638853,0.0213007310310058,0.0359003445088648
"Chicago-Naperville-Elgin, IL-IN-WI",0.7089850112569406,0.08392438304002549,0.1150752966258135,0.010694093544814206,0.006352389294685711,0.03169724621209379,0.043271580025626734
"Chico, CA",0.7413758700423724,0.11217531133725366,0.011526227449323334,0.010810239797175956,0.027958730941230324,0.03570548258741505,0.060448137845229295
"Cincinnati, OH-KY-IN",0.8319716176016713,0.08125356262836772,0.01969637107030153,0.006535632315640579,0.0016577846005985718,0.021122930408233227,0.03776210137518712
"Clarksville, TN-KY",0.8230546195439229,0.09515973147349999,0.006843768774651935,0.01430574058111085,0.001105799789288544,0.03195500178495241,0.027575338052573378
"Cleveland, TN",0.8440104541806434,0.08540324738131007,0.0011935875537628876,0.014323050645154652,0.0016257485646080712,0.02214310703187702,0.031300804642644
"Cleveland-Elyria, OH",0.8246166133170071,0.07279527500672608,0.032315911897856764,0.008520410216865837,0.003667038807905212,0.021973633757941542,0.036111116995697426
"Coeur d'Alene, ID",0.8175407811789173,0.08222850458178982,0.00545915383115617,0.010512120621303698,0.004289335153051277,0.017937219730941704,0.06203288490284006
"College Station-Bryan, TX",0.7630705665703843,0.11853015134094244,0.02540733054768782,0.009525412004449554,0.01589126634697178,0.038718603064210065,0.028856670125354048
"Colorado Springs, CO",0.775441263673181,0.10139286660526614,0.007806487427612571,0.011834319526627219,0.00472174209258021,0.04053065189689759,0.058272668777835254
"Columbia, MO",0.7842953175707,0.10368567454798332,0.007881316643486324,0.009098284654612888,0.010037088548910524,0.04666203059805285,0.038340287436254054
"Columbia, SC",0.8144333872269398,0.07661247008078532,0.007029121828012372,0.02291625925120021,0.0025092202136831002,0.03304954263884031,0.043449998760538865
"Columbus, GA-AL",0.7882409609537285,0.09639642351807809,0.008181051871029894,0.013065598940301652,0.003040611734954993,0.01571484480838125,0.0753605081735256
"Columbus, IN",0.8426364682890263,0.09233528766096431,0.00605038417262335,0.013492892137177737,0.00447085910100929,0.018070837683720184,0.02294327095547881
"Columbus, OH",0.827465380020258,0.0786042268088652,0.016496298681087603,0.00821124845845228,0.004371417539363615,0.021836765471898105,0.04301466302007515
"Corpus Christi, TX",0.8023282214287188,0.11304670891040063,0.01580011971351318,0.02120786806745237,0.0027554748292018412,0.01963920823959215,0.025222398811120973
"Corvallis, OR",0.6424870466321243,0.08261514828026141,0.02411018824693415,0.009841955893456922,0.08058426849272268,0.08605202176686541,0.07430937068763506
"Crestview-Fort Walton Beach-Destin, FL",0.8304422937930791,0.08595554145292365,0.005561725457013415,0.028231706242177447,0.004495213919297689,0.01374125196114725,0.031572267174361415
"Cumberland, MD-WV",0.8111806297370161,0.11783407090899842,0.004018515692558116,0.007553792156264306,0.0006867083778422096,0.0358868711531614,0.022839411974159417
"Dallas-Fort Worth-Arlington, TX",0.8092349766744529,0.10101071615912163,0.014553157479541293,0.014534950336879227,0.0016220052781878746,0.012130665756728089,0.04691352831508904
"Dalton, GA",0.8377164849262347,0.10663043111306168,0.0035785422504304378,0.018196549745113266,0.002278788697208062,0.009925390770061781,0.02167381249789001
"Danville, IL",0.8268530336519005,0.10042648569560751,0.008436322883914951,0.008996669053326278,0.000498085483921178,0.026149487905861843,0.028639915325467735
"Daphne-Fairhope-Foley, AL",0.8407115201986997,0.10031168578177126,0.0017897582000146104,0.009119244161979205,0.004188277692551197,0.01103075462049821,0.03284875934448584
"Davenport-Moline-Rock Island, IA-IL",0.8417725053896764,0.08196776247444791,0.00915965729477341,0.010226422260201288,0.003150028484300124,0.02015683120538856,0.03356679289121232
"Dayton, OH",0.8329991471191266,0.08081187481290279,0.01602681773766288,0.008596587346862698,0.003148881370483544,0.025459341304851255,0.03295735030811028
"Decatur, AL",0.8806119419311487,0.0855874861312956,0.0021252324472989235,0.005016173643992311,0.0005000546934820996,0.007313299892175707,0.01884581126060663
"Decatur, IL",0.8392857142857143,0.08489461358313817,0.01371696219471395,0.011563231850117097,0.0019655403144864503,0.02381649381063901,0.024757443961191034
"Deltona-Daytona Beach-Ormond Beach, FL",0.8171053095473135,0.08260471019602313,0.008395325059935128,0.0198799534621351,0.007192215484416866,0.013710160767169651,0.05111232548300663
"Denver-Aurora-Lakewood, CO",0.7600022399761069,0.09127379974613604,0.043881878593295,0.010306130067945942,0.009117449413872918,0.021296199507205255,0.06412230269543792
"Des Moines-West Des Moines, IA",0.832992821555536,0.08995702057082156,0.009286684849018055,0.006780909182739148,0.0024536398916879284,0.01627287864420918,0.04225604530598812
"Detroit-Warren-Dearborn, MI",0.8413665283297963,0.08651303300113464,0.01615381070161154,0.008183895130264171,0.002347191161656619,0.013019284496248226,0.03241625717928853
"Dothan, AL",0.8736748971867678,0.0802844362885652,0.0033260695033834153,0.013337047171202465,0.0003768453131912244,0.007618829157996494,0.021381875378893387
"Dover, DE",0.8284486809424716,0.09384439820098006,0.01200241659394509,0.009518695039269652,0.002094381419077667,0.019037390078539305,0.03505403772571659
"Dubuque, IA",0.8188887088935688,0.07909444354446785,0.00955775149846104,0.006398833630325612,0.0028754252389437875,0.04104568281224688,0.042139154381986066
"Duluth, MN-WI",0.791353876034714,0.09611857012932962,0.018883048417677618,0.010975290182356295,0.004100319084981425,0.040725725648574906,0.037843170502366165
"Durham-Chapel Hill, NC",0.741510082724864,0.10558038874618232,0.04200966808923768,0.01524645537104832,0.009773265103861168,0.03235775975405028,0.053522380210756254
"East Stroudsburg, PA",0.782206532298893,0.09950330446205,0.0458109273018349,0.006526825663971101,0.0005199567614903603,0.021865550127936728,0.04356690338382387
"Eau Claire, WI",0.8041489004934604,0.07879796866765679,0.007078522493172998,0.010995065395486992,0.006060460882479759,0.036925693479614816,0.055993388588128204
"El Centro, CA",0.7965285673678226,0.10902856736782263,0.011192438885730528,0.018458641273450826,0.00520537237066515,0.0194712905059693,0.04011512222853894
"Elizabethtown-Fort Knox, KY",0.820867821167173,0.10969750490188741,0.003517384861774259,0.011360404723773032,0.00010477316609540346,0.017467183547619405,0.03698492763167742
"Elkhart-Goshen, IN",0.787773505138411,0.13580246913580246,0.004969754210798534,0.01388607794193708,0.016719512469360678,0.018147473520879715,0.0227012075828105
"Elmira, NY",0.841524600068297,0.07257873860621503,0.01715306417294912,0.007197457248680028,0.00325724342640994,0.03309779610706874,0.0251911003703801
"El Paso, TX",0.7925753864601127,0.11277615591567924,0.016738821955694545,0.025186564353780846,0.0013075321686053694,0.021532102324936808,0.029883436821190455
"Erie, PA",0.799215667557592,0.09843928980526918,0.016704849179075984,0.008010372915871198,0.0025375461372024945,0.04108597429044165,0.034006300114547534
"Eugene, OR",0.7057212316604088,0.09984469912913563,0.031243651994993675,0.00855137706658279,0.043661168884782484,0.05012220933508948,0.06085566192900719
"Evansville, IN-KY",0.8562926682445652,0.07805809037801158,0.010042001286032862,0.009193766844978316,0.003413459565211443,0.01576074316281997,0.027239270518380692
"Fairbanks, AK",0.7352964473840549,0.14430274466315499,0.013624301952552577,0.021248366271931562,0.01101033704305121,0.033308249831676504,0.04120955285357836
"Fargo, ND-MN",0.8204125350946948,0.07846605754718512,0.011352018046381798,0.009769713886950453,0.006353559778639706,0.037293691880751066,0.03635242376539704
"Farmington, NM",0.8386018415342209,0.096045197740113,0.002521846226027799,0.010243778468516021,0.003753445545715794,0.01700780012902469,0.031826090356381835
"Fayetteville, NC",0.832900099881507,0.08847268147725369,0.0074011576328703215,0.011247526226650371,0.0020596683437660913,0.030249827843986325,0.027669038593966164
"Fayetteville-Springdale-Rogers, AR-MO",0.8022546136663299,0.11365047144805462,0.0052740560844211455,0.010144855303280879,0.0027729573227368905,0.021780401716333716,0.044122644458842876
"Flagstaff, AZ",0.6834139763623384,0.1194098516697073,0.01938605536606647,0.012580312524787817,0.02938050289521694,0.08241453160942333,0.05341476957245975
"Flint, MI",0.850928059230112,0.08922700561754122,0.01162339175231044,0.0060705687436899735,0.0013008361593621373,0.011972870123482358,0.028877268373501772
"Florence, SC",0.84571533203125,0.09302978515625,0.0026611328125,0.00947265625,0.00198974609375,0.01324462890625,0.03388671875
"Florence-Muscle Shoals, AL",0.880355068856811,0.07957524473203915,0.0024058403849344617,0.006952049112327858,0.0013771362203417953,0.012958354073336651,0.016376306620209058
"Fond du Lac, WI",0.8146610005794862,0.09459146223681669,0.00320649024531582,0.010314854162642457,0.006953834266949971,0.033281823449874445,0.03699053505891443
"Fort Collins, CO",0.7589321724656701,0.08481162574821549,0.009685989564994718,0.012041868058000704,0.03845587529208412,0.025933868954258827,0.07013859991677603
"Fort Smith, AR-OK",0.8399254357678614,0.10738486275410589,0.002729899020240125,0.0100891413628292,0.0010689895839775248,0.015213223666192542,0.023588447844793314
"Fort Wayne, IN",0.8514267413269417,0.0781608364154803,0.0065035022831993715,0.008316631196148522,0.0031303593197925493,0.012376800214889353,0.04008512924354815
"Fresno, CA",0.7699954914976451,0.12497341684932245,0.012640819810189215,0.023648370842749677,0.008231561217806032,0.020554800987900766,0.03995553879438677
"Gadsden, AL",0.8653860870896151,0.08849264049386495,0.003163184612637433,0.0037243947858473,0.0001530573199663274,0.0035968470192086935,0.035483788678860234
"Gainesville, FL",0.7383218577021736,0.09813352234372891,0.0427298501417578,0.016403402187120292,0.030612933711354123,0.030756379100850547,0.043042054813014714
"Gainesville, GA",0.7896741692929995,0.1349231952750825,0.0027669553564781497,0.021961932650073207,0.0005583542199171154,0.010385388490458346,0.03973000471499119
"Gettysburg, PA",0.8248401863316461,0.08304261025630684,0.00477928572868983,0.00901409586803525,0.0022988969327875134,0.03940390005848071,0.03662102482405372
"Glens Falls, NY",0.8017063742102485,0.09863592241276545,0.005500587524054427,0.009366325505355835,0.0031504913063469626,0.033684712453806984,0.047955586587421876
"Goldsboro, NC",0.815484116416207,0.13677002092448165,0.004774586265931139,0.006828989918204299,0.001959292372075328,0.012326421913638957,0.02185657218946167
"Grand Forks, ND-MN",0.8061184173392787,0.08144719760681832,0.010103290624823616,0.010159733589208105,0.00707418486952268,0.041466764501138266,0.043630411469210366
"Grand Island, NE",0.8059263466818138,0.11007762946132728,0.008709646880621036,0.0066269052352551355,0.004757171258165294,0.020188393448830826,0.04371390703398656
"Grand Junction, CO",0.7865071552964337,0.10038615885515258,0.003876732036041493,0.01568864995835542,0.014719466949345044,0.028257742106458695,0.05056409479821307
"Grand Rapids-Wyoming, MI",0.8256568963969548,0.0882295108595757,0.014116807229173167,0.007824622447540192,0.004682804638776444,0.020199537490221894,0.03928982093775781
"Grants Pass, OR",0.8161982515714182,0.07665631096019074,0.003612455747417094,0.012354598656166463,0.007333285167256701,0.020952243335019147,0.0628928545625316
"Great Falls, MT",0.7956043392403764,0.11243043623214423,0.009104198189418614,0.0071038391506167775,0.005154771369220116,0.038263278024260765,0.03233913779396302
"Greeley, CO",0.7895285335746138,0.11305176759516578,0.006180120209397014,0.012384476184321076,0.005978155496671621,0.02234537581593744,0.05053157112389323
"Green Bay, WI",0.8302320773246498,0.0808006409262418,0.0069519822194655505,0.01223703933426371,0.0037021243603659482,0.02533984597095157,0.04073628986406161
"Greensboro-High Point, NC",0.8307472845719416,0.09659330220031911,0.009979371047526523,0.007950293755053479,0.0014541720596056827,0.01468006677508908,0.038595509590464566
"Greenville, NC",0.8294994944388271,0.09840748230535895,0.010439838220424671,0.007292719919110212,0.0037158746208291204,0.02358442871587462,0.027060161779575327
"Greenville-Anderson-Mauldin, SC",0.8490943030594985,0.08423337365951926,0.004518904952457069,0.010121690196357506,0.0013959064359497912,0.018606611669777805,0.03202921002644011
"Guayama, PR",0.8211011692375254,0.1114343744853708,0.014601745622221003,0.011582587692814405,0.002195751221386617,0.028380084536422025,0.010704287204259757
"Gulfport-Biloxi-Pascagoula, MS",0.8227883778782643,0.10908299939953188,0.006801220543362376,0.011549820472286558,0.0018994399715696727,0.02827714667352916,0.019600995061456072
"Hagerstown-Martinsburg, MD-WV",0.8228473341273733,0.10185314930287956,0.011665382190149233,0.008144748826455545,0.0011034820990681706,0.01755062005184614,0.036835283402227983
"Hammond, LA",0.7921166517213146,0.12688603844204452,0.005224375219306796,0.028461148582790752,0.003158017856446645,0.01337284104643456,0.030780927131662052
"Hanford-Corcoran, CA",0.761354960055122,0.14985381478239818,0.014376431590904858,0.01311011378237956,0.003426507011303749,0.027020987355444236,0.030857185422447347
"Harrisburg-Carlisle, PA",0.8140184771182802,0.09145655360289001,0.015190323201516072,0.007250936440489762,0.002664968982722118,0.03457797255081948,0.034840768103282356
"Harrisonburg, VA",0.7899158254803984,0.08559978537174284,0.013783158388946644,0.008283309299439955,0.007327542841812268,0.05050471176095778,0.0445856668567021
"Hartford-West Hartford-East Hartford, CT",0.813653164672805,0.0786596640008406,0.03131710111327473,0.009929481867128992,0.0023675518293871313,0.027229388148005036,0.0368436483685585
"Hattiesburg, MS",0.8218757986199847,0.0926558906210069,0.003881293125479172,0.03609762330692563,0.006580628673651929,0.020332864809608997,0.018575900843342704
"Hickory-Lenoir-Morganton, NC",0.8567725845308124,0.08927393924358062,0.001364505872598241,0.009022713473352963,0.001096827687064615,0.010184828522742852,0.03228460066984834
"Hilton Head Island-Bluffton-Beaufort, SC",0.7550595132977784,0.12508977030574883,0.004132377353159326,0.02133295659237806,0.007829147976783338,0.025112139299968212,0.061444095174183824
"Hinesville, GA",0.8270968117969342,0.08789415398962523,0.0030308328961939734,0.028151774785801713,0.0030016902721921083,0.030978609313982632,0.019846126945270152
"Homosassa Springs, FL",0.8283402886251836,0.08586482642855478,0.0016086540927424055,0.01594665796283776,0.004056605973002588,0.010701046790851654,0.053481920126827225
"Hot Springs, AR",0.7802515161857754,0.14261335293654337,0.004305705059203444,0.009661582084066266,0.003964399170364147,0.013757252750137835,0.04544619181390953
"Houma-Thibodaux, LA",0.8029640210695473,0.11657441299883939,0.0037719846442281937,0.03904785287027944,0.002499776805642353,0.014797785911972146,0.020344165699491115
"Houston-The Woodlands-Sugar Land, TX",0.7992727458052157,0.11052420666669459,0.0238582939930493,0.015402401886658094,0.003163978123032113,0.013482861319739118,0.034295512205611105
"Huntington-Ashland, WV-KY-OH",0.8552902910350986,0.08570193527356733,0.004485639575671252,0.01001296796275431,0.001289709956986047,0.021641616530963668,0.021577839664958864
"Huntsville, AL",0.8674243193308022,0.07639636164294561,0.0035074005644326234,0.012065254908330457,0.0010557732523907174,0.010486670862688566,0.029064219438409842
"Idaho Falls, ID",0.7794832041343669,0.12339362618432385,0.023669250645994833,0.010542635658914728,0.0065116279069767444,0.019207579672695953,0.03719207579672696
"Indianapolis-Carmel-Anderson, IN",0.8377383042055675,0.08734443818995945,0.010581922465851067,0.008332528392216165,0.003078760990221908,0.015804602486768432,0.03711944326941546
"Iowa City, IA",0.6810134843770032,0.09419251075137233,0.05435707376198967,0.0171322681025139,0.021619290700791348,0.08897124809155857,0.04271412421477105
"Ithaca, NY",0.6208599954144695,0.08645809450361631,0.06528128061362737,0.00696166913312629,0.010921900077120288,0.14871709360735352,0.060799966650686786
"Jackson, MI",0.8271350507416081,0.10165495706479313,0.0042622950819672135,0.008149882903981265,0.005277127244340359,0.020171740827478534,0.033348946135831385
"Jackson, MS",0.856209229919911,0.09240473957889353,0.0032149250459709926,0.011069571465104669,0.0006981907928118822,0.010099411002999785,0.02630393219430812
"Jackson, TN",0.8502265109940702,0.06966594232256638,0.008102832308202277,0.015321719273691577,0.0019152149092114472,0.012080586350410667,0.042687193841847444
"Jacksonville, FL",0.810730421626016,0.09688897778394308,0.011860500002419522,0.013671915955461427,0.0055278027347057945,0.012068578949830391,0.04925180294762379
"Jacksonville, NC",0.7345792275455884,0.13416015403782988,0.0036244195265601993,0.011734058217238646,0.0028655566881866574,0.05216898856042587,0.06086759542417035
"Janesville-Beloit, WI",0.8159833896511013,0.10110057132000706,0.006228880837031307,0.00860372647206503,0.0027005387506954903,0.02274423591038011,0.042638657058719755
"Jefferson City, MO",0.8160030304354794,0.12082404533997698,0.0016609117531360637,0.011990617305534915,0.0013403849235834899,0.015341579614493641,0.032839430627795506
"Johnson City, TN",0.8502919050460379,0.07356709136218455,0.004785136826834205,0.015256279760860155,0.0025622126285493665,0.012998256759444504,0.04053911761608929
"Johnstown, PA",0.8292543418726384,0.08754809858910806,0.011942316358720144,0.014750233993136201,0.000485319097306479,0.03145907720040212,0.024560612888688597
"Jonesboro, AR",0.8421251654377009,0.09228587634713556,0.0019663452448477974,0.011401020986954056,0.000737379466817924,0.013877859708829647,0.03760635280771412
"Joplin, MO",0.8271420995479684,0.09910603803126342,0.0026263289477006994,0.013409429531048764,0.0022601580848001213,0.016086264804666784,0.039369681052551835
"Kahului-Wailuku-Lahaina, HI",0.7047736411985991,0.13848748216370477,0.024607601504734726,0.020469581009210015,0.009962381631858867,0.038072382929043976,0.06362692956284861
"Kalamazoo-Portage, MI",0.8287030198864018,0.07986787157761874,0.012084916681213326,0.010151330012219193,0.00418943778282062,0.026539819800464597,0.03846360425926174
"Kankakee, IL",0.8231133045445198,0.08426896977174583,0.014785112070738227,0.01429158955377339,0.0037631091918568786,0.02835698128727123,0.03142093358009459
"Kansas City, MO-KS",0.8327997752870515,0.0886318165547327,0.011678786225583002,0.009414417931606545,0.0019429152043255215,0.01300516048824364,0.042527128308457056
"Kennewick-Richland, WA",0.8007159178779638,0.12110654491428968,0.011677107135720306,0.007567529996437787,0.0028758351651215932,0.020026586270710793,0.03603047863975603
"Killeen-Temple, TX",0.80282221675281,0.11305822189405748,0.0023791943555664945,0.014488473213553203,0.0018049060628435474,0.03622391774003883,0.02922306998113053
"Kingsport-Bristol-Bristol, TN-VA",0.8699870737117598,0.07836362765906515,0.003470947768220481,0.008505816829708121,0.0013644415364728788,0.010045800552159968,0.028262291942613663
"Kingston, NY",0.7699772100275879,0.08055655511574907,0.023341729638958857,0.009835672304186157,0.004677941705649514,0.04412858342329375,0.06748230778457479
"Knoxville, TN",0.8513969610352171,0.08652101900780819,0.005567174611290459,0.006997723632071495,0.0014495867453921908,0.011887699182193744,0.036179835786026855
"Kokomo, IN",0.8519983710512538,0.08455989295479667,0.0040141951247891095,0.01367153412065856,0.004188725347606027,0.013380650415963698,0.028186630984932223
"La Crosse-Onalaska, WI-MN",0.8000509712861754,0.08178059693039588,0.00981197258877499,0.008410262218949992,0.01704706348756867,0.04414679730418531,0.03875233618394971
"Lafayette, LA",0.824174798512234,0.11363116655233081,0.004774105030310667,0.015493674194165604,0.0036540803897685747,0.015769013584965536,0.022503161736224863
"Lafayette-West Lafayette, IN",0.7636270050526802,0.09988760150004727,0.026765549334537852,0.010399487378803954,0.010683109761862243,0.05249114993119531,0.03614609704087313
"Lake Charles, LA",0.8523787367686402,0.09989531231825055,0.002593928114458532,0.012213562870768873,0.0022333372106548796,0.012609049668489008,0.018076073048737932
"Lake Havasu City-Kingman, AZ",0.7804321202316333,0.1400535236396075,0.0035531229682940475,0.020789549282571554,0.0025401049305251062,0.02208984109224512,0.0305417378551233
"Lakeland-Winter Haven, FL",0.8144623403832913,0.11024377056589746,0.0046844837563730524,0.017069430892248424,0.0027202953463518896,0.013162174377690199,0.037657504678147664
"Lancaster, PA",0.7926956839940655,0.09194035312414235,0.012843409052037883,0.012604757908302275,0.007048163778324908,0.03460043832260066,0.04826719382052638
"Lansing-East Lansing, MI",0.7955348085809821,0.08548108351805238,0.022278994627493706,0.005832738475410452,0.013088439718976594,0.03822744862306045,0.039556486456024345
"Laredo, TX",0.7810196657352243,0.1466125375652449,0.011999789107397059,0.0071703485000263615,0.0003057942742658301,0.01571149891917541,0.03718036589866611
"Las Cruces, NM",0.8174474593553503,0.09712796691780434,0.004327876281651844,0.006763722879963746,0.006582450574973093,0.025763326346796577,0.04198719764346003
"Las Vegas-Henderson-Paradise, NV",0.785322482985241,0.10620723926091984,0.03967704135137646,0.016953762161593482,0.004294400938343952,0.017323100788034323,0.030221972514490946
"Lawrence, KS",0.7642547907507468,0.10509447259791255,0.019783870859482498,0.008037721918313924,0.010420512132093836,0.05314293385240125,0.03926569788904923
"Lawton, OK",0.737835353113247,0.1141496030087756,0.008508148767237777,0.02783117425825324,0.001153363978269954,0.0375094024237359,0.07301295445048057
"Lebanon, PA",0.8131113753468093,0.09881886642885454,0.004629409433214427,0.006817281014665081,0.004423305588585018,0.03689258818866429,0.03530717399920729
"Lewiston, ID-WA",0.8042906220305533,0.09370660039470799,0.005555149477377385,0.014143702945691105,0.004897302828740589,0.03227103281923836,0.04513558950369125
"Lewiston-Auburn, ME",0.7718337349877512,0.13571272082694338,0.0031866796789420224,0.014160807823298613,0.0030671791909816963,0.03849907387121831,0.03353980362086478
"Lexington-Fayette, KY",0.8000187097103396,0.10107070569625635,0.0128374126171483,0.006833296480873574,0.0062932662051604785,0.032554895991019336,0.040391713299202284
"Lima, OH",0.8658948064836255,0.08538978939243577,0.003550556841989194,0.006968794795457051,0.0029551218436431803,0.015635681993604586,0.01960524864924468
"Lincoln, NE",0.809031871804114,0.094857868981654,0.011638065332005596,0.006958402316616469,0.014723221758600255,0.02656289137194768,0.03622767843506204
"Little Rock-North Little Rock-Conway, AR",0.8457374421628814,0.09738107478755255,0.005936432092418423,0.009477727039041945,0.000958659690930535,0.01227507787219887,0.02823358635497626
"Logan, UT-ID",0.7590463219956212,0.11141758753253918,0.01708414501698071,0.012860516834175186,0.016101504990776973,0.041443274087610116,0.04204664954229662
"Longview, TX",0.8409789264933424,0.09870987425632533,0.003661167650968684,0.012171203173011964,0.0010569442325713166,0.014938871575827576,0.0284830126179528
"Longview, WA",0.7913462285403557,0.1299878298246977,0.001657215360314871,0.01615784976306999,0.005852041741111888,0.016779305523188067,0.03821952924726171
"Los Angeles-Long Beach-Anaheim, CA",0.7393041922484173,0.10251776947588438,0.059564734739888395,0.01249561680312439,0.009067417179888099,0.02639657618569831,0.05065369336709918
"Louisville/Jefferson County, KY-IN",0.8328751131159206,0.08939266248972458,0.01836277225534149,0.0095017373223821,0.0024125639838909114,0.015903580334754048,0.03155157049798636
"Lubbock, TX",0.8175135668475579,0.11034604270914089,0.008379730777362746,0.008696877863133412,0.003989005567693283,0.019634928465712877,0.03143984776939883
"Lynchburg, VA",0.816195113392113,0.09845155064262842,0.015010747028117735,0.014001842347677327,0.0011317278589288065,0.021748475676624118,0.0334605430539106
"Macon, GA",0.8442641629825441,0.09277152363155736,0.0071897361104781,0.016988742536803245,0.0011508135454172553,0.01555307415341142,0.022081947039788524
"Madera, CA",0.7589871393976442,0.13504808031410903,0.0019749371076575833,0.020337149977664403,0.005407565890014812,0.02351115604354266,0.05473397126936731
"Madison, WI",0.7393803981923577,0.08676326837428061,0.04229122532838539,0.008467752717851508,0.025284412501374153,0.05244361516589367,0.04536932771985703
"Manchester-Nashua, NH",0.8189986916953806,0.08322830155223394,0.00937857926744526,0.007380179903865968,0.001183704179386295,0.020079840128050915,0.05975070327363694
"Manhattan, KS",0.7364474858673014,0.08481602697609839,0.0016661707825052067,0.007378756322523059,0.010691262521075077,0.07146682534959833,0.08753347218089855
"Mankato-North Mankato, MN",0.8029516977880996,0.08002921731313094,0.007716367314067387,0.005375236454216845,0.007042121626430431,0.03940591463300433,0.057479444871050514
"Mansfield, OH",0.8508096466811598,0.08403258904081758,0.007212661776956054,0.005140291350901075,0.0018895142119913042,0.020683069546313416,0.030232227391860867
"Mayag√ºez, PR",0.816049964647655,0.09596197658889151,0.01366957341503653,0.004870767538691177,0.004085159871160342,0.04077303794485034,0.02458951999371514
"McAllen-Edinburg-Mission, TX",0.7922097026713694,0.10604219131445944,0.0023992238423307145,0.042299892472741664,0.0013624789411191942,0.012349873384026423,0.043336637373953185
"Medford, OR",0.7686788276871452,0.08125989124097145,0.01458846487940123,0.013910208355644403,0.01388640988112662,0.03650685991027975,0.07116933804543128
"Memphis, TN-MS-AR",0.8376173282736847,0.09950528637815759,0.011648443067019888,0.01020623864221397,0.0014456138915312257,0.01247182928118213,0.02710526046621048
"Merced, CA",0.7795858308268236,0.12098327310497047,0.004479259082942029,0.030770562395862636,0.00426286975526367,0.02269924047345985,0.03721896436067773
"Miami-Fort Lauderdale-West Palm Beach, FL",0.7824868043337346,0.09525882026113529,0.03812814458128839,0.013342284779454887,0.005913356174954471,0.01796501219248696,0.0469055776769454
"Michigan City-La Porte, IN",0.8627356948228883,0.07620708446866485,0.009831062670299727,0.007629427792915531,0.0023760217983651226,0.013754768392370572,0.027465940054495912
"Midland, MI",0.8597827581465695,0.07278977038361062,0.006599752509280902,0.007947201979925753,0.005747284476832119,0.01424446583253128,0.032888766671249826
"Midland, TX",0.841627872854113,0.1000813669650122,0.0024410089503661514,0.01738051728047593,0.0010804465845882965,0.008483506516026624,0.02890528084941776
"Milwaukee-Waukesha-West Allis, WI",0.8022057291249218,0.08582733543860774,0.03663791951867229,0.0074018562749467,0.005208416822959246,0.02798839427408108,0.03473034854581109
"Minneapolis-St. Paul-Bloomington, MN-WI",0.7815652316796338,0.08353713367989708,0.04603092963345199,0.008252929266555097,0.00876669746649815,0.02298676582636773,0.048860312447596206
"Missoula, MT",0.719382510368296,0.10345255396831024,0.018698380064513843,0.008914962248768211,0.0397539966679664,0.05340115557761157,0.05639644110453369
"Mobile, AL",0.85206835873423,0.0919800769483134,0.0058456858242118765,0.007211667511706284,0.0005129887560022667,0.009293447463389901,0.0330877747621462
"Modesto, CA",0.7999979936599655,0.11527928253280366,0.009439829862365074,0.009730749167368886,0.005943782352233057,0.018052044460495166,0.04155631796476867
"Monroe, LA",0.8693330003884358,0.08039232007102824,0.01120914488652128,0.010917818101104267,0.0012624160701403917,0.008462349481160867,0.018422951001609233
"Monroe, MI",0.8685283822858012,0.07106985238167707,0.01190077613757419,0.007137422005782986,0.002252320803530665,0.0106376502815401,0.028473596104093744
"Montgomery, AL",0.8569689897678153,0.09420385322367142,0.00579050056775764,0.0078105885231400446,0.0008406577205628642,0.010106713341990854,0.024278696855061826
"Morgantown, WV",0.7774353957772887,0.10419825548218799,0.012635526208526942,0.0063911306757968534,0.00293470286133529,0.055009374745251485,0.04139561424961278
"Morristown, TN",0.8304427448023268,0.11707422169557255,0.0015943121835613487,0.01852849294409135,0.0003447161477970484,0.009565873101368092,0.022449639125282774
"Mount Vernon-Anacortes, WA",0.7927803747652723,0.09964441248152144,0.010747532861880219,0.013004914299412682,0.006951935754524751,0.02579008350313636,0.05108074633425227
"Muncie, IN",0.8053529447224064,0.08499608174091265,0.016155283621677015,0.005646311813048807,0.00938372817328752,0.048144352683505136,0.030321297245162457
"Muskegon, MI",0.843075452250422,0.09461780918094498,0.0037195823312370225,0.007200155356049176,0.0039287154743587824,0.011845898749682567,0.03561238665730547
"Myrtle Beach-Conway-North Myrtle Beach, SC-NC",0.8220082265864485,0.10466915993664444,0.0028245014965642256,0.015447433557968527,0.005546622341867062,0.014550097261618699,0.03495395881888863
"Napa, CA",0.762770680850419,0.11628858480701913,0.009955903077692412,0.006228122016638632,0.007243411980421573,0.04155112060735555,0.0559621766604537
"Naples-Immokalee-Marco Island, FL",0.739102054290902,0.11208565297639592,0.027438063654506985,0.022658723608589306,0.010976726039525217,0.01732416980537507,0.07041460962470551
"Nashville-Davidson--Murfreesboro--Franklin, TN",0.8207980193753583,0.09767162187986499,0.011479394663073498,0.008941536761206438,0.0019414308649774391,0.013300322922638545,0.04586767353288078
"New Bern, NC",0.7805865253707179,0.1317658314015528,0.0028700739595981894,0.021157596497037936,0.0022261471096883395,0.02710012142620598,0.03429370423519888
"New Haven-Milford, CT",0.7928216792623572,0.08119940323330153,0.04139946682319564,0.00758187198865165,0.005307310392056155,0.036023675006725854,0.03566659329371194
"New Orleans-Metairie, LA",0.7890353267511737,0.10523971530017147,0.02822736152931101,0.01681872746926042,0.010606535204535208,0.024919382727896563,0.025152951017651606
"New York-Newark-Jersey City, NY-NJ-PA",0.5061353464126916,0.06773090843485646,0.3041173876464518,0.015369698593301605,0.00565371394751117,0.0602233103568487,0.040769634608338615
"Niles-Benton Harbor, MI",0.8250093822712602,0.08756286121744351,0.00492381595736696,0.008331456879081288,0.003933048112287022,0.02619530135855288,0.04404413420400811
"North Port-Sarasota-Bradenton, FL",0.8131446018769962,0.08645228011425195,0.007446778573539137,0.012962389722953103,0.008737741132107329,0.014021190077528107,0.057235018502624135
"Norwich-New London, CT",0.7920223362950253,0.091824567016156,0.02016228714354269,0.009786670932278564,0.0023485101865720476,0.04062268239126325,0.043232946035162215
"Ocala, FL",0.8006643058618841,0.10678101631767177,0.002882173580661318,0.017161234765340105,0.0033391035385710393,0.014454803476182526,0.05471736245968911
"Ocean City, NJ",0.7745634855356849,0.07609334242004089,0.016003572016074073,0.011750052875237938,0.026766620449792024,0.0541677437548469,0.040655182948323265
"Odessa, TX",0.8057936028968015,0.1480084490042245,0.006155703077851539,0.004677127338563669,0.0027610138805069405,0.010078455039227519,0.022525648762824382
"Ogden-Clearfield, UT",0.7941812256721282,0.111733502308319,0.021537068887480765,0.011355119036842581,0.0036969312935638634,0.014483570200054313,0.043012582601611296
"Oklahoma City, OK",0.8302171732725527,0.10259695558874922,0.004548665949727524,0.010047578189459677,0.003343154191870701,0.015859396486559037,0.03338707632108114
"Olympia-Tumwater, WA",0.7804888323461762,0.10818848943896336,0.01859450168926035,0.01177005838690381,0.01206494173947477,0.024424766831520502,0.044468409567701005
"Omaha-Council Bluffs, NE-IA",0.8364753000458288,0.09223323540286175,0.00905949110102041,0.007786468768887777,0.0019039986184940256,0.018165475191562187,0.03437603087134504
"Orlando-Kissimmee-Sanford, FL",0.8086126848725819,0.09501017358526193,0.018965451114177228,0.014255803959093238,0.004894532029829405,0.01086001953092347,0.04740133490813287
"Oshkosh-Neenah, WI",0.8475890362090492,0.07364290385873119,0.009703311730780664,0.006575896307747191,0.009227659194958084,0.0227361912123194,0.030525001486414176
"Owensboro, KY",0.8651064000320603,0.07908868673105439,0.0038271951268384562,0.006111489600448844,0.0016230513365126438,0.022342002965575283,0.02190117420751012
"Oxnard-Thousand Oaks-Ventura, CA",0.7653672794679218,0.1279193494520516,0.014293518079837622,0.009819835913208496,0.0067131121863827125,0.019559414796807322,0.05632749010379046
"Palm Bay-Melbourne-Titusville, FL",0.822114868011032,0.08788817651062,0.0058651814176725525,0.017797019950571296,0.007150148644292417,0.011403524481535872,0.04778108098427594
"Panama City, FL",0.8265357928583517,0.10540821507144066,0.006031960931267074,0.011665014626598651,0.006394603873026618,0.01757609457727921,0.02638831806203612
"Parkersburg-Vienna, WV",0.8373090115372622,0.10778505352873921,0.005482798045941171,0.007223781311713959,0.0023386342376052385,0.017877559505248934,0.021983161833489244
"Pensacola-Ferry Pass-Brent, FL",0.7858040138873778,0.10088131435523595,0.004564832490924737,0.012339390102770551,0.0033234750096440124,0.016083245135955847,0.07700372901809117
"Peoria, IL",0.8456636187309504,0.0848226655583264,0.01209938117668791,0.007256165142698809,0.002811258889812506,0.019898171238570243,0.027448739262953728
"Philadelphia-Camden-Wilmington, PA-NJ-DE-MD",0.7340704677413539,0.07842006563525551,0.09583180064192723,0.00793357135129287,0.006112733960835227,0.03725341700025244,0.04037794366908291
"Phoenix-Mesa-Scottsdale, AZ",0.7661191444901382,0.11325094923865739,0.021747069671791477,0.017248579417094477,0.008187434063939198,0.014824217736980819,0.058622605381398504
"Pine Bluff, AR",0.8396221046041773,0.09919754140344886,0.004268396790165614,0.02142735188663138,0.0,0.013573501792726652,0.02191110352285015
"Pittsburgh, PA",0.7745441127780138,0.0876571912132604,0.05371318146264625,0.008939566581231512,0.003153071470522165,0.03420473583215375,0.03778814066217207
"Pittsfield, MA",0.7931079901872006,0.08171295915175264,0.012710538880748143,0.007310206299290383,0.005350939295651744,0.05388807481436357,0.045919291370992966
"Pocatello, ID",0.7753146414043517,0.10557208769008163,0.02432498839717164,0.011520926042206994,0.008736247235796774,0.03942231565153294,0.03510879357885828
"Ponce, PR",0.8362798207537235,0.08293065321929588,0.008693210403772128,0.01058863447565784,0.004212053493079362,0.03336882378406206,0.023926803870409154
"Portland-South Portland, ME",0.7803362311862136,0.09522663065354044,0.010314901684917747,0.010356281669795244,0.00720011736868438,0.03876176037979302,0.057804077057055474
"Portland-Vancouver-Hillsboro, OR-WA",0.7077205796788437,0.09756642502520525,0.06237868664591908,0.010052309620073339,0.023230721824348037,0.03452676969709947,0.06452450750851113
"Port St. Lucie, FL",0.7853240454138393,0.11394329881416748,0.004766169214032852,0.01721350394576304,0.005216941838310864,0.0114916967682608,0.06204434400562564
"Prescott, AZ",0.7426671881110677,0.12930980105214024,0.00189233855198254,0.013814071429472542,0.009714004566843706,0.03018910769929479,0.07241348858919854
"Providence-Warwick, RI-MA",0.8092335503291777,0.08484020019050727,0.027123603429130772,0.009589830490635148,0.0038154079328909215,0.03224545966455986,0.03315194796309843
"Provo-Orem, UT",0.7313935152182836,0.12775149590650856,0.016546778130602898,0.01079644870714795,0.012109822219342018,0.04122005486790659,0.06018188495020845
"Pueblo, CO",0.7966443682192801,0.12255350851324714,0.01055425351937792,0.008350277049154883,0.005463378292383864,0.02593552592776545,0.030498688478790607
"Punta Gorda, FL",0.7783999849161906,0.09287855647943888,0.0038840809246375174,0.04249863302977167,0.008861738031939967,0.010049588023455324,0.06342741859456606
"Racine, WI",0.8379192180214595,0.08264704230099433,0.014437391157800123,0.01213414976686703,0.0034267737767541147,0.018145048031009494,0.031290376945115446
"Raleigh, NC",0.8070600297576923,0.09275804096343118,0.010054440696923773,0.011343825624065757,0.0023112267971126064,0.012969796977971713,0.06350263918280268
"Rapid City, SD",0.8154577747221268,0.0980863985332875,0.004755356938237653,0.007620029792597685,0.003967571903288645,0.02866105190787212,0.04145181620258966
"Reading, PA",0.8010428158108361,0.10204400224798618,0.01845221988635181,0.011104635430759945,0.0017380263513935433,0.030431072164519284,0.03518722810815311
"Redding, CA",0.8169320811215462,0.08172647943983183,0.007304568758223311,0.009331095080380504,0.007637282034995387,0.02056772983681926,0.0565007637282035
"Reno, NV",0.7799614701094667,0.10785880338306378,0.021022187044199857,0.016283110069045165,0.006834824250932134,0.025731395887158198,0.04230820925613417
"Richmond, VA",0.8182811585125069,0.09031134683206471,0.0167145522134016,0.010069581557483082,0.00444076035893735,0.015366494641811572,0.04481610588379471
"Riverside-San Bernardino-Ontario, CA",0.7692101298712164,0.13828329529761382,0.01548738008888347,0.011265504859190152,0.004040809667825366,0.01630605936201579,0.04540682085325503
"Roanoke, VA",0.8338423819318914,0.08895537686910872,0.01173235817629011,0.009910864551517795,0.0021262302007798487,0.019302291757568202,0.03413049651284395
"Rochester, MN",0.7587876581414399,0.10810048238827706,0.03951033039046145,0.008601073996541368,0.005952489305542914,0.031755711295167015,0.04729225448257031
"Rochester, NY",0.8180078992841274,0.07664575055143692,0.020946640017200053,0.007843543211154554,0.005148071762448141,0.035809557178235564,0.035598537995397396
"Rockford, IL",0.8410598639008514,0.09027910187711628,0.010769584798974325,0.007580788323087544,0.0029192281140076924,0.011716361484598441,0.03567507150136428
"Rocky Mount, NC",0.8358470306434295,0.10197406459073263,0.005567027339555629,0.012191294292558025,0.0006277360204840175,0.01584207483274139,0.027950772280498883
"Rome, GA",0.8228103240668028,0.09915711219307889,0.004083555834773048,0.012878906863515,0.005549447672896707,0.029082247002774723,0.02643840636615884
"Sacramento--Roseville--Arden-Arcade, CA",0.7545736547978822,0.11159847318020491,0.026261386882915735,0.011369061377378096,0.018700734247380234,0.02126703577052771,0.05622965374371116
"Saginaw, MI",0.8527640039060023,0.08188654838750586,0.004806411931061596,0.003855275005389776,0.004425957160792868,0.019770966228298225,0.032490837380949364
"St. Cloud, MN",0.7918335233061319,0.08454966359684074,0.012699597526655034,0.005860576777590607,0.0051141349849198586,0.03671686655839898,0.06322563724946287
"St. George, UT",0.7908951614391996,0.1104137052557736,0.003341394524543558,0.013993243367977994,0.006793553508464251,0.026897302885414167,0.04766563901862689
"St. Joseph, MO-KS",0.828496595075956,0.10405098655491532,0.01040684477038589,0.010878295791863104,0.000680984808800419,0.01854374017810372,0.026942552819975554
"St. Louis, MO-IL",0.8295375933005643,0.07697675829844045,0.025926178772983796,0.008109563687116936,0.0025191152375750956,0.01771876327447054,0.039212027428848835
"Salem, OR",0.7352250090965716,0.14291793350560286,0.014178317473434928,0.010299169282573436,0.01152026839511807,0.039278688120185756,0.04658061412651327
"Salinas, CA",0.7093092855690827,0.12385652655117114,0.01844803830777223,0.06193955684051228,0.007007657037020306,0.030921780769317644,0.048517154925123665
"Salisbury, MD-DE",0.8232650290767001,0.08333486207676738,0.011514495545241633,0.015207939681899067,0.0032776259225966624,0.02253979319158824,0.0408602545052069
"Salt Lake City, UT",0.7574273866619665,0.12173066040798909,0.03514569051086765,0.011068953681456812,0.00798166924868039,0.0209022514541221,0.04574338803491748
"San Angelo, TX",0.78671406767673,0.10631723932546626,0.001972973979079031,0.011968134608941666,0.0015448758515430145,0.05710456762089119,0.03437814093734877
"San Antonio-New Braunfels, TX",0.7932064051402846,0.11232481144593297,0.022238033468532703,0.011134376545271309,0.001962091986439764,0.017880801920868234,0.0412534794926704
"San Diego-Carlsbad, CA",0.7611629726027865,0.09652795567806481,0.029771114913907645,0.01206966632168243,0.007185236040947238,0.028158911352713933,0.06512414308989743
"San Francisco-Oakland-Hayward, CA",0.6055674347876945,0.10061527664054275,0.1549837407883963,0.014769446718914492,0.018988419698210315,0.044022926658088664,0.061052754708153
"San Germ√°n, PR",0.8914433714906952,0.040512886103472534,0.005627677943339515,0.003133593400268594,0.001215066828675577,0.021199718616102835,0.0368676856174458
"San Jose-Sunnyvale-Santa Clara, CA",0.7646813411853635,0.10459940403225897,0.03552815594302306,0.01206963648659409,0.017608749533173557,0.01922932421475026,0.0462833886048366
"San Juan-Carolina-Caguas, PR",0.7842646392653335,0.10027334014930628,0.03588904269239346,0.02321918682357429,0.0018316174191584937,0.03299015049836543,0.02153202315186857
"San Luis Obispo-Paso Robles-Arroyo Grande, CA",0.7451401213421932,0.1059969458087416,0.012439638449791571,0.008914936646167815,0.02095835568946304,0.0398860869206323,0.06666391514301044
"Santa Cruz-Watsonville, CA",0.7032531578489453,0.09370328479565929,0.027232245256305812,0.027690993506339426,0.03523661127413372,0.042837595210035516,0.07004611210858097
"Santa Fe, NM",0.7376372828171306,0.11768551339415421,0.010982625370445698,0.015718519379394502,0.010183624847463537,0.024551106978906386,0.08324132721250509
"Santa Maria-Santa Barbara, CA",0.6713492087941427,0.13859708573364962,0.03629997022067507,0.012009282934393066,0.043570232997545776,0.044622778102954314,0.053551441216639455
"Santa Rosa, CA",0.7611470666532834,0.09986863983311585,0.018499526492421696,0.010801209735490374,0.00994584120694245,0.031151125289668808,0.06858659078907747
"Savannah, GA",0.815645183200168,0.09139014781975129,0.01800511256282648,0.012194820751571434,0.007378638378798918,0.020950393321560443,0.034435703965323486
"Scranton--Wilkes-Barre--Hazleton, PA",0.8048826104257859,0.10927178670911261,0.01165141265419817,0.006669319538400318,0.001918026263430163,0.03498209311579785,0.03062475129327497
"Seattle-Tacoma-Bellevue, WA",0.6980136768475078,0.10160629018508907,0.08730709301615197,0.01132790575913241,0.010792342472737944,0.03624872746623182,0.054703964253149
"Sebastian-Vero Beach, FL",0.8243033755764834,0.09448513738712552,0.0032748130062395845,0.013428671084757586,0.005173816998023485,0.011994729295043211,0.04733945665232725
"Sebring, FL",0.7892052273636485,0.1040138685158021,0.03560474729963995,0.013468462461661555,0.005167355647419656,0.020136018135751433,0.03240432057607681
"Sheboygan, WI",0.8444009627538918,0.08067392772419525,0.005038873785735312,0.007861335734446157,0.0040345621720836,0.026129417672421256,0.03186092015722671
"Sherman-Denison, TX",0.7980509141136072,0.11683004968634297,0.003376369252019107,0.012143418957545993,0.0014196097991443974,0.016536535768411763,0.05164310242292862
"Shreveport-Bossier City, LA",0.8530729370961415,0.07915625838683706,0.012092528747496853,0.015808542703193706,0.0015276946262309295,0.016851091062986438,0.021490947377113483
"Sierra Vista-Douglas, AZ",0.769960619478055,0.10375645289640678,0.005447978942643188,0.019853496296598584,0.004529780244444898,0.04309412556877308,0.05335754657307842
"Sioux City, IA-NE-SD",0.8119122629733103,0.09778279736075611,0.006883433394757178,0.022124472448433692,0.0018427153302026987,0.019651667360161683,0.03980265113237829
"Sioux Falls, SD",0.843754561447986,0.07733911052724576,0.007044796300137515,0.012875767283566495,0.00304992816919803,0.020926963055152226,0.035008873216713914
"South Bend-Mishawaka, IN-MI",0.8296542459167079,0.08246482358764053,0.012154422682599166,0.007021141200593934,0.005734285512267553,0.030531004737325885,0.03244007636286502
"Spartanburg, SC",0.8494209953437746,0.10250498881296487,0.0029857289713974724,0.006084840055632823,0.0007785571748201004,0.01442220475297817,0.023802684888432003
"Spokane-Spokane Valley, WA",0.7726442387532667,0.10030941080840129,0.02561816608542885,0.01077256557498842,0.005965335500957076,0.030158813400809364,0.05453146987614827
"Springfield, IL",0.8216066861974701,0.09007358344519455,0.01567689910935617,0.01075827201379567,0.002557294167213725,0.023838684708164724,0.035488580358805026
"Springfield, MA",0.7942133802866302,0.07977033103477303,0.02536600422299075,0.006092470870483259,0.00564000757612958,0.039785202696540935,0.049132603312452214
"Springfield, MO",0.8224083925819122,0.09879679809078705,0.004350420126286481,0.012051906726992492,0.004186347138666534,0.019887634863023914,0.038318500472331325
"Springfield, OH",0.821284050100727,0.10666549881755277,0.00802312341245511,0.004975037225190505,0.0031006393973898572,0.027783130419549794,0.028168520627134975
"State College, PA",0.6898137885169585,0.10269341609399246,0.04030425626246952,0.010308135668366216,0.019286189315007758,0.09339669696297938,0.04419751718022611
"Staunton-Waynesboro, VA",0.8480170544345206,0.07005550042268534,0.002628000147020987,0.0166501268056015,0.0011761678979674349,0.025544896533980226,0.035928253758223984
"Stockton-Lodi, CA",0.7637310677134151,0.14808087782764676,0.0135997238025188,0.010090965040003603,0.005670304267551299,0.01898107146609826,0.03984598988276618
"Sumter, SC",0.8345704948646125,0.11162464985994398,0.0030112044817927172,0.011274509803921568,0.002380952380952381,0.019211017740429506,0.017927170868347338
"Syracuse, NY",0.8013814613773116,0.08268019570702845,0.022385162676447554,0.008821541159383429,0.0038184288554083813,0.04594496911121969,0.034968241113200856
"Tallahassee, FL",0.822535678136154,0.09519891559775306,0.015094026908802481,0.010867699374337786,0.0043743081904333465,0.020030661591916705,0.03189871020060258
"Tampa-St. Petersburg-Clearwater, FL",0.8069139563626415,0.08913388172085655,0.013570203504489273,0.014322125194556702,0.00787291956866081,0.015079712602417967,0.05310720104637714
"Terre Haute, IN",0.8423646672798912,0.0862724639272917,0.008278532105053612,0.008813959554634192,0.004544268866953144,0.02906410027595107,0.020662007990225016
"Texarkana, TX-AR",0.8498938969527204,0.10584839996604703,0.0038197097020626434,0.014769544181308887,0.0009167303284950344,0.009354044648162295,0.015397674221203634
"The Villages, FL",0.7472663307026719,0.08205762099458021,0.008414947228297043,0.0647523057906247,0.002424645811543216,0.015308548065037559,0.0797756014072454
"Toledo, OH",0.848098597799077,0.07780514140338421,0.010534995858478287,0.008013104957993136,0.003172701455449059,0.026095284581706308,0.026280173943911963
"Topeka, KS",0.8236692232450568,0.10809847245202987,0.005841431196350705,0.008446764359042335,0.0024682103646552277,0.019142342605881654,0.032333555776983484
"Trenton, NJ",0.7091864185174686,0.10290825152007775,0.07825146222512772,0.014451586029747821,0.007075376186701995,0.036221529276321496,0.05190537624455462
"Tucson, AZ",0.7654035346487644,0.09891762528288518,0.026373695233550484,0.020126722918338672,0.017911843459357323,0.023792480978306715,0.04747409747879717
"Tulsa, OK",0.8304965158395999,0.10094182647226461,0.00572726102704591,0.01096039640368457,0.002093713802423284,0.013132251006637372,0.036648035448344336
"Tuscaloosa, AL",0.8550835066619988,0.0921456372660063,0.005848555365637678,0.005395498259848843,0.003840688646800799,0.014487530632838403,0.02319858316686917
"Tyler, TX",0.8247627006063722,0.10207623577810632,0.003192560690792998,0.023879925435495275,0.0009534828908744188,0.0136380193267768,0.03149707527158192
"Urban Honolulu, HI",0.6419132708288231,0.1465927825609086,0.08415210911089277,0.0286203766923679,0.011715432396875884,0.05237805791936585,0.03462797049076587
"Utica-Rome, NY",0.8199211030197704,0.08429519466637958,0.010158178448666979,0.007858938966341902,0.0018916819821136086,0.04060964450220312,0.03526525841452443
"Valdosta, GA",0.8297159630492964,0.09185875852542519,0.0033842700509367175,0.022394889061555727,0.00574980574980575,0.01522921522921523,0.031667098333765
"Vallejo-Fairfield, CA",0.761550357097971,0.1379594870029453,0.02613618355983235,0.009016245635317454,0.004743091643306394,0.02191767348076261,0.03867696157986481
"Victoria, TX",0.8111082731557805,0.12886897160238697,0.007708918661620266,0.005085099960526621,0.0012306406297164882,0.012585041911440314,0.033413054078528806
"Vineland-Bridgeton, NJ",0.8152619740672136,0.1082296903942842,0.018705345329452235,0.02105385022492723,0.002861206668430802,0.01999536914527653,0.013892564170415454
"Virginia Beach-Norfolk-Newport News, VA-NC",0.8115167364775208,0.08434222706695316,0.01792684724837276,0.01117134798193055,0.004148770837512719,0.03026076952266778,0.040633300865042285
"Visalia-Porterville, CA",0.7538358341541828,0.16337420458185026,0.007106641930396002,0.017506753122752735,0.005245378567673239,0.020087140966527476,0.032844046676617576
"Waco, TX",0.8144994909772336,0.12057983549104931,0.005874032631512563,0.0064866618016703155,0.0024595259331333277,0.021036604592916924,0.029063848572483942
"Walla Walla, WA",0.7082795976270312,0.12248056302737757,0.009396072073399904,0.010906813073436751,0.021482000073694683,0.07859537934338037,0.0488595747816795
"Warner Robins, GA",0.8491795366795367,0.10607600081284292,0.0012700670595407438,0.012599065230644179,0.0009525502946555578,0.011748120300751879,0.018174659622028043
"Washington-Arlington-Alexandria, DC-VA-MD-WV",0.659822785601444,0.10056659898649045,0.14167774772181754,0.009221478275705335,0.007394894943782909,0.03213256371552446,0.04918393075523523
"Waterloo-Cedar Falls, IA",0.825777000311519,0.07605856557475259,0.003390764659365939,0.00865064340658024,0.005259878747214301,0.05096930339555726,0.029893843905010663
"Watertown-Fort Drum, NY",0.7630419704950606,0.11522672315219225,0.004255159615348567,0.013196618366543574,0.00234314956792322,0.05692916190226255,0.0450072169006692
"Wausau, WI",0.8184552786456442,0.09262515439947686,0.004156070624137179,0.011203952626607571,0.006844437985904236,0.02160866090241953,0.045106444815810505
"Weirton-Steubenville, WV-OH",0.8383422152663589,0.0838599758305763,0.008221566257899637,0.007389504130594132,0.00017829902727975117,0.033559839134655385,0.028448600352635856
"Wenatchee, WA",0.7844128316960828,0.09797008111523255,0.010455305099254067,0.027412057229038438,0.004850609383279664,0.03295561080992948,0.041943504667182975
"Wheeling, WV-OH",0.8445490600715829,0.0849321252378035,0.008399703350207977,0.007577467513623319,0.001273659433140941,0.032067197626801665,0.021200786766839712
"Wichita, KS",0.8500794649696144,0.0857411837749741,0.004329238047355048,0.009805741048802627,0.002807424828838192,0.014455538421565882,0.0327814089088498
"Wichita Falls, TX",0.8057201196364892,0.08263832969055562,0.005478545956516738,0.009662947198895664,0.0015961118141033016,0.03514321868169792,0.05976072702174163
"Williamsport, PA",0.8195115481536217,0.08827374523958392,0.015043862142139866,0.008620852990772846,0.0042820061009113475,0.03899278121980333,0.025275204153166978
"Wilmington, NC",0.7896127837641627,0.10386400528578303,0.008271271606046023,0.01451143213723459,0.008099973081660454,0.018263685528537518,0.05737684859657566
"Winchester, VA-WV",0.8011863536195384,0.1275164449157457,0.0035623746955412323,0.009229035839146355,0.0011929812933905522,0.02311401255944195,0.03419879707719583
"Winston-Salem, NC",0.8449969088208751,0.08557947172814678,0.006789934836522815,0.011309451901963431,0.001218706252709223,0.012929656132970445,0.03717587032681225
"Worcester, MA-CT",0.8197683390775162,0.0886609605049215,0.01455540918636873,0.00722626414891785,0.001442568980517491,0.028146869178004064,0.04019958892375408
"Yakima, WA",0.7900399505471488,0.13543337658754892,0.009614696896935762,0.01134145967651296,0.002053723779260455,0.017380020639413105,0.034136771873180004
"York-Hanover, PA",0.8484656514894361,0.0787999413775334,0.008249693886716812,0.009866539336147843,0.0027372909801770965,0.019113760678507775,0.03276712225148093
"Youngstown-Warren-Boardman, OH-PA",0.8611355727879757,0.07352752579875688,0.007002214375486265,0.009998888537400717,0.0010900883185280814,0.01682583381069227,0.03041987637116011
"Yuba City, CA",0.7598432814162717,0.14641578794621263,0.010609138692721938,0.01317274515494502,0.0057076521234400695,0.01888039727838509,0.0453709973880236
"Yuma, AZ",0.7758819845522232,0.13066592443114605,0.010006262612205136,0.013944749843434695,0.00542759724445063,0.028821933059633986,0.03525154825690627
