MSA,pop_2014,electricity_kwh,nat_gas_cuft,fueloil_gal,vmt,hh_2014,cf_transport_phh,cf_housing_phh,cf_food_phh,cf_goods_phh,cf_services_phh,cf_phh,cf,msa
"Abilene, TX",160828,35714.08877437216,98701.11857852465,1.336684834728391,76234.63477127347,65492.0,15.927517077549922,12.674110359415604,7.667712808624119,4.616458172672405,5.004892400080426,49.14409753647679,3218545.235858938,0.0
"Akron, OH",678301,23257.03763268614,121455.1091128983,79.04694775612907,47008.85859610047,160668.0,15.993912602580654,11.746599327191054,7.5174716935491785,5.391050439101379,6.071774668149753,50.96812200596162,8188946.226453842,0.0
"Albany, GA",141811,38975.470766070895,85814.67258747296,9.16219553635034,72787.5040179585,57134.0,14.36008480076761,13.990202241029651,7.972295781728673,4.684970029803055,5.050887630011552,46.4283230430785,2652635.808743247,0.0
"Albany-Lebanon, OR",108795,11139.12163077854,36096.69531641208,18.554493273202578,26802.912183464312,44491.0,18.007040722973862,10.646117288900333,7.8096332552047425,4.9958286067919895,5.498124793757229,54.317668101701685,2416647.37151281,0.0
"Albany-Schenectady-Troy, NY",820825,36802.45428727457,233221.91310516032,1181.3358349483967,103020.43596290163,392206.0,14.195390295496106,10.778376485287831,7.221763228325503,5.349726662818226,6.058856615943101,47.02112709807904,18441968.17462919,0.0
"Albuquerque, NM",729083,49890.51321443621,147251.7358652606,4.0248098271049315,101942.76060190292,305713.0,15.594704502348142,13.531895135128009,7.77556277855575,5.051709848839096,5.576699752422495,49.59338138451363,15161341.403203815,0.0
"Alexandria, LA",145729,27944.85469865776,59364.8157538707,1.718216071802367,49026.46411916941,60871.0,15.27969653733466,16.886352360253415,7.722231881908756,4.421471259960244,4.732537835407684,47.435634051946,2887454.480376005,0.0
"Allentown-Bethlehem-Easton, PA-NJ",745906,38018.849965035406,144950.46470470313,1348.5454644744796,90261.49624249127,309660.0,15.499600141850172,14.279527008090502,7.553688660830791,5.432042888834642,6.12233587603413,50.10726770939991,15516216.518892776,0.0
"Altoona, PA",131508,10020.002431813347,59215.28455994963,196.68224110549752,20193.663191592907,56226.0,13.745463093158131,14.524194349943317,7.299264987681359,4.557051892927865,4.977957841403433,44.32520090832893,2492228.7462717025,0.0
"Amarillo, TX",227957,59325.85968534513,217197.82349052865,10.363516653829263,145690.11987430818,172812.0,16.38534340300881,15.328733053102976,7.748002790859824,4.866920007662333,5.332568415014356,50.71817801955414,8764709.77991519,0.0
"Ames, IA",106500,21371.070525216564,114795.1515608689,8.423142887552682,51323.90970187807,41802.0,16.841483057251846,16.090336729899867,7.242494617806277,5.01015583574782,5.596739958574303,51.53235652663209,2154155.567526275,0.0
"Ann Arbor, MI",310313,10793.724254611434,65590.12912655233,12.806638155300037,22945.774750010474,126641.0,16.212216334416567,17.092564737742666,7.1906012961106995,5.736758816768031,6.5925429284945,51.94433571020637,6578282.618676244,0.0
"Anniston-Oxford, AL",120033,13273.631098603975,33694.93715457804,2.396874897994686,23951.699924187516,54608.0,16.014863553548334,14.996900586537592,7.316130064232335,4.500579487032623,4.896249660639279,48.74268631900091,2661740.6145080016,0.0
"Appleton, WI",198815,21520.378772513326,117228.56764474898,161.67139226694275,55505.08815555586,77756.0,18.272680668869263,16.559625146791856,7.843095456469922,5.703925639317412,6.448043065884955,56.540425499410816,4396357.325132187,0.0
"Asheville, NC",368518,40107.658478244215,106825.30841184656,1082.3509263606581,88857.55073796862,175081.0,14.968001350355317,14.439024014025746,6.98928914523583,4.741887825233673,5.271401444216681,46.93858111539682,8218053.720264791,0.0
"Athens-Clarke County, GA",164194,51362.813936838495,129410.7802655833,19.579611481151186,110726.44473820418,67360.0,15.951849888023105,13.494858332911207,7.451094357150136,4.624701577661832,5.0467547592816,49.02625047013977,3302408.2316686152,0.0
"Atlanta-Sandy Springs-Alpharetta, GA",4262856,414037.35521107033,1069843.8241086379,171.40319940564677,827292.2866899208,2089256.0,17.3613732053635,16.41017456566177,8.084271449644433,5.939305848471176,6.730948287553275,55.47727199639588,115906223.38210207,0.0
"Atlantic City-Hammonton, NJ",252646,9521.63349308552,54189.73750097205,134.07231153119932,18434.57135676005,113841.0,13.087553583345017,12.994348385089186,7.820231945093133,5.3602522253989315,5.986821769687109,45.3424131068692,5161825.650499097,0.0
"Auburn-Opelika, AL",113557,11882.267843920677,28456.71252798079,0.9415479044200059,22894.779432355557,67911.0,15.317324707738834,13.283138857586087,7.323928951980064,4.424579657093736,4.794325651560264,47.17748367611173,3203870.0939284237,0.0
"Augusta-Richmond County, GA-SC",504432,92854.66352666156,231973.68896738425,118.28080707964969,165363.5535135591,290037.0,16.3653681701071,15.38386487397319,8.011225526273511,5.210064671964557,5.757180147704875,51.70920668615715,14997583.179632962,0.0
"Austin-Round Rock-Georgetown, TX",1256103,62891.682733052825,137019.09259057918,5.153642179014728,144420.65516413108,1160429.0,19.64160607453515,13.099161440091176,8.159399465581561,5.926405206439877,6.701421036132675,60.07043785722442,69707478.13222107,0.0
"Bakersfield, CA",658764,8409.748545933215,40608.61011364892,0.39849025429070567,22564.29307308839,232488.0,15.154155148839111,8.591914101398656,9.371818724156144,5.014002199556606,5.29653698661649,49.990668208007456,11622230.470343238,0.0
"Baltimore-Columbia-Towson, MD",1810736,64507.08774905815,209355.39113392608,793.3074982349235,143086.40652017485,770734.0,18.719054384527723,14.424549336392658,7.840722373480307,6.336748287453176,7.301976926020614,58.91755635600954,45409763.88049266,0.0
"Bangor, ME",146681,6353.180827014686,21680.246588864426,668.336234389602,22541.957145097185,67696.0,15.262419339285278,14.976235307084162,7.172646968591708,4.637612764519222,5.105622018065685,47.44072042974717,3211547.0102121644,0.0
"Barnstable Town, MA",224424,8013.846968090697,44144.57512752851,315.16196801335144,19853.23936388265,148253.0,14.127718348903503,12.9359838415583,6.9199204630520805,5.3925809689084785,6.159716397188098,46.727654526955654,6927514.966584757,0.0
"Baton Rouge, LA",714596,133109.6832814059,266991.04391777137,19.863818681204595,223866.6405695945,285621.0,16.350075800876727,12.591273472046492,7.999379861070599,4.988263967047567,5.459290343253018,51.14708577312464,14608681.785605632,0.0
"Battle Creek, MI",138066,11128.459062415695,69856.95934370751,30.770698997550184,23003.173337389366,58922.0,15.714928578792472,18.034698736579887,7.429030246403894,4.975630628714464,5.521726759317953,49.35624479202126,2908168.6556354766,0.0
"Bay City, MI",106984,11131.196573171661,73318.9971705156,18.119627407418843,24294.7644414118,45260.0,16.4898795946707,18.105630222943315,7.389969621625663,4.9310536716294795,5.469306873225831,50.77008935582237,2297854.2442445206,0.0
"Beaumont-Port Arthur, TX",386935,37262.48815014053,83613.87694677668,1.6583954809934505,75700.7072987002,157529.0,15.752163440721235,11.687236676925775,7.794709261577086,4.807359551681015,5.244243886818672,49.35063958151924,7774156.902637145,0.0
"Beckley, WV",125509,25444.21097393301,91075.50424211426,58.02973993890724,42213.90588316445,56776.0,14.084362925580415,16.82684337561575,7.170615772684938,4.174961039443397,4.4805907361046104,43.99489339939377,2497854.0676439805,0.0
"Bellingham, WA",165428,11287.154002476815,39816.92858682492,17.71670769953162,23509.526083855213,71412.0,16.03882252871326,10.875657287519168,7.590141451265809,5.034672472069766,5.5793751617755865,50.28183414253769,3590726.3397869016,0.0
"Bend, OR",114150,10920.410130289836,36235.02021792655,18.75466903352482,25274.191607533947,54127.0,17.228364184283937,10.61806399646648,7.509878318002627,5.174654717094919,5.781911181154757,52.92317258482017,2864572.5624985616,0.0
"Billings, MT",147301,29715.650912224333,167595.1787995633,12.827747177288243,82838.83462485534,64092.0,16.98894317163883,11.554212067458444,7.310577137458943,4.852797724638721,5.375785258871647,51.51704646424697,3301830.5419865167,0.0
"Binghamton, NY",256761,14761.312316500655,90422.19368686642,453.2935887047282,42607.82320234468,112175.0,13.579216321523166,10.575176277608438,7.287575103097048,4.8174694847760495,5.3297437381403086,44.593220969059736,5002244.562204276,0.0
"Birmingham-Hoover, AL",922420,69046.51854927214,160863.55061916134,10.392669040353713,135206.92495674902,617890.0,17.759044591858714,15.935755561748547,7.614700498591163,5.4396145603032435,6.123133797980967,54.695538040592794,33795825.99990188,0.0
"Bismarck, ND",96110,34776.903927911044,145081.68022524624,34.45413787425139,92186.3285362236,40381.0,18.078155198604847,17.506606824047967,7.34746187988713,5.020038455374905,5.595555173568834,54.11936590604057,2185394.1146518243,0.0
"Blacksburg-Christiansburg, VA",132312,31196.606427759292,86181.67139446537,439.1648327106685,75722.67841340606,54918.0,16.425808853643392,14.719233437950127,7.138765698574212,4.509211088058516,4.935361743495368,49.43495623741488,2714868.9266463504,0.0
"Bloomington, IL",151167,12406.779889164207,64486.51516413201,4.137591561554984,24313.386307858196,60283.0,16.89109026198505,19.2700813377532,7.391646192621406,5.548245732065151,6.300701305684903,53.022773754341564,3196371.8702329723,0.0
"Bloomington, IN",133489,22114.446211924434,75223.47270123358,35.32343559608982,50567.36668242533,60102.0,15.341360418480134,14.431263858135695,6.95080885179036,4.575184900011949,5.051196574611006,47.25991116337359,2840415.180741079,0.0
"Bloomsburg-Berwick, PA",86114,19292.730064446372,68112.12261931437,586.4766529403514,43024.22426343233,37162.0,14.590215536016485,14.012331280723659,7.261513016369134,4.699036470390164,5.175395449041273,46.31637600783353,1721209.1652031098,0.0
"Boise City, ID",465529,51492.27690266488,178428.57693611886,173.42984962687157,135900.86985013392,181079.0,18.077422322392177,11.62033385844559,8.09192241716183,5.313292881237545,5.884092225593345,55.44415216877708,10039771.630569985,0.0
"Boston-Cambridge-Newton, MA-NH",4385472,52312.65699364968,290438.9626912718,2685.78592754486,166338.02432620846,1748515.0,16.276112994894596,13.136182408513518,7.666608636376629,6.198474392063076,7.140538412493567,53.55784743072247,93646699.6003297,0.0
"Boulder, CO",270539,9540.879580518213,56456.81077672981,1.2821386143026017,23619.747108549967,115242.0,16.762102981198847,16.362687979685706,7.3683055677739615,6.008980532835108,6.927190460225827,53.828682523232594,6203325.03134237,0.0
"Bowling Green, KY",134742,53887.31546948077,119118.65066366363,47.46954622584681,97690.57417053984,57489.0,16.015389324278832,15.548987050221212,7.4560294706278984,4.613699163325907,5.033075349842953,49.133582632354425,2824640.5319514237,0.0
"Bremerton-Silverdale-Port Orchard, WA",232129,11220.875317940452,32991.64020458358,55.035595457340115,26487.888617966735,92718.0,18.179434668851815,11.118820845007441,7.876152871894507,5.591894416191152,6.292064679624066,56.11898130541336,5203239.708675316,0.0
"Bridgeport-Stamford-Norwalk, CT",825395,8029.257092299452,36422.37648850257,452.64284331769295,25898.776504582653,318510.0,18.8326774975019,14.227749094848557,8.051871588754475,7.236573603797205,8.487206245157251,61.44100643271274,19569574.958883334,0.0
"Brownsville-Harlingen, TX",335184,13351.698462325037,24460.617334604754,1.0698922597238096,20515.153993030694,119638.0,13.397725746481207,12.975482087264195,10.333290491192896,4.479132885867318,4.436799435160468,46.0446743051831,5508692.744523495,0.0
"Brunswick, GA",91000,38715.03658416002,80934.55777530413,11.547133705735407,69028.09908013864,43994.0,15.049040507765604,14.332413773716466,7.488118129290494,4.875337999945175,5.378649701365123,47.840186846132,2104681.180108731,0.0
"Buffalo-Cheektowaga, NY",1167396,16138.757305659065,142787.97610041642,94.75836309707591,37816.04863428946,510423.0,13.009314889147557,10.48944334590798,7.313389166678726,5.0508437356069384,5.641954714215822,44.0248173947966,22471279.369104266,0.0
"Burlington, NC",135602,11739.821651920265,38379.31679166137,40.683759470737904,23244.43607026445,57410.0,15.845644908626044,12.532491262483967,7.424137180867539,4.940764826489357,5.478505820656215,49.534697645265204,2843786.9918146753,0.0
"Burlington-South Burlington, VT",199643,23034.656235211238,107131.6356944674,1238.9239567379002,72798.7500505141,83084.0,17.1994908804119,13.049163743933775,7.58593084357207,5.487188880460795,6.1923605007972835,53.66446198565395,4458658.159616073,0.0
"Canton-Massillon, OH",424830,22050.897498785867,98529.08428617225,133.97476934392034,47161.90539600514,176891.0,15.548519071041849,17.159631938046886,7.529553444366948,5.082860968808031,5.65423067600344,49.363683231262115,8731991.290461186,0.0
"Cape Coral-Fort Myers, FL",442567,11248.317421823387,13641.56130353563,1.3598478320042235,18631.32443223286,246633.0,13.152078513826732,10.940971443804882,7.0367532599583775,5.069068351983239,5.706517365188677,44.11649600478376,10880583.759147834,0.0
"Cape Girardeau, MO-IL",87973,35102.59231903748,109832.81899042966,10.668885073729138,67440.76119816824,38452.0,15.099437246690213,16.988025196957135,7.313169613842678,4.676936011590945,5.137949428441459,47.32692954725551,1819815.0949510687,0.0
"Carbondale-Marion, IL",132682,31355.686450103087,106072.37497375235,12.1998624793049,67727.60014495031,59076.0,14.390252639324055,15.17070303665801,6.891870340412121,4.284996486784037,4.669393250257794,44.62676535610206,2636370.7901770854,0.0
"Casper, WY",66461,10004.778588398909,63048.432523815216,0.4049410031814217,24862.105400159493,29794.0,16.787221426842873,13.96717668974617,7.284562976783377,4.822249403040718,5.337752594098194,51.019007827608036,1520060.3192157538,0.0
"Cedar Rapids, IA",237132,33301.88138539538,157526.89878846906,94.34430428020482,83439.56842261866,98990.0,17.499675544678915,17.042793568146283,7.376979963049546,5.401235981254733,6.104183336285525,53.881750369947646,5333754.469121117,0.0
"Chambersburg-Waynesboro, PA",121700,9932.483835663674,31261.64713129117,254.77359031781984,23640.386811832373,50862.0,16.162339966807686,16.26649672945626,7.461614543960557,5.065847171004179,5.641932445664213,50.49407409424432,2568229.5965814544,0.0
"Champaign-Urbana, IL",195459,24232.645833510876,117510.13094083723,13.649159268961553,50758.87012891104,81834.0,14.81554692581485,17.111866563450725,7.062145938216078,4.903692833804451,5.478815325205126,47.07574794885536,3852396.757646629,0.0
"Charleston, WV",288598,69851.63352165093,229161.9838499635,36.09119992407156,114355.43408981455,133531.0,14.718235694336368,17.805274823006506,7.081401761255306,4.5077247164900465,4.9413772171623656,45.96697508358046,6138016.149885582,0.0
"Charleston-North Charleston, SC",546854,38069.446064073345,88235.41804919805,35.12801655014013,68635.09863034885,334661.0,15.253038134973984,12.183665584161556,7.855234843707492,5.087289996614877,5.6127724377426365,49.06137354801297,16418928.33295157,0.0
"Charlotte-Concord-Gastonia, NC-SC",1745826,136560.53320592956,378278.7449686131,783.7040417285907,270560.0710443749,739184.0,16.371317491216526,13.107649042526004,7.69864575366159,5.4842298888342595,6.171690652279802,52.09720127720871,38509417.62889224,0.0
"Charlottesville, VA",118088,48360.474388359085,107380.9694322019,496.3134187891484,119880.60691450357,74227.0,19.411697400766286,14.405249148458442,7.491030131953689,5.5971393884338845,6.35426751744796,58.26583183936811,4324897.899940777,0.0
"Chattanooga, TN-GA",469794,76020.49792527402,185338.54968846802,96.65105315271789,160741.85019451048,202469.0,16.805118445194076,14.789661237252265,7.416086602270651,4.933275277666678,5.4683409017591895,51.42793967208467,10412563.51746731,0.0
"Cheyenne, WY",81630,10338.373804103532,65016.956735182386,0.5535488660659188,25017.392613009924,33484.0,17.02181289359848,13.443707453543038,7.375788313120176,5.064550542835392,5.651725817389653,52.13569046054218,1745711.4593807943,0.0
"Chicago-Naperville-Elgin, IL-IN-WI",9093815,180996.40978138772,984343.3393791748,77.86730703458235,386115.05590062396,3564640.0,15.590451149380137,17.817612772394718,8.364651597661787,5.985476926812058,6.752898246989504,52.28392907022363,186373384.92088196,0.0
"Chico, CA",202888,6508.919365293036,41842.96321873652,1.818354916941589,22849.72006722921,85714.0,15.331318815143588,8.03298360598449,7.471351632427741,4.528357306248154,4.9132702369424015,47.57561680590547,4077896.4189013815,0.0
"Cincinnati, OH-KY-IN",2002561,201905.22015035548,603067.2037760569,1112.5079135941758,440219.44360615243,1196119.0,16.88400196039799,16.37155801081264,7.777696207547919,5.585407699509426,6.29655202913408,53.427659856987404,63905839.08047991,0.0
"Clarksville, TN-KY",229001,52794.526989249876,122197.01590518751,22.108142085930034,97873.19539104782,89683.0,15.935113303825103,14.804410360687477,8.11796645233438,4.829637514589986,5.2274095792311455,50.045240153805715,4488207.272713758,0.0
"Cleveland, TN",103173,24849.050250429304,51498.57138768197,79.90086294762412,53040.68024433471,43813.0,17.353886274503406,14.060916095732367,7.496691370361056,4.685220003801881,5.1248358731989745,52.014519796368724,2278912.155838303,0.0
"Cleveland-Elyria, OH",2138269,61658.91228369648,303071.500977925,222.58204856032816,120989.33386926427,919320.0,14.05876938257688,17.142325816255994,7.438718663611715,5.310734064943785,5.974582548593534,46.841574042302796,43062395.8485698,0.0
"Coeur d'Alene, ID",110021,10343.51145604918,47917.0908667542,13.86004859287965,26671.318657347234,47148.0,17.879754642847,11.041851180106304,7.8234323447341865,4.9283982851487185,5.404044677722088,53.91538459329899,2542002.5528048608,0.0
"College Station-Bryan, TX",183751,36149.62282204074,81305.9827771,3.4600757930573405,70373.01352139455,74503.0,15.229236119587622,12.010407136393518,7.627373660415044,4.523643563166924,4.884843992698083,47.49433345545529,3538470.3254317855,0.0
"Colorado Springs, CO",539884,18494.325708029803,111261.35982466885,1.7844428582033627,52866.34450031964,213953.0,17.1196427068061,16.9847274634233,7.972417740843528,5.680265096414934,6.3976040859607455,54.289572336831405,11615416.87018209,0.0
"Columbia, MO",163606,37277.85711896932,127785.35045189894,7.353242933444289,70025.96337330708,68206.0,14.86661053516364,17.479715648304744,7.176403000791122,4.808786847741906,5.3347771818070395,47.05318810066734,3209309.7475941167,0.0
"Columbia, SC",635774,76713.22713631502,184152.6535550978,224.12348705143836,145019.29398990932,387006.0,16.534504957122085,12.498468001321777,7.604997570783025,5.228987829841748,5.840533914655631,51.743529229524576,20025056.273001388,0.0
"Columbus, GA-AL",293638,89576.73608188797,206641.7692888344,27.09691272532927,161808.2865104451,125115.0,14.268632677135999,14.863655906029017,7.845366194055824,4.725471913155785,5.128078081919651,46.23618154340326,5784839.853802899,0.0
"Columbus, IN",70883,12437.345693144238,49850.08845189439,11.774388255453696,26826.382602316495,29654.0,18.272136394124406,16.74577226838067,7.5833036129960645,5.329211258258609,5.9824879475447075,55.439275607048195,1643996.278851407,0.0
"Columbus, OH",1662832,117825.15202368185,471179.0499645708,434.0328450274592,267435.33047942456,1079050.0,17.016492766374427,17.197927331353185,7.687364097586762,5.977707129035234,6.838581862988173,54.53663862235903,58847759.905456506,0.0
"Corpus Christi, TX",384987,26808.731175544417,54406.92430965862,0.15563883198241718,46746.53527627677,150160.0,15.19126981913807,13.25031599868585,8.541278975636256,4.889908713468128,5.247861309761488,49.06158863714201,7367088.149753244,0.0
"Corvallis, OR",72682,9977.354418886956,34434.2623278965,11.456846714294468,23215.18144795135,30180.0,15.88016254114221,9.841113340346427,7.155732230813681,4.955154689560069,5.53622544556066,49.40743744821882,1491116.462187244,0.0
"Crestview-Fort Walton Beach-Destin, FL",212216,22720.655969250198,36181.50115977072,2.9615450428756174,42619.54024407834,107383.0,14.855657246009866,12.529512581478667,7.476675771920714,5.043384123897095,5.606744223511337,47.83811861134888,5137000.690842477,0.0
"Cumberland, MD-WV",104836,22988.032003724416,91346.68245581756,294.95554710008184,46618.29073173282,46374.0,15.138359104109194,17.155573078344236,7.156216090481629,4.415249423766122,4.805479076269623,46.65366279873576,2163516.958628572,0.0
"Dallas-Fort Worth-Arlington, TX",5176220,138679.39074650392,333616.3332509149,5.0919872031602775,328149.883682136,2573787.0,18.41480811322031,13.137217588947848,8.235148440262751,6.038241442990802,6.841622769562929,57.9446288792571,149137132.5292565,0.0
"Dalton, GA",121648,23010.303221269587,57046.007378060036,29.804838430856826,52451.47973802496,45787.0,17.44866257943905,13.416628123216311,8.366726668396089,5.038330708717626,5.473936118218128,53.77631865420994,2462256.3022203106,0.0
"Danville, IL",84302,11440.240934555479,60918.199294545986,5.4182303328868455,22754.7431377666,36502.0,15.401800224522859,17.997036443394382,7.283843918293755,4.680098715550309,5.146682157238351,47.914225240128125,1748965.049715157,0.0
"Daphne-Fairhope-Foley, AL",140260,13830.939013134968,27095.082601681268,1.0524960971221657,24739.944845287322,74201.0,16.844881845244913,14.75022924847204,7.5318522743476395,5.0961410116788,5.671358735655433,51.9891157121717,3857644.3749588523,0.0
"Davenport-Moline-Rock Island, IA-IL",376236,48145.85644748201,266468.37694296,33.8145939845246,103907.78095150387,158689.0,16.23914112906979,17.900707302119905,7.3797892326286165,5.1053691175569735,5.70637272196529,50.66981333029046,8040742.007570462,0.0
"Dayton-Kettering, OH",799750,33843.3999913816,151152.46123282568,99.19263631331998,68631.33455202449,343470.0,16.087989799904697,14.478728129916663,7.540229068335761,5.382567412802836,6.0580372810879926,51.156813362035976,17570830.685458496,0.0
"Decatur, AL",144463,26046.639518871718,60309.80384268952,14.30374989622242,53001.35566806428,61868.0,17.573893756448467,14.591504501260935,7.563760606391628,4.846394843532358,5.330098196821908,52.88804115964283,3272077.3304647827,0.0
"Decatur, IL",113269,11973.052862174969,63141.53557878684,1.391121386159565,22604.0134458678,49678.0,15.44855636527567,18.62915492491257,7.169912067732565,4.8719677953260705,5.421043827656064,48.36003642126604,2402429.889335654,0.0
"Deltona-Daytona Beach-Ormond Beach, FL",494312,21390.3248241888,29522.371510894114,27.924867859482443,40903.37749162031,236690.0,13.652055715963332,10.78211588830892,7.047715522571287,4.722133876496428,5.236634510428814,44.31059534142319,10487874.811361454,0.0
"Denver-Aurora-Lakewood, CO",2182295,100803.64023683796,562461.5402739759,5.996650989264388,271276.40283072897,2051553.0,17.23709196245349,16.954157512889125,7.824828333335568,5.935749750480839,6.762704032676679,54.99746604140007,112830216.44963244,0.0
"Des Moines-West Des Moines, IA",519239,67772.89668183203,319286.8099440742,49.96626946345009,171351.22924392566,215204.0,16.916503416341175,16.581493528622833,7.458999154602347,5.48247840761167,6.204701669905929,52.9791860648023,11401332.757889714,0.0
"Detroit-Warren-Dearborn, MI",4273291,61981.326423864724,356231.5914031239,98.16167368297567,138355.79799479828,1725314.0,16.57290972549608,19.14628453003426,7.839763523478547,5.85671351294244,6.6541110218173944,53.49640750923053,92298100.82538056,0.0
"Dothan, AL",130022,39940.08637541758,78816.97840997725,18.154586976641767,69509.98258524973,59406.0,15.171426429059819,14.143813704885478,7.336782229587277,4.500380688768571,4.895568833033416,47.0755846095089,2796572.1793124857,0.0
"Dover, DE",122794,11206.346019365348,36649.75783451482,217.68039277282233,22704.556159095722,48128.0,15.597752840388056,13.887834651646166,7.8606493802628785,5.188901478158994,5.74899798327226,49.99405452247024,2406113.856057448,0.0
"Dubuque, IA",92394,10558.66934965144,58472.974558208276,32.79241293597631,23496.282128709656,36961.0,16.053949088278994,16.688018076862495,7.6017004350931865,5.071665902217946,5.629135125296373,50.41039963916549,1863218.7810631958,0.0
"Duluth, MN-WI",88381,28208.923946076946,132212.5311861022,323.84485806500834,70869.3951076738,42382.0,16.151223934525376,15.335680120150123,7.262645816751535,4.87091172973268,5.406020436293727,49.842025851828694,2112404.739652204,0.0
"Durham-Chapel Hill, NC",462021,57145.64071081625,159681.47368069616,272.40691161373474,118298.89103474388,193901.0,15.055540233759155,11.932083196136357,7.270584381111112,5.197097173189226,5.8463128024485815,48.42507482426723,9389670.43350024,0.0
"East Stroudsburg, PA",138405,10232.9742760644,26044.846237446796,290.6449714650831,23017.361959466783,67126.0,15.947509441998692,13.66529723850239,8.214937249376828,5.52684355203162,6.15496766133894,51.79176734674477,3476574.1749175894,0.0
"Eau Claire, WI",146422,18313.11371125315,90236.24385063228,194.00486004964898,51073.609805022235,60017.0,17.01081703131423,15.291705042118112,7.463410616836251,4.961358005883744,5.501401719464311,51.94780440481276,3117751.376963647,0.0
"El Centro, CA",140787,9065.468428443924,36340.449139225435,0.2017169233693854,23310.898001946203,42756.0,15.443017888365809,11.089002213814933,10.206121801018558,4.960696542056965,5.10451128091141,51.15736540071855,2187284.3150731223,0.0
"El Paso, TX",682777,23780.257095041772,66602.25842120506,0.2867172454901917,47055.149797248814,225789.0,15.22720602711005,13.703183174617518,9.69669057487731,4.779122951552139,4.932964184505132,49.86318976515469,11258559.753884511,0.0
"Elizabethtown-Fort Knox, KY",134105,40937.89286032722,95827.12372403768,58.89753401799097,82264.22254323389,53965.0,17.22550244784917,15.397869299352132,8.001283411425211,4.904584830206376,5.34596309632479,52.702836233654715,2844108.5573491766,0.0
"Elkhart-Goshen, IN",183979,13045.602308483332,65616.10643821901,9.96186672709148,24665.317655819414,69865.0,16.885009509310418,18.286057569721045,8.259809652188563,5.415909486504558,6.000220728262723,53.44595888557667,3734001.9175408143,0.0
"Elmira, NY",89263,7798.636375899826,69471.23994264421,61.191105353050666,19464.169319874974,37044.0,13.441371925945013,10.44489099944853,7.312977493474339,4.78790374109509,5.287948915983929,44.27157400244338,1639996.1873465127,0.0
"Enid, OK",57759,14611.99467331264,47681.62850426107,1.082175935069251,24479.51664675635,26024.0,16.396471109188273,18.920553890052215,7.25674700046746,4.574153371633798,5.004490056255564,49.62833264673337,1291527.7287985892,0.0
"Erie, PA",284503,11276.919167556942,70433.84539121982,27.779120321039613,19644.673715215657,116459.0,13.564499977341713,13.801102557864008,7.560970429134317,4.872794242414146,5.365706007942538,44.92847063417443,5232324.76158532,0.0
"Eugene-Springfield, OR",323091,9602.199424061522,27230.31194291176,12.337642483802691,23441.173539343406,138826.0,15.931652226651774,9.24663210278433,7.307811173941707,4.857183935834435,5.38160065857623,49.40990022165591,6859378.808171604,0.0
"Evansville, IN-KY",295850,55196.27690447802,186125.21451436367,23.84982084764722,106084.92516407341,127332.0,16.50047230388915,16.82339272133408,7.288694634500064,5.022325018188945,5.6060352767889565,50.917999537256264,6483490.717077915,0.0
"Fargo, ND-MN",174589,19912.990191938603,80984.40555789773,133.1748138770957,46858.27609609363,73623.0,15.953497694090245,15.103103710723216,7.17823261038393,4.941596400356587,5.513709981722971,49.540534380643976,3647322.762706151,0.0
"Farmington, NM",112034,11797.011340241823,35977.41930842734,1.382399679689817,25425.85673991824,42029.0,16.85107923168192,11.056458088386748,9.055799400182089,4.83150775100146,5.096357656017497,52.68582327056488,2214332.4662385713,0.0
"Fayetteville, NC",412213,35403.16131263567,85731.96737982676,116.50677339023261,65731.39761219978,163630.0,14.142196838338874,11.94137649927325,8.103005318225248,4.855535826517084,5.264692049984712,46.50762687140479,7610042.984967966,0.0
"Fayetteville-Springdale-Rogers, AR",325802,39074.68563346949,112524.47302269882,1.904876252988268,73952.74850580336,135382.0,16.042528279713054,16.96166998673739,7.7317347089061235,4.858377211271145,5.322288077167444,49.997456556770814,6768755.663568746,0.0
"Flagstaff, AZ",114629,8882.880730073399,40743.213105756055,2.6263487052959653,22494.554161686832,50252.0,15.233475125359368,10.770765258073341,8.784947613605631,5.053618230541138,5.43518959003012,49.74070568489562,2499569.942077375,0.0
"Flint, MI",452684,11541.873661225753,72648.3388629389,10.46913602200965,24086.524831891562,189574.0,16.536845026071752,18.346052232222313,7.675365044932005,5.278783756624237,5.898531615609081,51.92637046930883,9843889.755348751,0.0
"Florence, SC",198628,23637.42568321385,54983.64799084333,110.39691268746789,43007.94983456325,83202.0,14.620777344109257,12.094128320677349,7.752039470631145,4.626778435368432,5.007460858329896,46.62783345254798,3879528.9989188975,0.0
"Florence-Muscle Shoals, AL",142127,26366.513700497715,68476.9028641656,11.119302642676075,50740.76500949438,64932.0,16.995156526427287,15.060413277651474,7.240571929660619,4.560386526759532,4.99081261277054,50.78208412204526,3297382.286212643,0.0
"Fond du Lac, WI",92285,10296.832370575554,58007.51276009103,70.36291450208206,25484.306994636183,37540.0,17.476660549582906,16.610581276562105,7.553097903234545,5.3740032739373955,6.044362568666292,53.92478484500404,2024336.4230814518,0.0
"Fort Collins, CO",252515,9442.796927200148,60658.5099726729,0.5104787780990527,25680.7120369087,105530.0,17.74256398907687,16.576914412026756,7.564947151654358,5.607064646938674,6.3564254831258,55.01356525987258,5805581.541874353,0.0
"Fort Smith, AR-OK",224310,54422.0879903794,143868.90676879918,1.740091694127453,96954.91467325772,95077.0,15.583492485829654,15.08969947182595,7.681107189172668,4.574298149884028,4.946158336229479,48.368548646945484,4598736.499705636,0.0
"Fort Wayne, IN",363360,25478.49863502637,111182.19578869667,25.449844559881704,54083.20053162941,151816.0,16.990098415918656,17.90482769793055,7.678530031076921,5.428634038157574,6.099361919994002,53.18672282106581,8074595.511802927,0.0
"Fresno, CA",803631,7436.898067892878,41301.73233663321,0.5749646062321064,21538.2835169375,272268.0,14.500086321607473,8.284144955508571,9.53320404514012,5.01790566884839,5.279340890092389,48.83062324729585,13295016.130294746,0.0
"Gadsden, AL",105818,13406.080103978125,37243.7590169204,1.6456112926940296,24540.07242624128,53420.0,16.362952880771275,15.347638474521286,7.320207242624128,4.47775878447429,4.866057990275345,49.38992977891631,2638410.0487897093,0.0
"Gainesville, FL",274573,32227.56674065651,52038.58411179542,46.74294081514364,63465.08791134954,121368.0,13.582252516167875,10.883230704288813,7.13838351723069,4.474858804323292,4.889738911128988,43.66748626501872,5299835.473012792,0.0
"Gainesville, GA",141154,12547.430141374596,35618.70551627157,7.0391700623569164,27507.16801507573,52109.0,18.618182234898477,14.493526719095597,8.665441361916772,5.504251110294072,6.057154292284949,57.46321123429275,2994350.4742077608,0.0
"Gettysburg, PA",87626,10983.022863043177,37713.793204490445,202.67770697910632,25162.68776390569,34482.0,17.167976380995256,13.809235498556804,7.8113209549677025,5.259861292962529,5.85656374760498,53.263698757525724,1836638.860557002,0.0
"Glens Falls, NY",125090,14080.272361815765,67782.08434974837,636.7166614575308,40241.83424709823,61945.0,13.802636458863732,10.970031826062973,7.4501738419187955,4.95819475922032,5.498168656334272,45.51181017520086,2819229.081302817,0.0
"Goldsboro, NC",115371,10964.07383838569,28376.303135003956,45.690216222598906,21106.575517244368,48039.0,14.314644791668446,11.52870271276353,7.689709285695713,4.670626024460064,5.074715689674192,46.06434058316687,2212884.857274753,0.0
"Grand Forks, ND-MN",94834,19750.706302051927,82892.55503657256,150.14316643409563,46738.52223066044,41273.0,15.770411492628762,15.23128599987203,7.388458676695338,4.755449900285403,5.2315360427817605,48.916267605020025,2018921.1128619914,0.0
"Grand Island, NE",68654,37412.39825892503,151832.58783656493,28.92619512502956,87164.54678338162,28166.0,17.71410291141986,18.277498177917543,7.694359393741591,4.8293800608992035,5.28861540917831,53.240560686658824,1499573.6323004325,0.0
"Grand Junction, CO",116328,9558.1609533153,58058.91380446695,1.157858289229763,24672.794082250188,48477.0,16.63434632417369,16.38917514393027,7.437518310295027,4.805006683076757,5.292131505982592,50.80334914770175,2462793.956633138,0.0
"Grand Rapids-Kentwood, MI",957927,47280.90910866366,250886.39723282732,149.2652723648299,108431.3226061429,367513.0,17.642879708776317,18.909816562696513,8.098430741811153,5.593576594960876,6.2622643101556195,55.240031064480284,20301429.536600344,0.0
"Grants Pass, OR",76024,10284.81915502577,29312.058954816923,23.980605990149268,24808.27901715248,33402.0,16.516881982589393,9.828038817192102,7.238701199621173,4.4343032560522415,4.822136667063786,49.52890508791599,1654364.4877465698,0.0
"Great Falls, MT",80305,9166.399906219873,66614.2159722851,6.382762028819357,24011.04921237781,35223.0,16.119307134659547,11.490648264189247,7.2590787622190405,4.58646777439941,5.024181519765249,49.108342325702786,1729743.1417382292,0.0
"Greeley, CO",173682,9869.498825180659,59640.61978640619,2.5320700617902077,27175.839822203798,94813.0,18.362416580779776,16.92939426692523,8.36424171762186,5.344497017357777,5.884970822598475,56.318542719137675,5339729.9908296,0.0
"Green Bay, WI",286500,30238.26019896436,158301.52391568365,217.58224579991005,82821.2160712507,118223.0,17.670784569414593,16.196547120642272,7.6430450223749125,5.4735182192759435,6.163957404569254,54.62208978504929,6457587.320657882,0.0
"Greensboro-High Point, NC",653736,33969.598353092435,101915.29999565013,250.80423754699146,70627.87957902523,279395.0,15.47860850098029,12.581043588316872,7.353011543251659,5.113018100679043,5.71984158637361,49.143088232264894,13730333.13665365,0.0
"Greenville, NC",137184,10767.150433675275,29029.103633755978,28.4774811427522,19444.03826247959,60078.0,13.306756949410051,11.165578337603852,7.298939599370187,4.587914706421181,5.022186863263376,43.52255506787485,2614748.063367785,0.0
"Greenville-Anderson, SC",735983,46792.921069855736,142298.1131293563,216.897390832709,95253.3583082446,316573.0,16.06057682859917,12.534290004648811,7.476881519198093,4.97330397087551,5.514256682781897,50.08559583005384,15855747.328707635,0.0
"Gulfport-Biloxi, MS",375898,52717.08756409708,109711.10031051782,5.741505833733363,97474.19102604882,157174.0,15.84597038125096,14.266445131226838,7.834390831495344,4.864314923786974,5.3160464287404565,49.70669294652469,7812599.757177072,0.0
"Hagerstown-Martinsburg, MD-WV",222251,35442.27244068225,82774.49303809553,644.285646994595,73713.10923015929,94142.0,16.78995420338402,17.142666885676555,7.458767358590448,5.015161574946994,5.572308247310704,51.62614558761619,4860188.597909364,0.0
"Hammond, LA",107365,13015.739610262603,26660.441309485945,3.1537079902082077,23514.767959763423,43711.0,15.583957549644396,11.856182728446935,8.008879802542728,4.419279923071908,4.68935957372025,48.28543439862368,2110604.6229982395,0.0
"Hanford-Corcoran, CA",128170,7981.778677499611,42124.53461892496,0.04200126427922514,22743.658336584223,36138.0,15.160223073107948,8.552452533543793,9.85626909573223,4.9722784336506,5.171761952514639,50.32075562811336,1818491.4668887607,0.0
"Harrisburg-Carlisle, PA",521751,29247.94699875205,96377.48948859476,912.680912735372,68419.02015425505,221962.0,14.9782026374321,13.680830702134145,7.286361171518018,5.283134949471912,5.95943773653184,48.485339132385974,10761902.844502656,0.0
"Harrisonburg, VA",55762,11002.072037508518,24828.58385372752,235.76902154847585,29991.413220472725,22824.0,20.00447483068423,15.538826775002029,7.7968898174384,5.045840040424367,5.569678127717088,58.42135764694832,1333409.0669339485,0.0
"Hartford-East Hartford-Middletown, CT",1148756,22113.78063767446,92125.15844507595,1538.171745707979,79128.49744028249,471521.0,17.05370688752788,13.64405253786538,7.47552280271308,5.9885815898057775,6.885362900239388,54.456881067814,25677563.017976727,0.0
"Hattiesburg, MS",147875,53601.54899866134,111123.8655928671,8.477240944325688,100519.48443914196,60495.0,15.635225392821956,14.320502942218258,7.757272186049725,4.465989748237757,4.787805643453967,48.28151836338536,2920790.4533929974,0.0
"Hickory-Lenoir-Morganton, NC",338483,41775.899010917434,108394.3735048304,639.4338285245426,98338.60962460039,143042.0,16.318901836410678,12.430731457198226,7.508195109804775,4.901711925177507,5.413363123357237,50.46107383116088,7218052.922956915,0.0
"Hilton Head Island-Bluffton, SC",138923,25420.551660911857,53317.53119833975,15.586257757544793,44204.75504645959,67216.0,14.97331947839603,12.010796556897152,7.691773374641421,5.454439564197698,6.132383491802414,49.22523538743359,3308723.4218017366,0.0
"Hinesville, GA",66481,26170.22303437783,56246.075297344,4.5594071706788295,47072.84004092206,25622.0,14.591834580559778,13.72435199418952,8.830031243241395,4.745065454012704,5.013695826925043,47.772461685298694,1224026.0133007232,0.0
"Homosassa Springs, FL",117530,10832.246166117047,14444.977236051209,4.547116238896768,19733.272892027566,70023.0,13.453202942965213,10.806478495305827,6.627157746958223,4.371446789208025,4.822920956009977,42.72793137810665,2991937.938889162,0.0
"Hot Springs, AR",92423,12276.366217825997,34684.9710085204,0.6502080377492676,19877.929768564103,47295.0,13.56362786135079,11.916762928895611,6.83724224489575,4.460024588957976,4.912100830720273,43.33662338727558,2049605.6031011986,0.0
"Houma-Thibodaux, LA",194612,30400.671418804468,56914.38196838666,0.6940631235194727,48545.87738794695,74739.0,16.22578834402237,13.183499868978743,8.45864605453085,4.849109681673725,5.204361740119012,50.96369416436833,3808975.5381507245,0.0
"Houston-The Woodlands-Sugar Land, TX",4699545,118089.17569314528,256909.42220552597,11.007418178288217,245070.19776267782,2899863.0,18.684934181305586,14.17880032994912,8.87054598114277,6.08822500361007,6.818673598189163,59.14731294555317,171519104.36023065,0.0
"Huntington-Ashland, WV-KY-OH",364145,91455.24444245109,296819.7519272824,63.559929254405176,162088.26991156166,199438.0,14.91281828906898,16.89872077019048,7.288634071656497,4.4084839310848,4.777048010847614,46.29980259172687,9233940.029288825,0.0
"Huntsville, AL",340123,25353.691477160515,59703.6458986894,11.171246428576922,53296.330045900526,164207.0,17.806494306496734,14.562392758029361,7.4976110082911225,5.308063513728306,5.962209993007666,54.38087312802056,8929720.033732872,0.0
"Idaho Falls, ID",104896,30813.945417287025,112954.0705231865,132.6440754262484,91552.40690489468,38142.0,19.262211118562618,11.448378994779326,8.703236716030474,5.269067281512844,5.736653375702355,58.23337961037091,2221137.565098767,0.0
"Indianapolis-Carmel-Anderson, IN",1658560,141160.49033329682,544136.613708274,265.50570932984925,316606.3774080327,1089368.0,18.398242538317117,17.96564938255281,7.776758306144881,6.101816585190163,6.993740364952381,57.66880033292166,62822545.68107421,0.0
"Iowa City, IA",128494,21364.787966052936,103712.36299725626,13.941447121593336,49352.915834170446,54180.0,15.717537607791163,15.634983468270446,7.125519153445244,5.041225199806942,5.657682213222722,49.259501782057235,2668879.806551861,0.0
"Ithaca, NY",97235,6809.385568790801,47916.65856600798,112.86323266671306,17095.030205173036,38961.0,12.011453849085605,9.221900999655418,6.969603640664369,4.743261068870669,5.276365278967099,41.01213768667334,1597873.8964104801,0.0
"Jackson, MI",158543,11723.233954317837,67613.78950482557,23.938967229989746,25272.18364103114,63387.0,17.300134950660485,18.39632634098744,7.672984553086546,5.332301243244772,5.970722354833838,53.576278052486124,3396039.536912938,0.0
"Jackson, MS",549600,96417.49455693667,236071.9752704124,6.9354124430995,162177.5887656386,216804.0,15.612182684270778,13.76862591591594,8.03761102798135,4.887579093498954,5.317624017690668,49.46717950771254,10724682.38599011,0.0
"Jackson, TN",172600,58972.93403598127,151492.1801206837,20.859746276208636,96991.11087324432,72724.0,15.750108912811465,16.476139785435738,7.426794988918006,4.673177821647775,5.116836207742588,48.7170268439313,3542897.06019806,0.0
"Jacksonville, FL",997552,44944.155833688026,66328.18085292494,85.03445276369425,97556.33824045624,416539.0,14.59038300262677,11.195434310469015,7.734969755187092,5.226932759449577,5.819302582355124,47.961971102245336,19978031.48095817,0.0
"Jacksonville, NC",150970,11031.948719203165,25466.571502560175,24.89005014049103,20832.362827051733,59406.0,14.111686104464626,11.097641596805373,8.628106709942372,4.859659991931108,5.194144658540462,46.90528356934319,2786455.2757204017,0.0
"Janesville-Beloit, WI",151564,10316.404110545927,66119.77279314572,22.413957023316854,24951.52951888311,62212.0,17.15908017035835,16.587353291964018,7.607705985590247,5.402806664648325,6.075931192863105,53.40460418381838,3322407.235483709,0.0
"Jefferson City, MO",140248,49736.62720328734,139347.04722037946,19.146377451090924,103712.24511314706,56501.0,16.76938768619021,17.458646031722957,7.518181827548536,5.1037029087285894,5.684144264693644,51.84480437335119,2929283.2918987153,0.0
"Johnson City, TN",181105,34504.54105375854,88704.70881069521,176.9978877273242,74450.1779098445,81552.0,16.20132238230459,13.659889582824675,7.01365674042648,4.429008012205685,4.845431113597179,48.69074063083852,3970827.279926143,0.0
"Johnstown, PA",153842,9561.037171603817,49499.51873766082,270.82690450353516,20163.64644895412,66330.0,13.655618734506456,14.565602839074492,7.211151376087153,4.426303218897936,4.811734041953628,43.76042610595163,2902629.0636077714,0.0
"Jonesboro, AR",109393,27104.42617546737,77326.61389247229,1.895575437458739,44707.38809484642,46902.0,14.904460038108182,12.964820832477702,7.423409993844007,4.480059996828452,4.855314085981119,46.567704152869936,2184118.460177906,0.0
"Joplin, MO",157127,25624.43982715726,76375.67436300067,2.0134818178445117,45533.66404510941,67367.0,14.787873684629615,18.18991252552562,7.507933263328166,4.547746927820026,4.93526538306533,46.56669294347276,3137058.403522929,0.0
"Kahului-Wailuku-Lahaina, HI",128225,5168.391585718334,23923.874398511914,1.9284403511898571,21747.83224020277,56529.0,15.239497023259169,8.05432548628313,8.792223825307078,5.790537667303655,6.42794836368467,51.489703902813744,2910661.4719221583,0.0
"Kalamazoo-Portage, MI",235670,10983.74860501383,66642.05045329938,24.065311228921342,23593.837734968387,97996.0,16.234821489477604,17.525363548991617,7.297636652946917,5.182852258639004,5.823485311380641,50.77361720192176,4975611.3913195245,0.0
"Kankakee, IL",102813,11571.939897621878,65062.240400676725,4.297049005126893,24268.715853053603,40147.0,16.558118306550874,16.917733930573593,7.836747395757346,5.180082770907447,5.740487573577019,51.87355435334356,2082567.5866236838,0.0
"Kansas City, MO-KS",1815360,186902.83552863108,641237.477079153,34.053392825074795,362228.2507761601,1238505.0,16.56994677353372,20.392072835264905,7.581216744178798,5.655351929431918,6.419824611704319,52.79628683238248,65388465.22333986,0.0
"Kennewick-Richland, WA",190637,22473.580104257177,54407.05210524802,23.699032457780355,55255.266207432454,71686.0,18.824155215954818,10.640406113407732,8.46533676257114,5.522091572746512,6.113108621409568,57.748847388636854,4139783.8739018217,0.0
"Killeen-Temple, TX",333163,35012.376456678554,83627.20733248693,1.2850990555916422,80004.29052948876,123085.0,16.69062076062954,12.046958618036918,8.355890124924082,4.966476372965233,5.378208639498588,52.08181665864698,6410490.403429563,0.0
"Kingsport-Bristol, TN-VA",281384,44053.361897115414,108209.57717072612,280.8154382458643,100180.29964269648,135901.0,16.641063962445685,13.84214894301994,7.129476601137618,4.5408548497532815,4.980228737953033,49.9326881137353,6785902.247344742,0.0
"Kingston, NY",174523,6612.689157358669,21999.076210849526,458.7464616312236,21501.889407126855,76259.0,14.958847547985357,11.797176732509087,7.449575700623984,5.241332215535344,5.879123336903567,48.48772634903361,3697625.523650954,0.0
"Knoxville, TN",722306,102067.41032615001,266293.32455413253,131.67068148427086,204120.1456620383,323030.0,16.502111534174762,14.747421281230933,7.175990201294735,4.83889524977117,5.375390532851488,50.39449905226692,16278935.028853783,0.0
"Kokomo, IN",86164,12356.823770636238,62288.87635599373,5.068910356764847,23476.912515667795,38125.0,16.199011931775996,17.410684231893907,7.247110974420871,5.233791149602369,5.895641127929372,50.7745671155046,1935780.3712786129,0.0
"La Crosse-Onalaska, WI-MN",126834,21087.03092890852,104415.71703480609,134.4199862084663,49687.30513970863,51672.0,16.218964830826042,16.07792066325636,7.404264662483204,5.011716885391604,5.575428983853627,50.429340193380526,2605784.8664723583,0.0
"Lafayette, LA",377071,57247.802053661566,114513.47093121782,6.291834304864669,93958.75698606783,151766.0,15.557627804459903,13.16827438717731,7.9882517143677685,4.659393763989529,5.015885007202968,48.778786094480076,7402961.250414863,0.0
"Lafayette-West Lafayette, IN",181410,50556.5678853904,195971.5544753457,99.44307591318486,114058.77399547739,71494.0,16.32074207788983,15.846807564411494,7.371281511336579,4.935172844024584,5.476829408128623,50.42476791926945,3605068.35762025,0.0
"Lake Charles, LA",196636,28582.267565556947,57287.55881791047,6.130393694313411,46741.065664305075,82447.0,16.030173738921693,12.526265648608982,7.878636328487314,4.8272179583590304,5.259153305255942,50.02535506994567,4124440.4494518107,0.0
"Lake Havasu City-Kingman, AZ",153725,10812.426943302424,28772.399529544076,0.7877045866302445,21538.71592779314,79376.0,14.49203039892496,11.800829371826532,7.616901544966661,4.512445608901183,4.871691372308314,45.98509932402607,3650113.243943894,0.0
"Lakeland-Winter Haven, FL",485379,11708.80857110195,15033.70639330154,8.379568364043433,19872.725639139724,280576.0,13.677041944139104,11.455926259054763,7.600888604574981,4.841461526889709,5.316605655939911,45.113039675682806,12657636.220044378,0.0
"Lancaster, PA",471237,10085.575111898019,34295.27414619996,262.67128569858045,22318.626544604944,180546.0,15.510907631852842,13.792036712478293,7.976035943697123,5.4564082404425855,6.093246059883139,50.54750550772854,9126149.929398356,0.0
"Lansing-East Lansing, MI",512317,46241.76045506123,240434.85033255344,209.49980744905818,113708.00464211448,286956.0,17.935180484345,17.668399218669666,7.5713418421829335,5.423357287728273,6.107821005176032,54.97288110377723,15774798.0700155,0.0
"Laredo, TX",192147,11255.311920029355,27656.22051750366,0.3181362232536016,23583.75272057331,54722.0,15.336278438800264,11.851933637796101,11.365365579478212,4.824969363901494,4.755781678101999,51.618673499082234,2824677.051216778,0.0
"Las Vegas-Henderson-Paradise, NV",1372904,10113.787522199327,33560.41108942937,0.35156186323174965,20442.85246455688,559480.0,14.340236311238217,11.714136811644666,8.071448426109912,5.453122752979534,6.075674278157979,48.28071807972386,27012096.151243906,0.0
"Lawrence, KS",98498,11770.450250647893,47765.718414657116,0.8964112496356871,21883.586661658104,39751.0,15.053991098926314,17.76960772625793,7.078166155657983,4.92423313157223,5.505209244146168,47.615590729229005,1892767.3470775823,0.0
"Lawton, OK",120777,28003.5581838786,76948.73033711541,0.5534992836728231,50337.63207298265,48080.0,15.332680308794602,17.630954349859724,8.099813343981321,4.700741255053461,5.0592377756038625,48.525152992227845,2333089.355866315,0.0
"Lebanon, PA",122472,9540.686651167975,32466.19250962326,411.1114174175929,22490.61522633745,50038.0,15.475535465924157,15.149587142405359,7.512476729374878,5.111357424907634,5.695916381091177,49.270821467222,2465413.3645768543,0.0
"Lewiston, ID-WA",56623,22210.722940646396,94716.17809421565,70.65340793872171,50692.64153589755,24616.0,17.01558470833729,11.6690968739488,7.24008231374092,4.689865790595211,5.164795545600563,51.12591306661127,1258515.476047703,0.0
"Lewiston-Auburn, ME",103793,6413.727320180387,25196.714520268924,643.7496785503083,22699.326582717524,45960.0,15.43050382032676,14.935860582825498,7.193966356112645,4.758286098214972,5.263810053070478,48.07707014805161,2209622.144004452,0.0
"Lexington-Fayette, KY",408451,82750.6938935125,246308.67582942118,72.8555872051716,153346.5698016766,175308.0,15.685712724156712,15.646548078967465,7.193089881820446,5.106981208392996,5.734814129437547,49.406310667964405,8661321.510579504,0.0
"Lima, OH",105518,11266.127263245511,59053.311898962376,11.508707666486798,21558.60697700866,47582.0,14.72927826404957,16.449989559528333,7.5456234955173525,4.841669706954326,5.330177422264472,47.176027152835296,2244729.723986209,0.0
"Lincoln, NE",265415,25900.071289226616,103819.22471205922,12.950336717051846,54776.26823797783,110187.0,16.58993358616593,17.830327280813172,7.264248375638625,5.216353798349618,5.873529181387156,51.533998527707254,5678376.695772479,0.0
"Little Rock-North Little Rock-Conway, AR",606687,85268.02735457975,214106.17366666265,3.7250560796804306,153738.47717512905,259843.0,15.539638067342974,13.26391594858694,7.468046971049709,5.017889824818057,5.575063056779582,49.1402759873333,12768756.733376646,0.0
"Logan, UT-ID",102712,24106.65776869219,115988.5870320847,110.35076403418728,62365.82531281721,32902.0,19.40913602215192,13.404889573011141,9.780100755473288,5.24025937205187,5.5443835869325655,59.383015758761566,1953819.984494773,0.0
"Longview, TX",258549,47594.93369628342,119746.09003369858,2.3293804360235253,102077.10022149509,108876.0,16.692933568687856,14.666747030912731,7.740719007186371,4.685677711797565,5.087524371045999,50.89978822740566,5541765.343047018,0.0
"Longview, WA",94841,10094.401636256782,24090.418155195068,8.871186433343166,25931.8510559779,39407.0,17.514783179636563,9.461132134762066,7.677912611634207,5.034245098620813,5.56680704382368,53.30853111335183,2100729.2855838556,0.0
"Los Angeles-Long Beach-Anaheim, CA",12363176,14555.525397353893,69287.41496583475,0.29550239000972095,45731.21210915889,4239041.0,15.071164660053316,7.555745191968077,9.44649208076009,5.755249067158776,6.286448311368444,51.630518779393945,218863885.9571209,0.0
"Louisville/Jefferson County, KY-IN",1088985,139860.25919860628,382107.1214624874,172.31914965601862,290557.3998768669,463003.0,16.218315561871965,16.87227336014587,7.398431627822476,5.200590906887762,5.83182738202783,50.867481040482,23551796.324186288,0.0
"Lubbock, TX",255872,34306.6568303084,118281.3149192018,1.1982926027863796,74036.27299037177,105990.0,15.229583553773029,14.423832088089302,7.596994951537532,4.573886975804252,4.956071930349191,47.586120965237036,5043652.961105473,0.0
"Lynchburg, VA",139456,45688.966389672714,98943.97997922581,634.7927430115215,111728.78371505244,61143.0,18.969692440079132,15.402771000382325,7.482351073748947,5.011186402392633,5.564048307056223,55.99697066335607,3423822.7772695804,0.0
"Macon-Bibb County, GA",215959,68608.9240080218,164399.74513187498,16.932726442529944,132637.9272871087,91492.0,15.38919069640621,15.08548877527408,7.679297144732174,4.886023214024923,5.368245646094754,48.71194739766427,4456753.491307099,0.0
"Madera, CA",122343,7681.05298255259,35612.50050259052,0.9311503785194487,25857.392805473137,40074.0,17.133416365427028,8.125046577095237,9.783267207768324,5.042520208784028,5.278544349747918,54.37116449715433,2178870.0460589626,0.0
"Madison, WI",539868,40311.71930623507,198431.94180284534,298.3388137746425,109822.97853501345,229247.0,17.08157682036378,15.654295040859793,7.2295066762347,5.549507567090004,6.328132259426948,53.27030014347922,12212056.49699218,0.0
"Manchester-Nashua, NH",383450,7694.443865783914,39421.02824387213,374.7469817407965,27263.83014734646,150997.0,18.9831548225174,13.219907002867979,7.822206806624071,6.093533862098525,6.9763382184897,58.85838853224709,8887440.093203714,0.0
"Manhattan, KS",106947,35923.275079706254,137127.46300345554,4.098996947385745,70299.6941742471,42781.0,14.934700314921386,17.28730164369446,7.722305627779264,4.675840537585956,5.0766952679763335,47.344242063184325,2025434.0197050886,0.0
"Mankato, MN",84529,23013.041671382343,118367.89834762645,55.69335498922627,48253.40835767205,53586.0,16.52689032865381,17.541036696498356,7.4968822638422274,5.198301461102269,5.816621653179228,51.56558603543134,2763193.4932946237,0.0
"Mansfield, OH",128062,11178.350806617214,53342.483134337555,50.91079090927162,22736.192359950648,52698.0,15.500908447263889,16.449119477006036,7.462115693960738,4.911294458905466,5.426944128621663,48.80217117601565,2571776.8166336725,0.0
"McAllen-Edinburg-Mission, TX",569285,13579.92120669342,24426.161292604378,0.6151219596003403,20425.91346689268,192584.0,13.26991287640631,13.115749958131422,10.8537220197265,4.497753340477468,4.387416402979788,46.27871751599638,8912540.534100646,0.0
"Medford, OR",180939,10563.436922129173,37649.598236993246,15.712159146402016,24800.19083226944,75548.0,16.714632917801787,10.422953454310333,7.49472899706531,4.822147484225232,5.307354330401916,51.05349664729603,3856989.5647099204,0.0
"Memphis, TN-MS-AR",1206048,117828.81140207761,294689.42417659436,13.40147941554285,195296.07538450166,480946.0,15.299418184763065,16.81845475871469,7.978768095648602,5.215498176597037,5.769179568225415,49.56228220999718,23836781.379769303,0.0
"Merced, CA",210428,7140.185848571114,42460.35364596658,0.7153422995147459,24111.17320888855,68307.0,16.019400313971154,8.260157498857371,9.859372802098578,5.004474706438913,5.2131292589407145,52.115777395420515,3559872.406548989,0.0
"Miami-Fort Lauderdale-Pompano Beach, FL",5012893,35529.56625324676,41975.07982121012,4.622181621122079,56616.57354517716,2152524.0,13.274582461236244,11.260231150868286,7.95017365223286,5.257119249246048,5.828878781791777,45.58533660574318,98123531.09194073,0.0
"Midland, MI",79792,11565.758981000772,67336.96527258391,18.09398369689072,26569.92249849609,32884.0,18.191584895324613,18.173289979714617,7.649895854220975,5.471873454063697,6.163115119521921,55.66805421845582,1830588.2949197013,0.0
"Midland, TX",118838,23573.492542829423,64694.26427104373,0.3495299709505852,50375.42180987624,49247.0,16.241856798281912,13.024711658469927,8.09168199320321,5.063588891257256,5.54879022566092,51.18777470668522,2520844.340980127,0.0
"Milwaukee-Waukesha, WI",1505188,44024.52567189341,269258.7486835707,158.06482704768803,107026.23238464059,620340.0,15.442647658130337,16.246393001785744,7.594487645911042,5.507537361975773,6.218172555522274,50.20549287966976,31144475.45297434,0.0
"Minneapolis-St. Paul-Bloomington, MN-WI",2952993,178361.87693956954,867580.9032426488,361.25726767397225,398311.57343256497,2174373.0,17.89733172814943,19.29789203181452,7.950141338498992,6.2299065083205285,7.1428119582253,57.117523261343685,124194800.40633765,0.0
"Missoula, MT",93387,8683.432791791625,57081.624176045276,8.011961227762525,24849.632336406565,40326.0,16.717965674338632,10.61805819273528,7.229643419319605,4.708866427640903,5.193838873566544,50.56828006920432,2039216.4620707333,0.0
"Mobile, AL",418089,29619.940371725337,61276.30315572773,0.2615971633124403,48621.15012764654,173283.0,15.242033330119117,15.946172159822616,7.889302901282705,4.705687748980791,5.093599900041244,48.17265721054297,8347502.559414518,0.0
"Modesto, CA",449518,7151.376066705167,48725.128039435054,0.5896545875741956,24469.74366098799,151941.0,16.501399440557066,8.731245338939676,9.221811050947904,5.249219118641418,5.636762448660027,53.11059149936348,8069676.383004786,0.0
"Monroe, LA",202245,41306.4413466948,95964.49996683976,2.2880050168720887,68786.85931469983,84226.0,14.938718846202885,12.468044014895336,7.797424367912287,4.469249772616789,4.787230507881108,46.93134234081596,3952839.239997565,0.0
"Monroe, MI",153002,12802.455017270644,69912.84143553572,19.408447162797458,29640.641828211395,58488.0,20.28589892795755,19.526482780681505,8.069823335642672,5.905788885442188,6.687705771142409,61.23511584814238,3581519.4557261514,0.0
"Montgomery, AL",352430,57225.0998480976,127304.56951129105,6.143768685515894,96973.13184482128,147036.0,15.45053063049829,15.573231829627984,7.632525186029557,4.901412314879659,5.393368330283987,48.82836709218978,7179527.783767217,0.0
"Morgantown, WV",105370,24789.54103881683,84211.1383400471,261.88141717011655,44333.363612897636,48059.0,14.13667890672902,17.23347092560755,6.990634280705077,4.2233102458386504,4.569562887557958,44.056865227559726,2117328.885971293,0.0
"Morristown, TN",129364,35919.88801985138,80743.00430292942,68.05620139063522,77448.25434220835,56329.0,17.0103322588072,13.86065161171254,7.439883594628019,4.5214660345212465,4.907830584903183,50.88984473166685,2866574.063890062,0.0
"Mount Vernon-Anacortes, WA",104121,11594.586935397025,39075.798611574675,22.660647669519722,27237.025576012526,43479.0,18.427625614514604,11.176299333397024,7.824828132653357,5.2424219106386145,5.828411228210363,55.750912500531534,2423993.9246106106,0.0
"Muncie, IN",117817,11266.220387057156,55360.374115455656,9.69392677995329,23136.94729962569,50633.0,15.684073533129453,16.01828172757252,7.1289504910157255,4.716639897252538,5.217178310362943,48.430915764890116,2452202.557923681,0.0
"Muskegon, MI",172082,11288.712313098811,71846.00162955098,17.204064956636678,23720.036802222196,69428.0,16.075221306551118,18.152257850578245,7.812469171673971,4.942613414796135,5.424666747030571,50.330191946602916,3494324.5664687473,0.0
"Myrtle Beach-Conway-North Myrtle Beach, SC-NC",277080,22225.204460715453,48044.64497451867,55.63196628107715,38358.976714119024,178180.0,13.289817188269268,10.899469274924078,7.17027395658823,4.74403512135185,5.247996440571122,43.74193989504973,7793938.8504999615,0.0
"Napa, CA",114815,6866.409658463676,39765.61743190689,1.0032396097166631,25628.248808953533,45460.0,17.852406806419907,8.096477763469263,7.79085642119932,5.886908139726335,6.703091885437657,56.085670059203125,2549654.560891374,0.0
"Naples-Marco Island, FL",250724,11614.11168348647,13879.29759258881,2.442738788090229,19272.097581404254,143018.0,13.792086172717886,11.180598869335109,7.554503717234886,5.58863856177297,6.334203472774396,47.06151809721803,6730644.1952279275,0.0
"Nashville-Davidson--Murfreesboro--Franklin, TN",1362624,187734.42514661956,455199.27984025434,87.98292899049392,366502.25649364386,564592.0,17.229607558914612,15.421912346185918,7.5229418590644075,5.351647541971343,6.018259359407508,53.35206387827248,30122148.449161615,0.0
"New Bern, NC",115936,34742.42631648484,75681.08272557218,199.19425701119752,65362.31324850292,50056.0,14.572043862848206,11.584131713824043,7.527515386379864,4.722437301630679,5.17051600611793,46.56455641982488,2330835.4361507543,0.0
"New Haven-Milford, CT",823957,6962.280642832396,37480.2684604072,421.1818900391974,22276.531777750537,340732.0,15.73682447599166,13.32724084472091,7.516804372072815,5.733167598139266,6.533701353438556,51.25732227563396,17465009.93362131,0.0
"New Orleans-Metairie, LA",966885,42116.43061568406,90619.50173090695,2.361311255463629,60457.55850941227,647777.0,13.087108452515293,12.37172043268732,7.71976991606937,4.736952362878254,5.160230507301932,43.791169691280146,28366912.52910838,0.0
"New York-Newark-Jersey City, NY-NJ-PA",18319214,204161.28473496664,1199118.9249104392,5269.843703292102,466444.8670452698,6305739.0,12.861908400367774,12.93101935873226,8.410539499075115,6.009966592656956,6.779086897530657,46.92340978999828,295886775.12577397,0.0
"Niles, MI",172897,10990.388592795896,59543.85116020406,46.247823148833106,22647.079070197862,78006.0,15.484245993412332,16.613097245869135,7.502247002550652,4.971606867086839,5.508165664744345,48.9505115212065,3818433.601723234,0.0
"North Port-Sarasota-Bradenton, FL",592388,21816.90719661248,27703.08442238908,12.544245157576432,37101.20402231044,448683.0,13.143199240594338,10.796798633420847,6.745170766340529,5.072109619500247,5.752337324047253,43.8560161910767,19677448.912660867,0.0
"Norwich-New London, CT",260194,6933.719451245404,26011.51598251122,552.1091017994055,24589.208210027904,111418.0,17.208603016002005,14.212030367201415,7.453737480495323,5.794636001459361,6.625737545765438,54.291317059724136,6049029.964160344,0.0
"Ocala, FL",253497,11165.644818104982,16192.789924680492,16.084553975767125,19910.577995005857,124148.0,13.562905221534,11.309530927192865,7.122682280263671,4.500484560226533,4.925743148878286,43.674720432436494,5422129.192246126,0.0
"Ocean City, NJ",102949,9229.75974398577,45812.50872156603,98.4639399832707,15984.13068606786,91308.0,11.585133325736146,11.924578285513853,7.233513195854258,5.215186826690367,5.876033800129059,41.495000474145975,3788825.503293321,0.0
"Odessa, TX",123068,11005.324382353527,32346.924828705607,0.5128022800766879,21999.150567166118,50246.0,14.723684075165487,12.116866579067699,8.22887094939383,4.586487981617638,4.885127546976422,47.14785462831886,2368991.1036545094,0.0
"Ogden-Clearfield, UT",485401,55437.609476752186,316483.2368321256,2.9437827671695986,126856.0531899567,160929.0,19.148780623500038,14.46601997579269,9.489254077283892,5.904781770302185,6.481984258695206,60.17358135328137,9683674.273602217,0.0
"Oklahoma City, OK",1090655,102862.21991600476,269626.1791486503,4.341364489780117,197125.84253169986,738213.0,17.087135854466823,18.063107166193138,7.517736535558741,5.016189854479762,5.566182281306177,52.274380380278316,38589627.1636664,0.0
"Olympia-Lacey-Tumwater, WA",206218,11313.00033434668,35450.54150730829,19.049745368782656,26468.8285600675,86213.0,18.156356578292524,10.845463341045358,7.5187019561822925,5.483866514900798,6.196440592085696,55.51172221975383,4785832.107731637,0.0
"Omaha-Council Bluffs, NE-IA",767748,103079.2575430532,426416.0679830311,102.61682197057027,233834.19206815248,504784.0,18.03617213007265,19.738122974209915,7.974804340361288,5.693482777925211,6.414626042453764,56.15525742088556,28346275.461944297,0.0
"Orlando-Kissimmee-Sanford, FL",1653563,46475.54447951708,62252.81520942908,34.291140599264665,85413.47698052005,692922.0,14.726068830502635,11.425226784258767,7.814614598796375,5.288247876955285,5.890133076133784,48.44513321289071,33568698.59614266,0.0
"Oshkosh-Neenah, WI",152977,10112.57318731509,66942.80267504617,24.622692566187425,24009.39818404074,62853.0,16.575006031290616,16.315074797637685,7.333072945606204,5.328755816818506,6.013480597557996,51.82532142256393,3257376.927372411,0.0
"Owensboro, KY",111620,45922.79664969561,123271.58337760167,9.045942259066099,80455.33468185349,47131.0,16.806894381173237,17.33552373734701,7.463344711469468,4.803580405004208,5.287048408138065,51.167762286958215,2411587.8043466276,0.0
"Oxnard-Thousand Oaks-Ventura, CA",758032,8462.083772165697,40027.35642130718,0.20231792380013958,27703.444689670094,253479.0,19.30582285433916,8.762111826811536,9.409059010701396,6.583272704711506,7.4100918318531415,62.014069255944364,15719264.26092752,0.0
"Palm Bay-Melbourne-Titusville, FL",476557,11659.6076917251,15934.206733427025,7.288373301543004,20773.20083641621,232251.0,14.4387178603152,11.567665599346029,7.15330449453056,5.051424493605347,5.665468068804243,46.74763277757055,10857184.460223539,0.0
"Panama City, FL",148104,10456.870341065493,17113.602442711424,4.2599204094805785,19617.240148814348,78375.0,13.532246077786029,11.590321987758097,7.361761667476908,4.795911992925717,5.291256133910569,44.51342194988525,3488739.4453222565,0.0
"Parkersburg-Vienna, WV",93977,30589.87341093028,123012.54703282673,5.12384561125773,44723.581379293755,43116.0,14.718512325285515,19.455838504357178,7.234503721506436,4.572817614122909,5.007805896266238,46.25215188246661,1994207.7805644304,0.0
"Pensacola-Ferry Pass-Brent, FL",411576,23063.423159619673,36898.13782063743,2.556150580401836,43625.65451690805,173537.0,14.251140468207822,12.515079882510989,7.632389295866844,4.881337767536059,5.367622767072087,46.38363076689063,8049276.132393899,0.0
"Peoria, IL",403621,73823.87327814703,381707.7965605117,43.587784792974404,162277.13224890752,168854.0,16.903734919958097,18.6281611008167,7.418220200730762,5.185848828792893,5.809872130622241,52.22141100006209,8817794.133004485,0.0
"Philadelphia-Camden-Wilmington, PA-NJ-DE-MD",5671537,121876.56097073972,557802.4100891772,2423.594802597257,245378.32152081648,3048618.0,14.219211281927114,14.745602625831205,7.799981881940499,5.818593653070423,6.608659315900002,48.66565741476515,148362999.1764865,0.0
"Phoenix-Mesa-Chandler, AZ",3243549,22942.03931592877,54827.529505701816,0.9199184095260576,43037.44340678616,1327437.0,15.345069100735527,12.680391533841902,8.260395120335035,5.538422649870487,6.164152668909746,50.65310864058632,67238810.57453398,0.0
"Pine Bluff, AR",106543,42419.684262870374,103119.19638289079,2.468818552636848,68146.7759849983,43031.0,14.164752933901031,13.36083610553605,7.800047176488127,4.509174748284273,4.839222667090955,45.477950459665415,1956961.6862298625,0.0
"Pittsburgh, PA",2422221,76577.68522101191,428652.68539105565,802.6474748862255,147273.00673552632,1075259.0,13.432587270013626,17.237447596894214,7.144693079279428,4.921763531700074,5.492135358258237,44.423766509264986,47767054.75298576,0.0
"Pittsfield, MA",134504,6971.572463211326,40388.66112078806,415.15305764619694,20224.742832926902,65953.0,14.084182964975719,13.491305165268384,6.9067617319931,4.963251835694549,5.580626287016626,45.61900578465571,3008710.2885153983,0.0
"Pocatello, ID",84293,20168.416605288898,96034.36395180848,52.586152286004214,55360.16766026191,32351.0,17.712226836305526,11.290033613126301,8.201145580755488,4.874290141735241,5.275655372235692,53.775544767337465,1739692.6487681344,0.0
"Port St. Lucie, FL",127099,11084.849577403365,13822.619490778912,2.1408382162858217,19237.60039024697,69259.0,13.640905106103649,10.87236538497689,6.751277193368949,5.177954462659293,5.894666498921535,45.10570836715707,3123976.2558009317,0.0
"Portland-South Portland, ME",487568,20811.62746290607,69804.32912273626,1914.6743691655915,72451.05721872643,233323.0,16.39954135160038,15.098079472045113,7.330094638369824,5.346528947509971,6.038928089388264,51.51463437846881,12019549.03708748,0.0
"Portland-Vancouver-Hillsboro, OR-WA",1924258,79652.70985889145,243074.3368941625,234.9373257569838,187941.34292720596,1470743.0,17.21498795483973,11.26215877088677,7.755042045167792,5.715961323485922,6.477216385173742,54.378195663506915,79976350.62473315,0.0
"Poughkeepsie-Newburgh-Middletown, NY",626072,15082.853942207897,67553.65696354165,773.6493873249099,47527.90171283364,230375.0,16.679352066353452,12.025594818586038,8.317083866898637,5.998711990770733,6.777012152746358,54.451512143122635,12544267.109971877,0.0
"Prescott Valley-Prescott, AZ",170324,11499.796911883906,31087.578731195536,1.2283307511791235,23874.317195462765,83711.0,16.116044630577285,12.514816846237148,7.038466687020032,4.659903039693615,5.1533310471631335,49.083790035031356,4108853.14762251,0.0
"Providence-Warwick, RI-MA",1582997,46389.41057498513,256975.019621496,2310.9868629029415,138776.04841486117,656755.0,15.34599622496037,12.993377769889515,7.529125072437508,5.312533177834145,5.96456778594731,49.498218486139706,32508202.481864683,0.0
"Provo-Orem, UT",376426,25392.856026948568,126311.74071741069,59.20316298178424,61849.693805173854,106961.0,19.475636560460543,14.206545822784816,10.805883042228041,5.861011875408695,6.234874362958504,61.85304240151632,6615863.268308587,0.0
"Pueblo, CO",141544,9397.879826614764,59402.4046966769,0.4432629894922496,23250.0432656983,59208.0,15.630220623790057,16.314446016932244,7.57085577629571,4.634157393993051,5.043289798946666,48.50874421681554,2872105.7275892147,0.0
"Punta Gorda, FL",139499,11301.724878536048,13509.471038437978,1.3762135193411118,18670.065577531022,89222.0,13.03458695957716,11.017413619273237,6.584015154230498,4.731275446487971,5.314832733953508,42.6992972538263,3809716.69958089,0.0
"Racine, WI",198419,10568.849636260367,68404.42022346286,29.398417291856685,24881.84098801022,78566.0,17.216801399182035,16.60453615375609,7.809103614069215,5.614099052148483,6.331666628717603,54.188472093299374,4257371.498482158,0.0
"Raleigh-Cary, NC",804481,35868.22617458077,89564.21589662395,115.66589164146853,72828.64816617624,332538.0,16.742448947811265,12.585565719857755,7.6301235981483355,5.872149257630544,6.705320010034747,53.69249076143616,17854793.492826458,0.0
"Rapid City, SD",113026,22004.882924161902,103811.56691901435,12.754035092025912,50748.57442468376,47340.0,16.457125225342107,17.037609547084447,7.629533736172231,4.880191402382123,5.365784428251655,50.78976001749023,2404387.2392279874,0.0
"Reading, PA",371838,10227.852460005503,38951.98267318366,336.67495394720777,22553.136938666838,149416.0,15.67869313037949,15.08288749771819,7.682676407467768,5.41704494298608,6.082676051995523,50.539783663208354,7551452.315821939,0.0
"Redding, CA",169329,6746.07659635272,39054.76384142952,15.78837876801949,24200.350749133344,71183.0,16.248902559554555,8.159394531622304,7.609026097124534,4.699278385375469,5.124911956457823,49.93102155806694,3554239.9075678787,0.0
"Reno, NV",341877,13734.306644239037,71481.86382866782,103.45640436175788,47558.24040370858,144449.0,16.236462518145295,9.880756809609924,7.66121188690727,5.533739226400553,6.243639538770543,51.91151568836895,7498566.529669207,0.0
"Richmond, VA",742918,169595.13863436083,363246.10757876746,2040.5603294375549,403675.44299004035,602748.0,19.19372280609474,14.497551593882097,7.715847853243983,6.07152111403522,6.961970004566642,59.136784584035325,35644578.634458125,0.0
"Riverside-San Bernardino-Ontario, CA",3251985,17065.563887349505,87488.83847041697,0.5621047619144708,48845.628828378794,1185471.0,16.612678827995897,9.075563175240015,9.445126502073593,5.529771780343039,5.982710546884613,54.18296648529303,64232335.462286815,0.0
"Roanoke, VA",150038,48552.71329777656,124634.26127850675,551.7746692199055,118946.03188604813,115892.0,19.31462660296597,17.375262203695055,7.333822178802646,5.439429107249514,6.162546836348355,57.56505132833245,6671328.928543105,0.0
"Rochester, MN",185209,48797.4224606997,226805.84495696306,130.009445765983,108921.58871164842,73764.0,17.402199824571813,18.234721745271084,7.659390439592031,5.598713689267645,6.331850148633111,54.394353926636406,4012345.123044408,0.0
"Rochester, NY",1067482,48149.33311420291,304908.30297343014,852.9921411172742,132454.95824103826,441250.0,14.613700232094855,10.3316035111873,7.581369118909515,5.415291508311152,6.095717103366512,48.319778194776895,21321102.128445305,0.0
"Rockford, IL",318682,24625.23085188932,144287.92660478555,16.032329341272906,54201.13569389707,129094.0,17.067316691935083,17.825682153352496,7.741582748913544,5.442563543507482,6.108322931403578,53.42710260769478,6897118.38403775,0.0
"Rocky Mount, NC",144522,23121.890219950834,67434.46380194131,78.31456703492273,40810.08606101241,91595.0,13.91140853969663,12.117836704343928,7.823298313616139,4.696310172439889,5.089855812919663,45.432281378368955,4161369.812851704,0.0
"Rome, GA",87182,12902.980567422368,40882.22664575923,2.0744764360186325,24011.929412034595,35300.0,16.139244203297075,15.161310241485065,7.6335912229588665,4.717880499895342,5.145221298872786,49.77518142832115,1757063.9044197365,0.0
"Sacramento-Roseville-Folsom, CA",1803106,29293.643398597244,164087.9346960184,11.937076660604056,103251.6049967393,714994.0,16.653778186406484,8.400427076077648,8.08414516248456,5.627104224270637,6.309329842347301,53.32813560191547,38129296.98655595,0.0
"Saginaw, MI",209068,11338.263697841088,70874.05348958018,21.08308929278578,23879.94980580481,85150.0,16.228218286670817,18.19233955488596,7.658160502802916,4.992764053245693,5.512404732876485,50.61976586226674,4310273.063172013,0.0
"Salem, OR",348919,21851.255756377654,70005.77295161653,60.11233726289725,51581.586686074515,219976.0,17.388629565085232,10.668310935385882,8.019738499905072,5.192522464942845,5.731497097319058,53.72101719233745,11817334.477901623,0.0
"Salinas, CA",388409,6359.510526552472,38443.649210241,0.616387021399673,24315.98258279288,129027.0,16.639437888558266,7.59985012782743,10.054030364898859,5.833398826816225,6.3039639044502085,55.470268873281825,7157162.381912934,0.0
"Salisbury, MD-DE",319776,43217.98208568833,109184.70972856127,808.1380453311253,83882.99664743408,188044.0,14.329909624543786,12.783512915934647,7.346077738907577,4.930421078584122,5.474863881617646,46.41118194819691,8727344.29826674,0.0
"Salt Lake City, UT",939115,24829.11311501641,142297.85486135655,17.92139388022335,56659.848360160584,324775.0,17.889844594011063,13.914456151417722,9.309662749506604,5.951053473388814,6.571186030326067,57.611591441243604,18710804.610329892,0.0
"San Angelo, TX",106309,34292.61411057147,85793.62358781222,4.894035125826217,81641.23416793623,45120.0,15.625584436924653,11.956642334211317,7.605756256763059,4.640448246342459,5.04462464386776,48.54199802082259,2190214.950699515,0.0
"San Antonio-New Braunfels, TX",1704549,101015.80074894123,210169.4159167274,6.62341244357858,229538.49981158157,1137995.0,17.735960374072732,12.775222599806003,8.296838040395976,5.3367242037892915,5.886551045572494,54.992034037903224,62580659.77496368,0.0
"San Diego-Chula Vista-Carlsbad, CA",2813659,6875.857284223691,33259.03895122045,0.8454826511707294,23111.053156405946,1040131.0,16.089899804424103,7.550214744072121,8.461206340213934,5.72271082179834,6.384614633163143,52.748331404023624,54865174.6915985,0.0
"San Francisco-Oakland-Berkeley, CA",4093415,32343.644182953674,228509.9116050486,3.687935644348027,116063.83438641668,1599438.0,16.505147811638988,8.01848313170596,8.028044645429963,6.612190607321187,7.647158021403286,55.297688897432415,88445224.93473151,0.0
"San Jose-Sunnyvale-Santa Clara, CA",1759816,14173.016606564051,104965.07376242233,1.5358036401009243,61418.25284295273,604935.0,20.139841124745242,8.316734905432483,9.221185998501234,7.4967979307590955,8.670041925571192,65.667708104322,39724695.00208803,0.0
"San Luis Obispo-Paso Robles, CA",245489,6549.039409746142,37336.05196754912,0.6317295052012595,25256.418434227195,101633.0,17.22316861054576,7.739378389173926,7.545244960059312,5.193945913556529,5.802095262319546,52.987623357026905,5385291.124644715,0.0
"Santa Cruz-Watsonville, CA",274533,6266.219163482342,41799.65112929688,2.5949414241692095,25872.93860483075,119876.0,18.032041676884496,7.881973186703421,8.582954836030641,6.136005114118468,6.925799613241395,57.708842917159494,6917905.253537412,0.0
"Santa Fe, NM",126902,11980.726120523517,36076.24925398064,1.2268696001558026,23746.163228317913,56575.0,16.32492118376563,13.193277843789247,7.308334462813826,5.18451172836948,5.821534264333292,50.964222823047855,2883300.906213932,0.0
"Santa Maria-Santa Barbara, CA",399242,6714.483699131517,36519.552198179976,0.16808122691490768,24462.13153175267,142880.0,16.844607858093774,7.6903014579474975,8.608410738349171,5.642654727852341,6.2541537192386,54.19443490162766,7743300.85874456,0.0
"Santa Rosa-Petaluma, CA",458408,7065.380899674001,47381.48544052758,1.019226790543483,26347.344007957978,183161.0,18.3169396768902,8.649059125293185,7.853833419137535,5.940675822477616,6.765086133303909,57.19347472869946,10475614.02478332,0.0
"Savannah, GA",296153,42756.151838340884,92101.98710091693,14.790466453573728,83282.47563720464,123749.0,15.311538862936114,15.138354850968515,7.702975947562312,5.079595723434063,5.623949677718484,49.02959907458708,6067363.855881077,0.0
"Scranton--Wilkes-Barre, PA",556524,28642.086294882312,137664.2144875547,764.6747345576177,61042.58506731731,250316.0,13.274558871797419,13.981063629582575,7.130759316951807,4.667693797099125,5.150423177526119,43.49799403517189,10888243.874908088,0.0
"Seattle-Tacoma-Bellevue, WA",3057502,33982.596199525404,109501.10747669646,88.33733306371914,77164.95044825398,1295799.0,17.396039114086275,11.131498970739639,7.586663483226808,5.88715103941336,6.731694536823215,54.99758728763592,71265818.60973135,0.0
"Sebastian-Vero Beach, FL",112951,10689.956615365762,13791.000900278603,5.344970264492672,19477.127754513018,64414.0,13.758010672402749,10.684554895466711,6.8924731078078105,5.166107072553867,5.858654054050543,45.433255579217715,2926537.72487973,0.0
"Sebring-Avon Park, FL",88412,10550.724645470333,13967.305833250026,3.0340249652447087,17513.520789033162,48581.0,12.009875213165712,10.465374526275772,6.928292200153826,4.323229737343968,4.716190297507675,39.98746266133689,1942630.9235504076,0.0
"Sheboygan, WI",113305,10275.155694256468,65694.42351513983,35.013577199935646,24344.275177617936,45931.0,16.83872360388087,16.515877001984695,7.526148095847491,5.4697957883831565,6.175846904633719,52.84923799662611,2427418.350423034,0.0
"Sherman-Denison, TX",113684,11795.074321720003,32810.44658067375,0.3834950837128253,26762.067845958973,49561.0,17.93780259081978,12.749659500180663,7.584221086520531,4.873961037912439,5.36279390813835,53.69658121421088,2661256.2615575055,0.0
"Shreveport-Bossier City, LA",375761,40609.014358749344,99616.17691627334,1.5926035027079184,70003.71931007114,159687.0,14.927778116646783,16.985453517032774,7.700025440512476,4.65575835275286,5.0526385221808425,47.26397854873974,7547442.9425126035,0.0
"Sierra Vista-Douglas, AZ",119436,10821.440779849148,33208.48454858583,0.6769198429408633,22683.375037677084,51618.0,15.227065996106266,12.229188395378012,7.855161006731639,4.618421141441932,4.982938797981767,47.91065293836787,2473052.0833726726,0.0
"Sioux City, IA-NE-SD",147043,48418.494472737206,206163.55878465698,87.95359662264374,108977.78991318602,58505.0,16.57721129582392,16.915383700777664,7.846766114586611,5.052409905912566,5.566660824996716,51.62025943714372,3020043.2783700936,0.0
"Sioux Falls, SD",186288,49083.68200420383,192950.41823080246,237.24196751647563,119159.45029149967,129449.0,19.373862618622578,18.351464577805444,7.7933160356717925,5.500528928417534,6.182838633361142,58.224408834695616,7537091.4992425125,0.0
"South Bend-Mishawaka, IN-MI",42642,11411.750094578647,49420.00556518153,54.8489923907945,24686.225763331928,20748.0,16.788503980507564,16.967933582057576,7.635142113409314,5.085287779752222,5.642359968434114,51.93979782261078,1077646.9252235284,0.0
"Spartanburg, SC",249912,11643.096636191742,31348.436390667062,85.82516387737887,24024.209905886873,105557.0,16.282820932045315,12.614072852000355,7.5601843849034855,4.911663868725476,5.418238707582901,50.455728825302494,5325955.367612455,0.0
"Spokane-Spokane Valley, WA",458912,24002.511353668757,83003.2620419587,72.33487649449386,52121.126068330545,192989.0,16.62272237538273,12.685603015438588,7.511175225637857,4.944864709619729,5.470693573127264,51.17217825915031,9875667.510055158,0.0
"Springfield, IL",201569,25005.724713622905,113382.78359517682,2.893478338221642,53341.538476288384,90802.0,16.222977101523472,18.403123591984933,7.171696055974767,5.33283777632782,6.043408215548795,50.993896250898324,4630347.767374069,0.0
"Springfield, MA",680717,20744.37425202914,110409.4001290168,1168.0341270791985,68361.98182373616,276904.0,14.982306258046203,12.563364822354792,7.470918086410761,5.150177773087915,5.7533674123514,48.339075787942484,13385283.441984426,0.0
"Springfield, MO",373439,60265.581999844784,154164.19843909878,15.937121595781694,122044.82354854257,159052.0,15.23215463236485,17.551718648702042,7.3375127677959355,4.700921208111438,5.165906091431414,47.66864933206848,7581794.013564156,0.0
"Springfield, OH",143701,11562.904840781353,58340.92604478366,34.547693458734294,22239.013472418424,60708.0,15.29386055110598,16.86711716452088,7.47506593551889,5.061357446905388,5.632560805605127,48.75670529024137,2959922.064759973,0.0
"St. Cloud, MN",174942,22584.07309412775,100557.0047169493,101.63723943928187,52089.69602112197,92931.0,17.567082328540383,17.125880432204458,7.873268648258577,5.276193816226938,5.865742248568552,54.14936937013483,5032155.044935999,0.0
"St. George, UT",90354,11441.321843841846,38786.69083630274,3.0765679076385157,22855.760165570977,36478.0,15.417259489000836,10.802555771674921,8.972554286473205,5.040480691891605,5.391062677141786,50.238616633508265,1832604.2575571146,0.0
"St. Joseph, MO-KS",117231,49029.84228900048,163833.80621008354,27.669292446071815,103136.79941348296,49465.0,15.27893265161914,18.434299026259133,7.379626373058535,4.727901180080049,5.1958370881762015,47.86122994455307,2367455.7392073176,0.0
"St. Louis, MO-IL",751143,133455.98602060016,448157.3017807194,127.57397149076536,307589.1753537609,305404.0,18.18900394277602,17.68073189596062,7.817586442820757,5.315903402851206,5.92722353212811,55.438721263352114,16931207.22871279,0.0
"State College, PA",127233,8671.684168214633,30190.353715689926,258.8014086215398,20227.9057084247,53207.0,13.90348478935378,15.012739087941819,7.35819763740539,4.786585658483486,5.2801622538416035,45.23191512843804,2406654.5082388027,0.0
"Staunton, VA",40238,11756.513031460221,29352.05832433543,184.5729423227571,31582.40056662856,16062.0,21.119558950736273,16.541286528961887,7.749973408221084,5.238100226409519,5.841862232759329,61.06905376886248,980891.1416354692,0.0
"Stockton, CA",562825,7455.430389474416,42080.58973269434,0.848758822896867,24769.43108781593,188869.0,16.784258125989606,8.411171248016444,9.152604681739438,5.391558167555086,5.836128545699321,53.94880764697305,10189257.351476153,0.0
"Sumter, SC",137070,23593.41194013868,53812.29834062726,101.16404970631771,41537.60135972162,57027.0,14.24811942569202,12.072399743451255,8.036847614006858,4.5636466760927945,4.881464384352668,45.97819752583636,2621998.67030587,0.0
"Syracuse, NY",653657,23009.482519926532,156019.36762959696,486.305996254879,61905.65984120022,279999.0,13.823644588013664,10.382427631909982,7.511651368597355,5.122053685141422,5.7101159128483445,45.99111014261445,12877464.848821905,0.0
"Tallahassee, FL",320095,44616.10221086211,73480.59618039706,70.15409554815169,88612.8407504521,137285.0,14.416835678368113,10.834629726777152,7.258687923563637,4.944523885330204,5.505538140730382,46.54242130636045,6389576.309043694,0.0
"Tampa-St. Petersburg-Clearwater, FL",2392785,43286.89177071272,57324.14212852018,28.131320743735426,77116.43963154202,1186305.0,13.17574595008136,10.737800766887178,7.041493569447988,4.898678237869342,5.475313178700227,43.76697688618028,51920983.514960095,0.0
"Terre Haute, IN",185145,58690.17276961132,220547.41716949132,156.24080376505813,130816.23341345176,78929.0,16.26511371025096,15.862059740591326,7.309293632193486,4.655590597203921,5.109243467787742,49.60435511768707,3915222.145083923,0.0
"Texarkana, TX-AR",143104,39572.10576162046,100952.52575962902,1.5465891546729504,67679.12789083511,60508.0,15.337807669187427,13.714619485230946,7.5024203552449995,4.532921616851827,4.915730618451629,47.62668792892331,2881795.633203292,0.0
"The Villages, FL",43067,10757.092290330662,15878.796223638717,12.52825602916136,19941.99410221283,18826.0,13.394610002754588,10.898922971346087,7.228510692641697,4.232897854916775,4.548968283195552,42.799596836263206,805745.2100394911,0.0
"Toledo, OH",651651,46172.668313625574,229862.79534942267,68.33957318548904,93719.371144705,273671.0,14.522508803629167,16.22449555743995,7.450069984127772,5.126192823143649,5.723990356403532,47.34527077093329,12957027.597152084,0.0
"Topeka, KS",226620,65520.832281359435,217577.57618678652,8.65537701977846,149281.55356125304,97201.0,16.838646107051485,18.933858463192514,7.41263883574803,5.180869276243116,5.803066235229165,52.07386656132328,5061631.903627184,0.0
"Trenton-Princeton, NJ",358870,10442.488826249259,67218.16832038938,146.06225077618774,21231.015534873353,138312.0,15.549348896072505,14.69461239910475,7.871166634157219,6.542113036976303,7.574697814368736,53.086675277647274,7342524.23100195,0.0
"Tucson, AZ",846103,11920.124704831846,29406.794549504168,0.4070837815112684,21104.85543722218,368584.0,14.519595706381201,12.630277038348796,7.614480494691547,4.977326675739095,5.49860921038423,47.12960779357728,17371219.358987886,0.0
"Tulsa, OK",854083,102056.32746545189,286162.09199431195,4.6312612876077575,189834.15908180104,585806.0,17.492964581266374,18.51105662670152,7.705962806061538,4.902015623420432,5.384491159950341,52.97839875196506,31035063.859293643,0.0
"Tuscaloosa, AL",204909,53619.10512514764,120345.56254942005,19.925242394820778,86120.56044241352,90629.0,15.064816500417857,14.505216695187984,7.353450617163049,4.5330111531264174,4.936458246656071,46.95255301778124,4255262.927448496,0.0
"Twin Falls, ID",82851,20146.855035382916,75492.69986499747,104.43293566232492,55773.61645521752,32389.0,17.88237364896967,10.82597560622954,8.087728397201401,4.751109477652163,5.126407917735549,53.72999309052845,1740260.746209126,0.0
"Tyler, TX",176752,11783.90970651985,31009.866105463327,0.3499436851251039,25002.445986466915,72642.0,16.855065268708213,12.67103726399174,7.834914003801939,4.932194380666063,5.408600092605077,51.885839014489505,3769091.1176905464,0.0
"Urban Honolulu, HI",868588,5920.716853173786,24004.84334105487,0.43234178909851817,21022.557458772168,314342.0,14.94975919046215,9.495604865338294,9.20531266837672,6.1427957815289895,6.84423857289538,52.091865403725386,16374661.154737845,0.0
"Utica-Rome, NY",298916,14402.07705323361,99874.77769467387,468.92324139985,39017.49886234754,134513.0,13.278655184641304,11.022729264982022,7.334423693199806,4.734909093757196,5.212305525022183,43.83894868126179,5896908.503962567,0.0
"Valdosta, GA",114553,51506.782994981244,109887.27147929606,30.18238995714344,92312.64068849778,47318.0,14.84241185496524,14.182141065626029,7.876691221594504,4.550058351199371,4.8859471766799505,46.997520459404306,2223828.673098093,0.0
"Vallejo, CA",403407,7801.6375974065895,43043.795996999965,0.4204556514545523,27386.054969298995,137539.0,18.935374038968995,8.751511689537933,8.759519666242777,6.142157195146273,6.906808991079943,59.67923393040699,8208222.155554246,0.0
"Victoria, TX",90385,25320.39999884939,51883.92583530605,1.5480356891202336,51368.0416113107,36039.0,17.02944836849749,13.031124833729596,8.2146061184392,5.112201308986626,5.594770540422009,52.98047470484282,1909363.3278878303,0.0
"Vineland-Bridgeton, NJ",148172,9232.81780506668,46746.72635101015,315.84541805349994,19453.767965607538,53622.0,13.46744232082923,14.633781284669139,8.207376359906055,5.070490160434095,5.540174615430085,45.7529257774287,2453363.3860372817,0.0
"Virginia Beach-Norfolk-Newport News, VA-NC",241675,117398.9428451906,262157.7768410236,1197.1539860476264,248512.48004711242,154376.0,19.31778450262071,14.673591581559716,8.217787197726588,5.831909058763929,6.563243138730698,59.24850840046264,9146547.73282982,0.0
"Visalia, CA",364583,8269.185399683674,41335.15942100384,0.7066125056014787,23135.477649808137,118305.0,15.346713805934264,8.610501783369676,10.034969759972354,4.93420112424556,5.093736423377701,50.756334919464145,6004728.202647205,0.0
"Waco, TX",230134,23853.53531523676,62600.276985586825,1.1065046565972416,46543.241062835026,92802.0,16.04953400432109,12.496835398269372,7.820448326940959,4.667189424666283,5.049951471423029,49.63665723167245,4606381.064413667,0.0
"Walla Walla, WA",55372,11351.942246799299,41027.85015061097,48.48196379997737,23422.078090009392,6815.0,15.824301013109137,11.986232839580985,7.6464436899516,4.7951518946386,5.248509530773594,49.33870714158208,336243.28916988184,0.0
"Warner Robins, GA",138023,25171.93927161848,63190.26064735644,1.7342311838893336,49757.30305671804,54960.0,16.855918816481836,14.09778243870467,8.048196971451059,5.262615663751153,5.819865357835791,52.84251562600167,2904224.658805052,0.0
"Washington-Arlington-Alexandria, DC-VA-MD-WV",3818018,236192.4146459903,659483.2010490553,2300.193393968225,536530.3148425111,1661905.0,18.626795460512025,14.581481127355456,7.96613854751713,6.8979703807130885,8.042249435579357,60.15994928483362,99980120.51621142,0.0
"Waterloo-Cedar Falls, IA",163053,33569.250671490605,175464.00758263745,58.67542502263383,79940.18233243993,35859.0,17.113538887583015,11.420935985818556,7.365188589410996,4.946678912647756,5.494332937758024,52.0332782149828,1865861.3235110682,0.0
"Watertown-Fort Drum, NY",113221,6932.470465865066,42465.68627393095,200.4130764002955,18464.968919193438,54953.0,12.713145205394714,10.046364198100532,7.8691726799798625,4.75533154895799,5.162233740585265,43.213028380312544,2374685.548583315,0.0
"Wausau-Weston, WI",151952,19567.281239211916,111002.45805381461,118.96336248953185,51868.06666705359,64463.0,17.999772337166526,16.230007511778545,7.697911310808263,5.287450296896607,5.905313091762819,54.89021937380074,3538388.211493317,0.0
"Weirton-Steubenville, WV-OH",134852,37835.865174991166,160702.5082815418,275.7775176674009,66818.15975261625,60399.0,14.712829080012984,17.25048181277285,7.094710628394307,4.490896159591819,4.915272986160421,45.92653793417251,2773916.9646860855,0.0
"Wenatchee, WA",97749,21221.938704462933,47575.75440552076,19.393078957892133,50619.73347407795,42735.0,16.5801323525969,9.62203884535982,8.009554926666084,4.966140759128556,5.427524677533667,51.56348506852211,2203565.5344032925,0.0
"Wheeling, WV-OH",152042,36804.87284952498,162721.43866014038,151.89908281002596,62841.90065675047,68859.0,14.000074253157614,17.028123523402904,7.079460708042361,4.370690298455874,4.759823014363664,44.21012252717713,3044264.8270988897,0.0
"Wichita Falls, TX",151619,36662.500492150764,101309.99018745788,4.336110817434781,83883.06138191314,62216.0,16.556962147806246,12.884506783503397,7.640150450363633,4.70650495877802,5.131070483924278,50.59165018867842,3147610.108138817,0.0
"Wichita, KS",572308,54457.68318210088,195238.43273006377,4.8672068041585215,104805.34055467683,239013.0,15.97889933814943,19.514672869453975,7.707496301432979,5.354762951725201,5.995708288994479,51.01576621845152,12193431.331170753,0.0
"Williamsport, PA",121164,9090.489927639006,37919.38519783016,348.65426513003894,20395.020187514445,52115.0,13.924455634208238,14.493006543476957,7.32820367435872,4.654928749991413,5.1039692777643975,44.93601297053101,2341840.3159592235,0.0
"Wilmington, NC",198579,23167.135358543983,51729.721033499794,61.83406105048468,43380.497565418154,96825.0,14.308313045803132,11.370384821885168,7.027795007000369,4.998536440305228,5.611996998845637,46.2549545377575,4478635.9731183695,0.0
"Winchester, VA-WV",77510,24111.350189369434,55845.411000412794,287.3548924404721,56477.837658723016,44379.0,20.22829374134173,15.97629728756877,7.805478049322984,5.273427684296752,5.870787054618913,59.40628027092211,2636391.312143252,0.0
"Winston-Salem, NC",564275,54134.02529195644,135232.1229045211,787.2333969756941,127424.23629903332,243778.0,15.966964516909815,12.687544865648722,7.347235463030567,5.081194069314854,5.677668091023176,50.040026657188236,12198657.618436033,0.0
"Worcester, MA-CT",858888,14353.962029761082,63338.25266372011,989.4465550442234,50596.16041096844,341716.0,17.11521355316491,13.699771711444187,7.695871519196691,5.663413899346768,6.414267260687965,54.00397978556124,18454023.956402846,0.0
"Yakima, WA",223444,10904.201629613255,35026.301318070335,36.84680549190511,25270.202023773294,79421.0,16.793236084127834,10.812622875200338,9.075718435044127,4.896840974326341,5.1815301710615485,52.74056174868768,4188708.1546425247,0.0
"York-Hanover, PA",378985,11437.680564587017,48821.399761493754,177.07492758436328,23741.76203279813,155267.0,16.397364317460493,14.406174823506191,7.59218977004367,5.373498438751007,6.037303396577974,51.797720240293636,8042476.628549672,0.0
"Youngstown-Warren-Boardman, OH-PA",592236,32983.81307058825,193107.80208518548,174.54021554079623,63030.01188681439,254138.0,14.373673765158408,17.002999914224194,7.3550324372299,4.818378112416794,5.3222540923483335,46.24301217231184,11752106.627446987,0.0
"Yuba City, CA",137922,13653.787386299693,85954.26350867834,2.2791898472795697,48561.160385367664,50482.0,16.305464756135283,8.272131645104276,8.656317288101501,4.846925540218872,5.173617792184606,51.28779013277554,2589110.2214827747,0.0
"Yuma, AZ",159970,11141.706514817706,24282.85394152645,0.8263678149897097,18570.17138213415,74092.0,12.558690115795544,11.538578734698628,8.920367131337127,4.681700914291572,4.911253740936458,43.63070201815625,3232685.973929233,0.0
