msa,n,m,k_avg,edge_length_total,edge_length_avg,streets_per_node_avg,intersection_count,street_length_total,street_segment_count,street_length_avg,circuity_avg,self_loop_proportion,node_density_km,intersection_density_km,edge_density_km,street_density_km,builing_area_sqkm,area_sqkm
"Abilene, TX",14357,39401,5.488751132,17168965.93,435.7494971,2.881451557,11912,8925436.12,20606,433.1474386,1.067840256,0.004464719,2.012523449,1.669790299,2406.69684,1251.142264,7.048504742,7133.829924
"Akron, OH",26865,70900,5.278243067,15191985.93,214.2734264,2.756895589,21200,8039294.972,36980,217.3957537,1.056240312,0.015089237,11.23130281,8.862967412,6351.230011,3360.943838,14.30709734,2391.975398
"Albany, GA",8466,22838,5.395227971,9545102.272,417.9482561,2.837467517,6957,4989592.979,11954,417.3994461,1.052833088,0.00292789,2.028965266,1.667317666,2287.583389,1195.808038,6.979580448,4172.570196
"Albany-Lebanon, OR",7132,17906,5.021312395,8280294.43,462.4312761,2.568143578,5101,4225438.91,9147,461.9480606,1.150205044,0.005466273,1.193324082,0.853497777,1385.456359,706.9991601,7.51970454,5976.582645
"Albany-Schenectady-Troy, NY",36977,96867,5.239310923,27872441.86,287.7392906,2.755794142,30254,14555424.69,50900,285.9611924,1.091565223,0.033320236,4.96265338,4.060364966,3740.737967,1953.471821,41.4554656,7451.054339
"Albuquerque, NM",56267,139711,4.966001386,41850187.61,299.5482647,2.72033341,43144,22270600.9,76552,290.9212157,1.089402586,0.003762149,2.336804279,1.791797747,1738.064896,924.912213,75.87954764,24078.61048
"Allentown-Bethlehem-Easton, PA-NJ",36264,97249,5.36339069,21698849.6,223.1267118,2.814637106,29337,11406213.69,50956,223.8443694,1.071431612,0.005318314,9.496541511,7.682551244,5682.330298,2986.972804,24.56592019,3818.653344
"Altoona, PA",7387,19256,5.213483146,4506170.261,234.0138274,2.755516448,5646,2403920.07,10142,237.0262345,1.077541387,0.003746796,5.408914426,4.134118161,3299.511213,1760.200074,2.214894826,1365.708425
"Amarillo, TX",17675,48852,5.527807638,20509683.94,419.8330455,2.962602546,14816,10954097.93,26126,419.2795657,1.051943426,0.002143459,1.315304419,1.102548813,1526.250519,815.1611553,20.82193669,13437.95379
"Ames, IA",6597,19097,5.789601334,8720754.905,456.6557525,3.014855237,5597,4522072.175,9901,456.7288329,1.032120001,0.016058984,2.219848267,1.883354668,2934.478196,1521.648337,7.026282832,2971.824741
"Ann Arbor, MI",12496,31721,5.076984635,8388334.794,264.4410578,2.758642766,10159,4447092.615,17167,259.0489087,1.060054048,0.018465661,6.675045017,5.426679123,4480.834856,2375.523639,20.4460916,1872.0473
"Anniston-Oxford, AL",10739,27487,5.119098613,6447881.51,234.5793106,2.646615141,8080,3334313.133,14184,235.075658,1.079603251,0.007191201,6.769308929,5.093213162,4064.410269,2101.77816,1.674806444,1586.424864
"Appleton, WI",11584,30380,5.245165746,9483610.09,312.1662307,2.843232044,9387,4909793.807,16384,299.6700322,1.047988472,0.005615234,4.298777925,3.48347966,3519.331294,1822.005631,33.44992959,2694.719337
"Asheville, NC",39255,88100,4.488600178,23134697.79,262.5958886,2.301439307,24634,11965018.66,45156,264.9707382,1.194750188,0.007994508,7.427420555,4.660987848,4377.305563,2263.895695,10.78428252,5285.145726
"Athens-Clarke County, GA",11515,28029,4.868258793,9397343.401,335.272161,2.583673469,8571,4873670.081,14839,328.4365578,1.086121403,0.009367208,4.306523095,3.205489314,3514.535509,1822.715828,16.27856703,2673.850748
"Atlanta-Sandy Springs-Alpharetta, GA",250655,575914,4.595272386,128448503.1,223.0341736,2.4772137,173864,68248984.79,310903,219.5185791,1.089081283,0.008417416,10.94539698,7.592150568,5608.983892,2980.240698,445.2676843,22900.49419
"Atlantic City-Hammonton, NJ",12717,33807,5.316820005,6918526.678,204.6477557,2.897538728,10507,3732094.507,18410,202.7210487,1.051000261,0.010646388,7.221586112,5.96659631,3928.814671,2119.339613,5.777397852,1760.970485
"Auburn-Opelika, AL",9142,21769,4.762415226,5782902.417,265.6485101,2.478451105,6326,3006122.504,11301,266.0049999,1.077776798,0.01256526,5.712743194,3.953053319,3613.677141,1878.495501,4.330159621,1600.281982
"Augusta-Richmond County, GA-SC",37974,94149,4.958603255,30318880.46,322.0308283,2.626033602,28632,15798563.06,49810,317.176532,1.083787966,0.008954025,4.093068635,3.086131068,3267.953301,1702.865195,31.32629075,9277.635775
"Austin-Round Rock-Georgetown, TX",87049,214823,4.935679904,47402749.32,220.6595631,2.704901837,67750,25931301.05,117895,219.952509,1.07879374,0.003876331,7.855598299,6.113990796,4277.785579,2340.128944,152.2866168,11081.14197
"Bakersfield, CA",41727,108328,5.192225657,35767635.08,330.1790403,2.744002684,32222,18978067.02,57222,331.6568281,1.076372985,0.002848555,1.974703422,1.524885414,1692.680312,898.1248087,54.93725626,21130.76806
"Baltimore-Columbia-Towson, MD",91320,218780,4.791502409,42454624.84,194.0516722,2.66325011,68878,23469613.14,121763,192.7483155,1.081403483,0.01955438,11.32778235,8.543966195,5266.280662,2911.286351,151.8066262,8061.595567
"Bangor, ME",9041,21349,4.722707665,11606909.53,543.674623,2.442539542,6178,6016368.348,11001,546.8928596,1.090223337,0.014907736,0.982139723,0.671127,1260.878985,653.5686695,10.06357894,9205.411197
"Barnstable Town, MA",23380,59937,5.127202737,9525890.585,158.9317214,2.653421728,18474,4922310.03,31060,158.4774639,1.120357534,0.058435287,8.340709887,6.590516443,3398.318639,1756.011973,29.23638233,2803.118717
"Battle Creek, MI",6826,18810,5.511280398,6619370.204,351.9069752,2.848666862,5621,3439490.942,9661,356.0181081,1.04299141,0.006728082,3.669016105,3.021321349,3557.951345,1848.747093,2.746272717,1860.444273
"Bay City, MI",4978,13969,5.612294094,4711197.51,337.2608998,2.904379269,3969,2461823.955,7179,342.9201776,1.029977188,0.006128987,4.240714915,3.381156589,4013.428194,2097.206421,1.111392428,1173.858677
"Beaumont-Port Arthur, TX",28576,72659,5.085316349,19188755.62,264.0933073,2.691384378,21535,10114921.83,38424,263.2448946,1.073070188,0.004554445,4.21060838,3.1731331,2827.419345,1490.410646,11.70227903,6786.667726
"Beckley, WV",10967,25596,4.667821647,8739234.813,341.4297083,2.387435032,7252,4548089.799,13054,348.4058372,1.180773044,0.0062816,3.315569564,2.192441914,2642.066286,1374.989342,1.689917775,3307.727312
"Bellingham, WA",9509,23068,4.851824587,6308885.126,273.4907719,2.535282364,6590,3262893.232,12058,270.59987,1.095053619,0.008044452,1.467396782,1.016946555,973.5658569,503.5186696,9.724309869,6480.183216
"Bend, OR",12623,32310,5.119226808,9682531.408,299.6759953,2.691673929,9764,4949627.794,17008,291.0176266,1.106931369,0.029574318,1.596181469,1.234660213,1224.358489,625.8816576,14.7799748,7908.248683
"Billings, MT",13038,33362,5.117656082,16933092.5,507.5562765,2.667587053,9776,8766506.81,17353,505.1868155,1.099654307,0.004091512,0.772427427,0.57917246,1003.189529,519.3657234,17.54170936,16879.25563
"Binghamton, NY",10477,26912,5.137348478,10415024.98,387.0030091,2.680347428,8245,5483928.64,13961,392.8034267,1.071674919,0.005228852,3.268159338,2.571916936,3248.827063,1710.637835,8.83843014,3205.780048
"Birmingham-Hoover, AL",78431,189591,4.834593464,47035196.51,248.0877073,2.524945493,55084,24575308.49,98997,248.2429618,1.092674638,0.006414336,6.638502561,4.662381904,3981.120635,2080.086297,30.12432051,11814.56199
"Bismarck, ND",6859,19081,5.563784808,12557890.12,658.1358482,2.90260971,5742,6520616.621,9904,658.3821306,1.06175898,0.002827141,0.609573394,0.510303313,1116.045443,579.5005689,10.45610603,11252.13153
"Blacksburg-Christiansburg, VA",9460,22150,4.682875264,7508689.06,338.9927341,2.507082452,6589,4031526.716,11835,340.6444204,1.140302117,0.008280524,3.352796176,2.335261523,2661.216064,1428.846444,5.934730948,2821.525527
"Bloomington, IL",9033,24503,5.425218643,9449337.034,385.6400047,2.94796856,7647,4997883.852,13257,376.9996117,1.043363873,0.005581957,2.940565208,2.489372539,3076.097833,1626.990299,4.594963851,3071.858422
"Bloomington, IN",7717,19047,4.936374239,6274297.861,329.4113436,2.593235713,5666,3223635.125,9956,323.7881805,1.084116346,0.011450382,3.730517989,2.739032646,3033.093306,1558.355426,10.20926877,2068.613534
"Bloomsburg-Berwick, PA",6107,16016,5.245128541,6281489.434,392.2008887,2.732438186,4861,3226310.006,8262,390.4998797,1.081946916,0.007746308,3.774581883,3.00446087,3882.429379,1994.100425,2.202038481,1617.927545
"Boise City, ID",43821,111007,5.066383697,34176719.23,307.8789557,2.631249857,33086,17426396.14,58009,300.4084907,1.127429862,0.007481598,1.431226799,1.08061363,1116.23734,569.159197,73.02067763,30617.78889
"Boston-Cambridge-Newton, MA-NH",166287,415686,4.999621137,70762208.69,170.2299541,2.696398396,132633,38059163.87,224475,169.5474501,1.09393378,0.028399599,15.00022894,11.96440711,6383.236998,3433.197853,271.7819726,11085.6308
"Boulder, CO",14392,36240,5.036131184,6702837.937,184.9568967,2.743468594,11311,3553050.399,19740,179.9924214,1.119517055,0.013069909,7.501685798,5.895745418,3493.787115,1851.99192,18.20133491,1918.502106
"Bowling Green, KY",11171,27250,4.878703787,11050134.45,405.5095211,2.543729299,8105,5722810.555,14160,404.1532878,1.098669496,0.014053672,2.631664371,1.909376039,2603.190862,1348.179808,6.751971606,4244.842208
"Bremerton-Silverdale-Port Orchard, WA",12374,28776,4.651042508,6541792.046,227.335003,2.385485696,7977,3379408.285,14763,228.9106743,1.104954459,0.00921222,8.530875918,5.499498723,4510.038486,2329.829704,3.989498285,1450.495836
"Bridgeport-Stamford-Norwalk, CT",30857,77301,5.010273196,15506861.32,200.6036315,2.634086269,23833,8163304.715,40624,200.9478317,1.091871272,0.022572863,16.55330206,12.7852626,8318.688122,4379.221853,68.32242502,1864.099374
"Brownsville-Harlingen, TX",15184,40115,5.283851423,10338105.76,257.7117227,2.815595364,12290,5519015.506,21369,258.2720533,1.068539078,0.004445692,3.92006042,3.172915079,2668.993625,1424.846829,10.41596345,3873.409686
"Brunswick, GA",11009,27385,4.975020438,9346181.532,341.2883525,2.605141248,8082,4869108.121,14310,340.259128,1.092856361,0.011530398,2.648827695,1.944574933,2248.744163,1171.534966,2.377118693,4156.178229
"Buffalo-Cheektowaga, NY",30091,81425,5.411917185,20889065.32,256.543633,2.87195507,25522,11079167.47,43224,256.3198102,1.057046345,0.013834907,4.927418712,4.179242311,3420.596568,1814.220103,45.0384901,6106.848587
"Burlington, NC",8557,21105,4.932803553,5343392.992,253.1813784,2.556854038,6132,2745265.954,10901,251.8361576,1.058958573,0.007247042,7.610602515,5.453805612,4752.41792,2441.641694,3.369490148,1124.352505
"Burlington-South Burlington, VT",10854,26095,4.80836558,9185818.647,352.0145103,2.480375898,7690,4727688.385,13448,351.5532707,1.088853476,0.024390244,2.788371538,1.975546077,2359.818985,1214.533972,8.325908386,3892.594603
"California-Lexington Park, MD",8149,17889,4.390477359,4592195.503,256.7049865,2.288378942,4935,2365902.454,9325,253.7160809,1.082983037,0.006756032,4.118711144,2.494274082,2321.012001,1195.787066,1.988754501,1978.531564
"Canton-Massillon, OH",19333,52480,5.429059122,12510681.19,238.3895044,2.80060001,15322,6435014.273,26977,238.5370602,1.050764593,0.004077548,7.627583905,6.04509598,4935.92668,2538.851254,7.337700607,2534.616497
"Cape Coral-Fort Myers, FL",43551,110468,5.073040803,19121296.6,173.0935348,2.856214553,36063,10604652.34,62302,170.2136743,1.082065206,0.023177426,13.87776455,11.49167236,6093.10583,3379.230516,48.06235504,3138.185538
"Cape Girardeau, MO-IL",8862,21982,4.960956895,9437404.864,429.3242136,2.561611374,6369,4811705.715,11299,425.8523511,1.093434879,0.006106735,2.344863759,1.68522199,2497.114493,1273.16569,1.151353718,3779.324051
"Carbondale-Marion, IL",15822,39644,5.011250158,11298887.85,285.0087744,2.573821262,11281,5814306.295,20298,286.4472507,1.079882993,0.013351069,4.371623588,3.116943856,3121.886276,1606.494662,4.213465855,3619.250304
"Carson City, NV",2699,7017,5.199703594,1100686.817,156.8600281,2.77510189,2137,597034.722,3747,159.3367286,1.072419521,0.002668802,6.614549056,5.237232802,2697.497942,1463.177272,5.665095042,408.0399098
"Casper, WY",5774,15528,5.378593696,8166183.904,525.9005605,2.772081746,4557,4216255.107,7972,528.8829788,1.107974499,0.002257903,0.414934085,0.327477421,586.8424055,302.9906402,1.39666455,13915.46321
"Cedar Rapids, IA",14163,38954,5.500811975,15512251.31,398.2197287,2.883005013,11677,8088962.18,20346,397.5701455,1.041429943,0.00673351,2.710385107,2.234637216,2968.592454,1547.99143,14.45945953,5225.456694
"Chambersburg-Waynesboro, PA",7228,18575,5.139734366,6737179.098,362.7014319,2.641117875,5526,3456835.8,9498,363.9540745,1.079661928,0.009791535,3.607829782,2.758282702,3362.838322,1725.466955,4.745853125,2003.42046
"Champaign-Urbana, IL",10905,31189,5.720128381,12025524.02,385.5694,2.981292985,9329,6257414.635,16189,386.5226163,1.0277262,0.019828278,2.927356412,2.50429234,3228.15175,1679.750835,10.81752158,3725.204063
"Charleston, WV",19782,45587,4.608937418,17886359.72,392.3565868,2.399454049,12998,9318266.83,23627,394.3906052,1.168851043,0.006179371,2.86430973,1.882029009,2589.832887,1349.226688,13.04791451,6906.376009
"Charleston-North Charleston, SC",43999,105673,4.803427351,25334051.7,239.7400632,2.558285416,32118,13318320.74,56448,235.939639,1.084531167,0.010894983,5.583251257,4.075612261,3214.763427,1690.027752,29.04756082,7880.533756
"Charlotte-Concord-Gastonia, NC-SC",129839,307364,4.734540469,72915066.42,237.2270872,2.519535733,91507,38486169.04,163720,235.0731068,1.073943359,0.007940386,8.783879886,6.190639921,4932.856732,2603.669823,160.8779487,14781.50905
"Charlottesville, VA",13047,29496,4.521499195,11219546.87,380.375199,2.399938683,8629,5836539.311,15628,373.4668103,1.128937925,0.016124904,3.036180145,2.008063039,2610.911737,1358.226778,5.652871173,4297.175852
"Chattanooga, TN-GA",33250,80732,4.85606015,21448346.2,265.6734158,2.510827068,23525,11179346.88,41691,268.1477269,1.114239175,0.009402509,5.978718911,4.230056011,3856.650618,2010.170605,41.29371206,5561.39208
"Cheyenne, WY",6626,18189,5.49019016,8465060.044,465.3944716,2.889224268,5492,4472443.616,9546,468.5149399,1.072648558,0.002618898,0.953518214,0.790329313,1218.169172,643.609485,4.947734085,6949.002027
"Chicago-Naperville-Elgin, IL-IN-WI",264614,704691,5.326180777,131327439.6,186.3617381,2.892110773,218762,71755042.28,383224,187.2404711,1.05854223,0.012705363,10.66710724,8.818723556,5294.065629,2892.585923,334.4766885,24806.53789
"Chico, CA",13425,32244,4.803575419,10575261.23,327.9760958,2.476424581,9020,5410187.616,16600,325.9149166,1.14532689,0.00439759,3.092410984,2.077731625,2435.981675,1246.221498,7.338830056,4341.2729
"Cincinnati, OH-KY-IN",79943,190256,4.759791351,51731287.07,271.9035776,2.524361107,55840,27295976.97,101209,269.6991075,1.077466845,0.009159264,6.660834129,4.652577183,4310.240076,2274.295123,142.4789946,12001.95027
"Clarksville, TN-KY",17867,44029,4.928527453,16351882.21,371.3889075,2.558683607,13006,8510266.797,22809,373.1100354,1.098384506,0.008724626,3.078206051,2.240731398,2817.174833,1466.186531,5.439656462,5804.354779
"Cleveland, TN",7410,18105,4.886639676,6093387.562,336.5582746,2.547368421,5379,3153172.187,9395,335.6223722,1.129790839,0.00777009,3.696985467,2.683682163,3040.103274,1573.175675,4.206522086,2004.335713
"Cleveland-Elyria, OH",56679,149681,5.281709275,34623033.72,231.3121486,2.774307945,46048,18464610.53,78691,234.6470439,1.058641381,0.022785325,5.50598819,4.473257188,3363.397638,1793.714206,57.85508304,10294.06494
"Coeur d'Alene, ID",10319,26047,5.048357399,9557349.553,366.9270762,2.663339471,7775,4971967.375,13715,362.5204065,1.215881015,0.005176814,3.025890879,2.279901307,2802.54839,1457.95433,2.297386408,3410.235337
"College Station-Bryan, TX",15470,38345,4.957336781,12708179.94,331.4168717,2.664124111,11613,6708741.131,20592,325.793567,1.075942408,0.004613442,2.792992666,2.096640196,2294.366734,1211.212978,6.270639151,5538.861663
"Colorado Springs, CO",37008,91141,4.925475573,20661306.54,226.6960703,2.679609814,28150,11026795.96,49654,222.0726621,1.10015363,0.007652958,5.317528875,4.044758913,2968.739034,1584.395426,35.79102937,6959.623702
"Columbia, MO",13860,34171,4.930880231,12692942.32,371.4536395,2.574603175,10133,6554215.299,17795,368.3178027,1.086043626,0.008766507,3.094361064,2.262277104,2833.805663,1463.283451,5.401290671,4479.115305
"Columbia, SC",50727,125470,4.946872474,37973470.13,302.6497978,2.585526445,37579,19622567.78,65592,299.160992,1.080321004,0.00910172,5.107705333,3.783832253,3823.55148,1975.797783,44.48222709,9931.465637
"Columbus, GA-AL",20876,52155,4.996646867,17559227.33,336.6739014,2.636280897,15725,9247185.598,27444,336.947442,1.083183609,0.005830054,2.862722049,2.156366365,2407.893621,1268.064864,15.59381207,7292.360082
"Columbus, IN",4766,12698,5.328577423,3801103.612,299.3466382,2.875786823,3972,1975485.805,6813,289.9582864,1.059961629,0.015411713,4.484794818,3.737642681,3576.829581,1858.927508,4.749489744,1062.701906
"Columbus, OH",78973,203726,5.159383587,51632759.87,253.4421717,2.717346435,62243,27267990.77,107271,254.1972273,1.067825997,0.012743426,6.28641928,4.954675588,4110.077838,2170.590238,79.25886332,12562.47738
"Corpus Christi, TX",18373,49267,5.362978283,13539040.27,274.8095128,2.915582648,15654,7410486.076,26774,276.7791916,1.046861376,0.002091581,3.526640218,3.004736623,2598.776679,1422.419759,29.25711022,5209.774421
"Corvallis, OR",4224,10374,4.911931818,3355752.564,323.4772088,2.53125,2948,1693206.594,5329,317.7343956,1.128175334,0.003377744,2.401992137,1.676390345,1908.260244,962.8477568,6.088230391,1758.540311
"Crestview-Fort Walton Beach-Destin, FL",20707,50597,4.886946443,12353179.2,244.1484514,2.616699667,15504,6559571.917,27109,241.9702651,1.084494731,0.014460142,3.445773508,2.579961968,2055.645802,1091.553539,29.79200736,6009.390911
"Cumberland, MD-WV",7332,17325,4.725859247,5427516.959,313.2765922,2.488543372,5076,2831839.418,9094,311.3964612,1.123012799,0.005828018,3.743197109,2.591444153,2770.903681,1445.73556,3.173996495,1958.753383
"Dallas-Fort Worth-Arlington, TX",306229,762195,4.977941345,141165592,185.2092864,2.837203531,251068,80187102.4,434864,184.3958166,1.069254378,0.004353085,13.13155662,10.7661706,6053.391302,3438.542645,703.9591168,23320.08374
"Dalton, GA",6715,16341,4.867014147,5499575.242,336.5507155,2.493075205,4726,2809868.783,8341,336.8743296,1.101292601,0.005634816,4.064756073,2.860765033,3329.029317,1700.883276,13.68425376,1652.005651
"Danville, IL",6307,17356,5.503726019,6849589.432,394.652537,2.809735215,5005,3478837.51,8773,396.5390984,1.040297797,0.00467343,2.703933971,2.145741165,2936.552648,1491.445524,0.796811791,2332.527372
"Daphne-Fairhope-Foley, AL",17941,43038,4.797725879,11113367.95,258.2222212,2.551028371,12959,5858519.173,23067,253.9783749,1.077962486,0.016083583,3.418299773,2.469079023,2117.430642,1116.223998,7.774603461,5248.515693
"Davenport-Moline-Rock Island, IA-IL",21448,56885,5.304457292,18742820.01,329.4861564,2.818304737,17093,9883489.477,30173,327.5607158,1.045454553,0.005899314,3.576777631,2.850515668,3125.648049,1648.221003,15.55668144,5996.458883
"Dayton-Kettering, OH",35069,91624,5.225355727,19357781.58,211.2741376,2.766717044,27747,10306675.33,48469,212.6446869,1.051649779,0.007778167,10.48439157,8.29537235,5787.29254,3081.331659,38.72180243,3344.876978
"Decatur, AL",10821,27196,5.026522503,9943451.66,365.6218437,2.641622771,8148,5214131.347,14256,365.7499542,1.079158694,0.011924804,3.178201848,2.393123432,2920.459888,1531.426105,2.00525994,3404.75543
"Decatur, IL",6321,16968,5.368770764,5495405.667,323.8687923,2.869482677,5126,2921396.219,9030,323.521176,1.036979311,0.004429679,4.165895148,3.378322817,3621.781965,1925.36471,2.880985787,1517.320954
"Deltona-Daytona Beach-Ormond Beach, FL",32969,84130,5.103582153,16658144.86,198.0048123,2.750492887,26196,9033314.176,45455,198.7309246,1.069496072,0.010075899,6.362483961,5.055404466,3214.752631,1743.283586,47.14377825,5181.781235
"Denver-Aurora-Lakewood, CO",95402,234440,4.914781661,55081155.9,234.947773,2.690939393,73093,29614294.98,128377,230.6822482,1.105937957,0.005390374,3.004197753,2.301689968,1734.499117,932.5506636,140.3628023,31756.23173
"Des Moines-West Des Moines, IA",32219,86749,5.384959186,30190729.56,348.0239491,2.880319066,26345,15998990.15,46316,345.4311717,1.046169678,0.004749978,3.414488832,2.791977041,3199.537817,1695.532859,24.02033076,9435.965845
"Detroit-Warren-Dearborn, MI",146391,386138,5.275433599,71488192.03,185.1363814,2.904714088,124094,38576989.57,212881,181.2138686,1.056773601,0.009770717,13.46306951,11.41249221,6574.519598,3547.791135,168.922063,10873.5233
"Dothan, AL",12672,33332,5.260732323,12721966.38,381.6742583,2.794270833,10373,6554041.934,17654,371.2496847,1.055769726,0.008213436,2.828938076,2.315701914,2840.092731,1463.145421,8.589296021,4479.419365
"Dover, DE",8018,19869,4.956098778,5535471.315,278.5983852,2.714018458,6271,2941284.629,10857,270.9113594,1.070956152,0.008842222,3.879560463,3.034263366,2678.373118,1423.159336,3.922292185,2066.72897
"Dubuque, IA",5437,13784,5.070443259,4594720.733,333.3372557,2.695236344,4122,2450874.348,7296,335.920278,1.062229903,0.004111842,3.409677477,2.58500838,2881.46327,1537.004058,4.178573826,1594.57897
"Duluth, MN-WI",28903,71903,4.975469674,36662407.83,509.8870399,2.569525655,20073,18848106.97,37074,508.3915133,1.07256047,0.006824189,0.992437358,0.689243161,1258.870815,647.1842188,8.146157436,29123.24871
"Durham-Chapel Hill, NC",32806,76735,4.678107663,22182975.86,289.0855002,2.502682436,22928,11684310.67,41017,284.8650724,1.07283775,0.009483873,5.393155488,3.769257728,3646.779187,1920.846925,40.1391027,6082.895268
"East Stroudsburg, PA",12393,30460,4.915678205,8053570.426,264.3982412,2.534333898,9000,4182698.774,15674,266.8558616,1.107582851,0.00823019,7.752217707,5.629787732,5037.765776,2616.411805,4.473337454,1598.639314
"Eau Claire, WI",11281,29158,5.169399876,12205034.13,418.582692,2.798244836,8991,6422259.366,15721,408.5146852,1.055309617,0.006297309,2.583438416,2.059010265,2795.049557,1470.748299,4.936017033,4366.661086
"El Centro, CA",8682,24590,5.664593412,10563912.63,429.6019777,2.934922829,7203,5633911.168,12728,442.6391552,1.039543739,0.001964173,0.747863197,0.620462867,909.9702233,485.302329,2.804135232,11609.07507
"El Paso, TX",36058,94407,5.236396916,27296013.38,289.1312443,2.90157524,30026,14781606.42,52297,282.6473109,1.066989171,0.001873912,2.495141926,2.077739516,1888.829868,1022.857782,15.66735876,14451.28216
"Elizabethtown-Fort Knox, KY",9789,23366,4.773929921,8848936.064,378.7099231,2.500255389,6822,4643347.918,12207,380.3840352,1.088867812,0.012124191,3.109947093,2.167336711,2811.290529,1475.182997,2.822658648,3147.641972
"Elkhart-Goshen, IN",8987,23967,5.333704239,6075715.036,253.5033603,2.766440414,7078,3150972.787,12389,254.3363296,1.048368062,0.007425942,7.427976355,5.850140941,5021.727787,2604.356443,14.39998908,1209.885381
"Elmira, NY",4060,10714,5.277832512,3643954.371,340.1114776,2.774137931,3262,1904628.656,5590,340.7206898,1.07694695,0.007692308,3.814104917,3.06443602,3423.257213,1789.274267,9.168683255,1064.469931
"Enid, OK",4996,14594,5.842273819,7038374.335,482.2786306,3.038430745,4200,3620384.008,7525,481.1141539,1.016451267,0.003056478,1.820527653,1.530467602,2564.762832,1319.257246,1.56293119,2744.259332
"Erie, PA",10375,28802,5.552192771,8667464.753,300.9327392,2.962409639,9018,4579331.559,15415,297.0698384,1.046121181,0.011222835,2.578015947,2.240823885,2153.721672,1137.888172,13.18090381,4024.412655
"Eugene-Springfield, OR",19981,48470,4.851609029,18086616.89,373.1507509,2.496671838,13768,9223722.686,24933,369.9403476,1.215594057,0.004572254,1.634995609,1.126601248,1479.982944,754.7543211,22.56585975,12220.82793
"Evansville, IN-KY",17940,46366,5.169007804,14054670.46,303.1244977,2.692586399,13613,7387666.107,24107,306.4531508,1.067265234,0.006180777,4.585646872,3.479621565,3592.517037,1888.362763,5.695687476,3912.207045
"Fargo, ND-MN",11470,32019,5.583086312,16722478.06,522.267343,3.06277245,10011,8791460.623,17517,501.8816363,1.032649625,0.003368157,1.567202508,1.367852163,2284.874416,1201.2205,20.91615429,7318.773383
"Farmington, NM",15227,36902,4.846916661,19478288.1,527.8382772,2.517961516,10724,10051603.55,19159,524.6413459,1.10487081,0.006576544,1.057270881,0.744609767,1352.454641,697.9226199,6.130189815,14402.17477
"Fayetteville, NC",28238,67345,4.769813726,17358309.26,257.7520121,2.516077626,19787,9147120.946,35489,257.7452435,1.066937912,0.008396968,6.586184242,4.615087032,4048.623235,2133.459304,21.41226172,4287.459774
"Fayetteville-Springdale-Rogers, AR",33165,81981,4.943826323,24540541.44,299.3442558,2.534328358,23962,12564657.41,42007,299.1086584,1.116805496,0.009188945,4.796263446,3.465341917,3549.009553,1817.078458,23.3230803,6914.757785
"Flagstaff, AZ",13528,33471,4.948403312,26433157.61,789.7331303,2.567859255,9897,13537895.31,17351,780.2371802,1.134437623,0.008760302,0.280150928,0.204956663,547.4034326,280.3558498,9.565052256,48288.25694
"Flint, MI",15691,41778,5.325090816,9751182.48,233.4047221,2.800395131,12516,5125076.811,21930,233.701633,1.054887953,0.006748746,9.323495708,7.436930233,5794.092665,3045.289124,10.82173526,1682.952456
"Florence, SC",16532,41184,4.982337285,13118633.1,318.5371286,2.570529881,12123,6751439.017,21200,318.4641046,1.065581531,0.005660377,4.655891462,3.414188979,3694.588184,1901.40136,3.412404334,3550.770059
"Florence-Muscle Shoals, AL",13582,34548,5.087321455,10566238.34,305.8422583,2.656898837,10233,5457207.194,18026,302.7408851,1.078152648,0.012038167,3.90778651,2.944218772,3040.097456,1570.136994,16.48035799,3475.624875
"Fond du Lac, WI",5686,14590,5.131902919,5834534.021,399.8995217,2.750791418,4480,3044246.37,7751,392.7553051,1.042826497,0.011740421,2.866571328,2.258571852,2941.454086,1534.743116,10.04463916,1983.554341
"Fort Collins, CO",19068,47497,4.981854416,11747320.98,247.3276413,2.66603734,14490,6134766.297,25440,241.1464739,1.138713012,0.013561321,2.796143632,2.124822804,1722.63461,899.6060267,21.84953204,6819.392173
"Fort Smith, AR-OK",19351,49116,5.076326805,17781111.2,362.0227868,2.604206501,14118,9191933.222,25115,365.9937576,1.101177543,0.005773442,3.008420185,2.194867251,2764.356045,1429.031959,4.617606217,6432.279673
"Fort Wayne, IN",18120,46048,5.082560706,12251092.84,266.0504874,2.742163355,14008,6538892.762,24791,263.7607504,1.047873754,0.010164979,7.011609967,5.420454327,4740.611737,2530.251968,18.50030158,2584.285219
"Fresno, CA",35959,95037,5.285853333,29716786.13,312.6864919,2.904530159,29919,15804664.87,52211,302.7075688,1.061681593,0.002470744,2.30855753,1.920791255,1907.809182,1014.654971,11.42179111,15576.39328
"Gadsden, AL",7800,20157,5.168461538,6137888.249,304.5040556,2.696410256,6013,3176710.942,10470,303.4107872,1.084014412,0.005444126,5.490718374,4.232780715,4320.694331,2236.208351,0.755870346,1420.579143
"Gainesville, FL",22560,55964,4.961347518,16833001.66,300.7826756,2.691932624,17239,8895231.615,30399,292.6159286,1.06572548,0.005723872,3.183350592,2.432525747,2375.236959,1255.17025,13.20270304,7086.872572
"Gainesville, GA",9523,21807,4.579859288,5672624.004,260.1285827,2.472330148,6572,3008765.959,11737,256.348808,1.101133208,0.008946068,8.55750653,5.90569494,5097.502568,2703.720922,13.34660072,1112.824158
"Gettysburg, PA",5081,13177,5.186774257,5183975.177,393.4108809,2.676244834,3941,2659479.968,6749,394.0554109,1.064590356,0.004296933,3.759587636,2.916066694,3835.782126,1967.830743,2.264210808,1351.478006
"Glens Falls, NY",9435,23446,4.970005299,9944977.489,424.1652089,2.522522523,6867,5047179.596,11870,425.2046837,1.085326396,0.015248526,2.050563435,1.492445057,2161.39981,1096.932902,3.710902716,4601.174408
"Goldsboro, NC",7027,17508,4.983065319,5292363.476,302.2825837,2.591859969,5082,2778924.612,9060,306.7245709,1.058711067,0.005960265,4.864511662,3.518065784,3663.692023,1923.738606,2.725438509,1444.543767
"Grand Forks, ND-MN",8330,24585,5.902761104,18925593.48,769.8024601,3.083793517,7231,9741103.157,12740,764.6077831,1.02337989,0.004081633,0.936303708,0.812774564,2127.263308,1094.913687,7.550687359,8896.6859
"Grand Island, NE",6648,19555,5.882972323,10495036.79,536.6932648,3.093411552,5742,5364118.911,10204,525.6878588,1.025671836,0.003234026,1.581182853,1.365696743,2496.175124,1275.820223,5.736013751,4204.447313
"Grand Junction, CO",9597,23405,4.877565906,7739567.544,330.6800916,2.606439512,6991,4084635.461,12518,326.3009635,1.145234816,0.006550567,1.108017979,0.807143242,893.5688227,471.5900313,16.35104841,8661.411799
"Grand Rapids-Kentwood, MI",41944,107024,5.103185199,32135680.94,300.2661173,2.671848179,31834,16702068.58,55934,298.6031499,1.048117842,0.010458755,5.89111793,4.471148393,4513.520078,2345.838635,32.66899143,7119.87105
"Grants Pass, OR",4109,9556,4.651253346,4238863.338,443.5813455,2.392796301,2656,2178707.335,4907,443.9998645,1.197496027,0.005094763,0.967474818,0.625362161,998.0514817,512.9823518,0.635296476,4247.138966
"Great Falls, MT",5315,14237,5.357290687,7669220.702,538.682356,2.842144873,4193,3997783.119,7527,531.1256967,1.103694774,0.004251362,0.756954889,0.597161213,1092.239719,569.3586974,7.778645124,7021.554492
"Greeley, CO",16341,43636,5.340676825,17376604.66,398.2171753,2.79725843,12939,8990505.501,22773,394.7879287,1.041184321,0.004127695,1.571607051,1.244417332,1671.20705,864.6681251,7.562240654,10397.63724
"Green Bay, WI",17131,43524,5.081314576,16453309.24,378.0284266,2.765687934,13376,8662869.998,23605,366.9930099,1.05278788,0.004744757,3.473167655,2.711872661,3335.771494,1756.324784,41.5918121,4932.384988
"Greensboro-High Point, NC",38566,92562,4.800186693,25100065.05,271.1702972,2.560804854,27809,13458374.26,49325,272.8509733,1.065298026,0.008981247,7.374731879,5.317738911,4799.726441,2573.559656,41.19352118,5229.478255
"Greenville, NC",8731,21628,4.954300767,5788576.554,267.642711,2.599702211,6419,3058944.004,11337,269.8195293,1.056519209,0.006350886,5.141636129,3.780112509,3408.859735,1801.394687,3.377273173,1698.097606
"Greenville-Anderson, SC",53689,133955,4.990035203,35497650.15,264.9968284,2.573041033,39798,18289621.24,69080,264.7600064,1.086692204,0.007715692,7.433369907,5.510127877,4914.734199,2532.241616,37.0923047,7222.699889
"Gulfport-Biloxi, MS",31469,77164,4.904127872,19493610.65,252.6257148,2.592869173,23037,10355694.75,40805,253.7849466,1.076157527,0.006543316,4.0055289,2.932262521,2481.242519,1318.123696,44.57920086,7856.3907
"Hagerstown-Martinsburg, MD-WV",14569,34277,4.70547052,10447942.1,304.8091169,2.491111264,10147,5483989.768,18096,303.0498324,1.103905158,0.007570734,5.521856965,3.84585645,3959.917761,2078.50965,8.965994289,2638.424011
"Hanford-Corcoran, CA",6862,18396,5.361702128,8266131.669,449.3439698,2.83823958,5458,4261316.53,9701,439.2656974,1.046237395,0.00670034,1.901988013,1.512831619,2291.180901,1181.138583,1.468443336,3607.804021
"Harrisburg-Carlisle, PA",26930,70171,5.211362792,18787131.95,267.7335644,2.766208689,21559,9933869.201,37229,266.8314809,1.089729371,0.00824626,6.238314427,4.99412628,4352.025112,2301.173396,24.98377675,4316.871218
"Harrisonburg, VA",6267,15186,4.846337961,5555084.105,365.8029833,2.525450774,4384,2898894.484,7882,367.7866638,1.102944345,0.01027658,2.79097772,1.952392903,2473.929467,1291.008444,3.990995424,2245.44967
"Hartford-East Hartford-Middletown, CT",39460,100168,5.076938672,24164236.16,241.2370833,2.675798277,31262,12837578.62,52798,243.1451687,1.088179101,0.022784954,9.726955447,7.70613485,5956.524291,3164.484421,100.6102414,4056.767836
"Hattiesburg, MS",15780,39159,4.963117871,13789039.69,352.1295154,2.628707224,11956,7236546.661,20686,349.8282249,1.083362347,0.0175481,2.991202196,2.266337988,2613.80265,1371.734744,3.26926283,5275.470853
"Hickory-Lenoir-Morganton, NC",26594,61102,4.595171843,17429618.4,285.2544664,2.356057757,17107,8953519.328,31270,286.3293677,1.106096722,0.008538535,6.155251424,3.959460258,4034.131139,2072.315657,5.156065267,4320.538377
"Hilton Head Island-Bluffton, SC",16601,40118,4.833202819,9762903.341,243.3546872,2.581711945,12324,5174980.221,21459,241.1566346,1.103364562,0.027727294,4.032417343,2.993525169,2371.429477,1257.013432,2.606374367,4116.885379
"Hinesville, GA",6547,16094,4.916450283,6514577.601,404.7829999,2.542538567,4735,3327195.347,8301,400.8186179,1.095564715,0.011083002,2.514459935,1.818537924,2502.007693,1277.852359,2.266175726,2603.740036
"Homosassa Springs, FL",15373,40107,5.217849476,8632104.72,215.2268861,2.713328563,12095,4477026.339,20856,214.6637102,1.084155791,0.017644802,7.67692384,6.039965774,4310.675243,2235.724337,1.447595942,2002.494791
"Hot Springs, AR",11248,27899,4.960704125,7466417.12,267.6231091,2.525071124,8139,3785520.901,14158,267.3768118,1.140392241,0.021613222,5.916547156,4.281185749,3927.401225,1991.217365,0.95232684,1901.108823
"Houston-The Woodlands-Sugar Land, TX",265501,643472,4.847228447,119580516.4,185.8363944,2.78183133,209233,67595273,369740,182.818394,1.073320761,0.008627684,10.26137561,8.086667861,4621.679746,2612.496698,270.6143113,25873.82141
"Huntington-Ashland, WV-KY-OH",26984,63427,4.701082123,21211677.77,334.4266286,2.426993774,17983,10992125.01,32631,336.8614204,1.128686834,0.009408231,4.110107417,2.739106941,3230.887717,1674.281594,8.091922799,6565.278534
"Huntsville, AL",34534,82322,4.767591359,16476166.23,200.1429293,2.517055655,24501,8719353.398,43508,200.408049,1.075325255,0.011308265,9.403926348,6.671848018,4486.611852,2374.360258,18.61740563,3672.295882
"Idaho Falls, ID",11454,29377,5.129561725,13875151.59,472.3134286,2.638990746,8564,7075947.989,15059,469.8816647,1.085048105,0.007703035,0.844701193,0.631571592,1023.254506,521.8318239,8.092555569,13559.82457
"Indianapolis-Carmel-Anderson, IN",96972,245920,5.07197954,56956783.54,231.6069597,2.723415006,75468,30256169.58,132195,228.8752947,1.06396642,0.008956466,8.631225559,6.717210437,5069.575196,2693.022978,132.2800866,11235.02095
"Iowa City, IA",8253,21718,5.263055858,8442990.504,388.7554335,2.802859566,6621,4415716.697,11501,383.9419787,1.047943248,0.012868446,2.668150411,2.140533609,2729.573317,1427.577405,5.391074827,3093.153956
"Ithaca, NY",3572,9411,5.269316909,4064930.026,431.9339099,2.730963046,2845,2053190.566,4829,425.1792433,1.059054539,0.014702837,2.805629592,2.234606996,3192.801783,1612.67979,8.75371094,1273.154521
"Jackson, MI",30869,81133,5.256600473,13724225.75,169.157134,2.881758398,25461,7577320.495,44456,170.4453953,1.052105144,0.006433327,19.37008264,15.97660028,8611.856134,4754.71587,37.0845307,1593.643175
"Jackson, MS",44622,107594,4.822464255,38085865.67,353.977598,2.549616781,32112,19895085.87,56824,350.1176592,1.085755687,0.0058602,3.132632807,2.254383593,2673.771509,1396.710113,6.110880417,14244.24845
"Jackson, TN",11453,29163,5.092639483,12540629.41,430.0184964,2.679123374,8848,6561359.426,15259,429.999307,1.075306794,0.005242808,2.580274046,1.993387301,2825.308703,1478.22452,2.369379967,4438.675814
"Jacksonville, FL",70409,169264,4.808021702,33492727.67,197.8727176,2.668139016,52851,18583427.83,94054,197.5825359,1.077996708,0.007453165,7.355381081,5.521158453,3498.867694,1941.345474,92.09213255,9572.447603
"Jacksonville, NC",10524,24673,4.688901558,6220809.909,252.1302602,2.446503231,7039,3273983.65,12865,254.4876525,1.076548433,0.008783521,4.48684108,3.001033292,2652.203103,1395.842297,3.861514059,2345.525463
"Janesville-Beloit, WI",7751,21099,5.444200748,6813876.591,322.9478454,2.926203071,6491,3587880.943,11280,318.0745517,1.039044603,0.004964539,4.121256117,3.451306084,3622.981626,1907.699172,5.62834701,1880.737275
"Jefferson City, MO",11295,27633,4.892961487,14150557.22,512.0890681,2.544046038,8134,7336258.735,14279,513.7795879,1.097223848,0.009104279,1.923241915,1.385006617,2409.468328,1249.172226,1.583452491,5872.896131
"Johnson City, TN",13294,31783,4.781555589,8619676.176,271.2039825,2.495712351,9273,4502104.313,16551,272.0140362,1.105992528,0.008156607,5.939238408,4.14281313,3850.93364,2011.363837,2.695845422,2238.334124
"Johnstown, PA",9677,25306,5.230133306,6549145.197,258.7981189,2.68791981,7348,3401330.982,12962,262.4078832,1.081957004,0.004320321,5.38566126,4.089473901,3644.877294,1892.985068,1.507509851,1796.808142
"Jonesboro, AR",10764,27242,5.061687105,11360383.24,417.0172247,2.587421033,7891,5804953.954,13878,418.2846198,1.065762095,0.003602825,2.813465151,2.062528196,2969.346185,1517.283134,3.053116771,3825.887091
"Joplin, MO",14240,38537,5.4125,12321944.7,319.7432261,2.78630618,11079,6368807.756,19764,322.2428535,1.048639735,0.008196721,4.335640701,3.373213717,3751.652035,1939.105486,3.844943158,3284.405001
"Kahului-Wailuku-Lahaina, HI",3984,9440,4.738955823,2514716.345,266.3894433,2.535140562,2805,1331070.499,5055,263.3176061,1.149280224,0.00652819,0.631040761,0.444294512,398.3153907,210.8332683,4.627941368,6313.379809
"Kalamazoo-Portage, MI",9692,25454,5.252579447,6784234.518,266.5292103,2.769603797,7842,3544436.192,13398,264.5496486,1.058547745,0.014554411,6.453229219,5.221442792,4517.150271,2359.993727,9.957839241,1501.883735
"Kankakee, IL",5279,15028,5.693502557,5809331.441,386.5671707,2.926501231,4371,2955428.184,7663,385.675086,1.033790378,0.009265301,2.991710181,2.47712923,3292.259144,1674.89763,2.308587589,1764.542579
"Kansas City, MO-KS",119377,305629,5.120400077,76547943.68,250.4603414,2.77318914,94372,41028021.03,165649,247.6804631,1.05512878,0.007364971,6.267811021,4.95493991,4019.099534,2154.149311,112.4461041,19046.04328
"Kennewick-Richland, WA",2282,6871,6.021910605,4582286.304,666.9023874,3.078439965,1981,2319409.606,3473,667.8403703,1.020251879,0.002015549,0.677690402,0.58830179,1360.811326,688.8000121,0.651430066,3367.319346
"Killeen-Temple, TX",21883,57563,5.260978842,17829709.77,309.742539,2.774893753,17589,9354358.697,30333,308.3888404,1.080994119,0.003098935,2.957594926,2.377239737,2409.772844,1264.287521,10.94890594,7398.91721
"Kingsport-Bristol, TN-VA",21893,51603,4.714109533,17509225.04,339.3063396,2.488695017,15240,9192944.356,27191,338.0877627,1.119362802,0.008421904,4.129593673,2.874663481,3302.698806,1734.030277,4.545265608,5301.490106
"Kingston, NY",12384,29345,4.739179587,8734631.541,297.653145,2.417958656,8432,4468101.669,14924,299.3903557,1.104914411,0.012128116,4.117509827,2.803524133,2904.144962,1485.582407,6.109880224,3007.643095
"Knoxville, TN",52578,125082,4.757959603,34712453.47,277.5175762,2.5,36953,18190168.61,65702,276.8586741,1.12160267,0.009056041,6.065663126,4.26308436,4004.603618,2098.509548,15.51000012,8668.137169
"Kokomo, IN",3523,9953,5.650298041,3173852.191,318.8839738,2.959409594,2977,1644122.138,5175,317.704761,1.025568463,0.003864734,4.63223516,3.914324175,4173.156319,2161.782678,7.510738387,760.5399723
"La Crosse-Onalaska, WI-MN",7857,19955,5.079546901,6881467.405,344.8492811,2.700394553,5907,3575658.218,10564,338.4757874,1.089470339,0.003691783,2.892867937,2.174897658,2533.686701,1316.521193,3.549043123,2715.989866
"Lafayette-West Lafayette, IN",12418,32872,5.294250282,13102930.15,398.6045919,2.775728781,9764,6838874.31,17130,399.2337601,1.039514645,0.007005254,2.907070782,2.285765753,3067.413866,1600.989829,8.148236422,4271.653816
"Lake Havasu City-Kingman, AZ",13111,35081,5.351384334,10585300.34,301.7388428,2.741438487,10162,5741779.951,17977,319.395892,1.074216572,0.001891306,0.375527635,0.291061843,303.1860885,164.4571007,3.493419647,34913.54236
"Lakeland-Winter Haven, FL",32937,83456,5.06761393,16963218.44,203.2594234,2.760633938,26143,9222221.994,45493,202.717385,1.103537463,0.007891324,6.329967384,5.024268674,3260.060706,1772.364345,17.38414554,5203.344346
"Lancaster, PA",17521,46988,5.363620798,13632833.52,290.1343644,2.793333714,14340,7043562.145,24443,288.1627519,1.068573171,0.007732275,6.878834218,5.629957348,5352.320169,2765.338525,18.66154604,2547.088568
"Lansing-East Lansing, MI",17096,46923,5.489354235,16149187.4,344.1635743,2.895589612,14379,8428348.505,24625,342.2679596,1.038857739,0.016,3.13960309,2.640638326,2965.725237,1547.828089,24.67360764,5445.274295
"Laredo, TX",13776,37705,5.474012776,18674179.79,495.2706482,2.901132404,11307,9625120.311,19948,482.510543,1.106247344,0.003057951,1.577472698,1.294750566,2138.357199,1102.160606,6.43480324,8732.956214
"Las Cruces, NM",13258,33823,5.10227787,12403514.01,366.7183281,2.714059436,10206,6558393.622,17952,365.329413,1.067636205,0.005459002,1.341889744,1.032985875,1255.404151,663.7985471,5.102238596,9880.09638
"Las Vegas-Henderson-Paradise, NV",78221,184805,4.725201672,26382923.31,142.7608739,2.669909615,58830,15408446.66,104877,146.9192164,1.065180356,0.003098868,3.752430895,2.8222026,1265.64601,739.1765806,51.21276692,20845.42052
"Lawrence, KS",5389,13665,5.071441826,4433291.493,324.4267467,2.744108369,4176,2338430.424,7360,317.721525,1.04981166,0.005570652,4.382077328,3.395723682,3604.940831,1901.499897,6.189370426,1229.782041
"Lawton, OK",10116,28316,5.598260182,11880239.26,419.5592338,2.915678134,8349,6178605.26,14705,420.1703679,1.046802388,0.0066644,2.260597731,1.865730571,2654.847956,1380.717777,2.010057811,4474.922654
"Lebanon, PA",5405,14691,5.436077706,4089272.242,278.3522049,2.839222942,4461,2121623.326,7635,277.8812477,1.069015042,0.00772757,5.759934777,4.753944319,4357.805995,2260.945787,2.993142146,938.3786812
"Lewiston, ID-WA",4204,10819,5.147002854,5102458.653,471.6201731,2.672930542,3134,2609800.922,5595,466.4523542,1.159927599,0.002323503,1.083758694,0.807920968,1315.374388,672.7864985,1.074070025,3879.092294
"Lewiston-Auburn, ME",6319,15316,4.847602469,4391505.033,286.7266279,2.504351954,4444,2241115.796,7869,284.8031257,1.060924954,0.010293557,4.910410371,3.453372953,3412.579816,1741.541106,2.208715211,1286.857823
"Lexington-Fayette, KY",22248,53895,4.844929881,13200518.04,244.930291,2.631832075,16504,7164694.082,29306,244.4787444,1.085094342,0.013614959,5.789224437,4.294559516,3434.94973,1864.348349,34.16913968,3843.001812
"Lima, OH",5387,15034,5.581585298,4440876.463,295.3888827,2.89456098,4472,2327932.455,7729,301.1945213,1.037252209,0.012808902,5.104579049,4.237549194,4208.057351,2205.887365,3.469816985,1055.326982
"Lincoln, NE",16278,43411,5.333701929,13222088.09,304.5792102,2.989249294,13784,7082717.609,24257,291.9865445,1.023291206,0.002143711,4.418367301,3.741416321,3588.895545,1922.47499,9.276848939,3684.16632
"Little Rock-North Little Rock-Conway, AR",51686,127721,4.942189374,38173579.05,298.8825569,2.580853616,37792,19732795.01,66632,296.145921,1.096148186,0.00799916,4.754734599,3.47658805,3511.690537,1815.273056,11.76284934,10870.42797
"Logan, UT-ID",7233,18868,5.217198949,7199934.204,381.5949864,2.649246509,5372,3607269.713,9566,377.0927988,1.106375931,0.005854066,1.518332596,1.127676304,1511.391509,757.2286999,9.832919861,4763.778385
"Longview, TX",19291,49953,5.178891711,19136209.73,383.0842939,2.696542429,15115,9881385.299,25923,381.1821664,1.071226485,0.004281912,2.736280516,2.143946918,2714.324703,1401.59878,16.56134823,7050.081264
"Longview, WA",5456,13104,4.803519062,5105958.193,389.6488243,2.503848974,3720,2651254.999,6820,388.7470673,1.173680264,0.008357771,1.817856197,1.239447407,1701.227592,883.3578317,4.112283746,3001.337514
"Los Angeles-Long Beach-Anaheim, CA",250524,641962,5.124954096,101322379.2,157.8323626,2.805328032,197890,56606576.45,352272,160.6899681,1.060396414,0.003619362,16.97949085,13.41217386,6867.215954,3836.561954,538.7671934,14754.50602
"Louisville/Jefferson County, KY-IN",58818,143283,4.872079976,35574257.45,248.2796805,2.567802373,42306,18743160.88,75541,248.1190463,1.085997196,0.01277452,6.90213659,4.964497103,4174.544936,2199.46031,83.65510224,8521.709073
"Lubbock, TX",20004,55241,5.522995401,21259959.61,384.8583409,2.961857628,16986,11189535.91,29556,378.5876271,1.03633197,0.001319529,2.863291681,2.431307364,3043.064662,1601.624929,21.56135985,6986.364725
"Lynchburg, VA",15537,35899,4.621098024,15204160.36,423.5260134,2.439016541,10522,7919132.865,18921,418.5366981,1.122949965,0.015379737,2.794823904,1.892716555,2734.952102,1424.508067,5.208125475,5559.20535
"Macon-Bibb County, GA",13604,34105,5.01396648,11795119.15,345.8472115,2.645692443,10373,6206274.364,17955,345.6571631,1.078791097,0.006850459,3.020870412,2.303402586,2619.194828,1378.149853,12.55519207,4503.337828
"Madera, CA",7740,20020,5.173126615,9325102.412,465.7893313,2.733204134,5905,4798574.48,10567,454.1094426,1.109926804,0.002839027,1.387346802,1.058434479,1671.466539,860.1145943,1.456670525,5578.994371
"Madison, WI",35315,89323,5.058643636,28712071.53,321.4409674,2.780433244,28081,15228179.44,49057,310.4180736,1.05794213,0.008378009,4.024458168,3.200079564,3271.995775,1735.386412,60.61495891,8775.094318
"Manchester-Nashua, NH",16962,43691,5.151633062,10838815.49,248.0789061,2.746138427,13841,5652822.416,23302,242.589581,1.109279533,0.044631362,7.336811004,5.98684124,4688.2644,2445.094311,19.99301648,2311.903631
"Manhattan, KS",10770,27827,5.167502321,11146939.25,400.5799854,2.711606314,8235,5740120.31,14537,394.8627853,1.067454681,0.010524868,2.202055895,1.683744689,2279.125655,1173.636562,7.773917515,4890.884025
"Mankato, MN",7220,18722,5.186149584,8604900.301,459.6143735,2.776038781,5636,4477425.921,9962,449.450504,1.044608305,0.009335475,2.261241075,1.76514608,2694.979779,1402.290776,2.117219474,3192.93687
"Mansfield, OH",6250,16393,5.24576,5195810.339,316.9529884,2.70944,4881,2691266.014,8401,320.3506742,1.04118489,0.005475539,4.825555474,3.768565803,4011.627364,2077.896551,8.806960876,1295.18768
"McAllen-Edinburg-Mission, TX",28609,77010,5.383620539,18772762.95,243.7704577,2.826627984,23476,9822701.567,40411,243.069995,1.068435899,0.003093217,6.980266037,5.727873239,4580.337643,2396.625892,9.554986911,4098.554388
"Medford, OR",10432,26058,4.995782209,10121782.92,388.4328389,2.595763037,7637,5211591.439,13539,384.9317851,1.179417521,0.007016766,1.438807625,1.053314209,1396.021706,718.7957727,9.844718858,7250.448093
"Memphis, TN-MS-AR",64824,161924,4.995804023,41930305.56,258.9505296,2.649389115,48729,22327851.17,85904,259.9163155,1.069960235,0.005378096,5.326085837,4.003684388,3445.088341,1834.506539,86.2511358,12171.03929
"Merced, CA",10563,27378,5.183754615,9719876.125,355.0250612,2.701315914,7913,5111188.957,14233,359.1083368,1.051699668,0.001897,2.061907948,1.544625352,1897.329341,997.7090915,8.012288683,5122.92511
"Miami-Fort Lauderdale-Pompano Beach, FL",162184,408488,5.037340305,59662184.36,146.0561494,2.937441425,137548,35052064.51,238621,146.894299,1.071594843,0.008641318,10.21091645,8.659862477,3756.261899,2206.837309,369.4424194,15883.39311
"Michigan City-La Porte, IN",6271,17372,5.540424175,5578411.303,321.1150877,2.907510764,5241,2920249.729,9060,322.3233696,1.045867655,0.005408389,3.951068331,3.302112761,3514.700085,1839.914882,2.372417997,1587.165666
"Midland, MI",7383,20630,5.588514154,5103740.024,247.3940874,2.976296898,6224,2753361.634,10971,250.967244,1.040437134,0.000820345,3.157249112,2.661617022,2182.551626,1177.441226,2.719362574,2338.428087
"Midland, TX",8203,22982,5.60331586,7617100.237,331.4376572,2.976593929,6906,4046016.996,12182,332.1307664,1.040848403,0.001067148,1.74036244,1.465188713,1616.056949,858.4098513,2.943735698,4713.386024
"Minneapolis-St. Paul-Bloomington, MN-WI",153099,387218,5.05840012,93563087.41,241.6289723,2.771572643,120191,50620622.68,212396,238.3313371,1.066864282,0.008465319,7.872694638,6.180491324,4811.224218,2603.026177,150.6694453,19446.83581
"Missoula, MT",7997,19418,4.85632112,9608121.353,494.8048899,2.543828936,5576,4933875.463,10149,486.1440007,1.275708275,0.004630998,1.18008399,0.822827101,1417.830459,728.0714571,9.521971162,6776.636297
"Mobile, AL",40634,97715,4.809519122,20631278.46,211.1372712,2.5220505,29025,10730103.07,51268,209.2943566,1.09672698,0.01927128,5.742880754,4.102158633,2915.857951,1516.505942,47.13724,7075.543049
"Modesto, CA",16932,44655,5.274627923,10201720.17,228.4563916,2.77793527,13478,5341935.508,23495,227.3647801,1.054781342,0.001361992,4.31261215,3.432871873,2598.397256,1360.600991,5.652725941,3926.158767
"Monroe, LA",1657,4018,4.849728425,1670885.364,415.8500159,2.441762221,1117,836091.081,2013,415.3457928,1.073647214,0.007948336,2.404009539,1.620566479,2424.15471,1213.018065,0.20096032,689.2651518
"Monroe, MI",6023,16022,5.32027229,5740790.576,358.3067392,2.79379047,4913,3018511.576,8374,360.4623329,1.035323702,0.014210652,4.14674759,3.382528791,3952.45052,2078.201163,5.123228078,1452.463616
"Montgomery, AL",26773,64609,4.826429612,19169338.29,296.6976472,2.557315206,19260,10045145.9,34235,293.4174355,1.08321197,0.009434789,3.713764244,2.671613168,2659.037206,1393.392734,8.54792505,7209.127517
"Morgantown, WV",9250,22193,4.798486486,8106311.795,365.2643534,2.46227027,6354,4159000.343,11330,367.0785828,1.134443107,0.006001765,3.513984335,2.41382232,3079.508396,1579.963465,3.588132361,2632.339566
"Morristown, TN",5585,13526,4.843688451,4585981.38,339.0493405,2.592837959,4183,2421302.942,7207,335.9654422,1.110014736,0.008325239,0.772694545,0.578725386,634.4785667,334.9915085,3.840162176,7227.95319
"Mount Vernon-Anacortes, WA",7593,18263,4.81048334,5248095.692,287.3621909,2.517318583,5292,2724125.637,9581,284.3258154,1.111320793,0.006471141,1.537417353,1.0715149,1062.625232,551.5761922,17.19991293,4938.802065
"Muncie, IN",5968,16863,5.65113941,4534376.868,268.8950286,2.941689008,5043,2370957.429,8734,271.4629527,1.036556503,0.004350813,5.810163263,4.909626899,4414.455412,2308.252304,3.982105575,1027.165629
"Muskegon, MI",7974,21944,5.503887635,6062353.117,276.2647246,2.833960371,6366,3124904.288,11241,277.9916634,1.051540687,0.010675207,5.837962916,4.660706286,4438.398881,2287.819833,3.678996625,1365.887402
"Myrtle Beach-Conway-North Myrtle Beach, SC-NC",39180,95716,4.885962226,22846402.74,238.6894849,2.618478816,29220,12131059.55,51408,235.976104,1.083850127,0.009453782,6.80096767,5.072084618,3965.738805,2105.741292,13.8323103,5760.944898
"Napa, CA",5334,13070,4.90063742,3230829.972,247.194336,2.619610049,3916,1701136.043,6988,243.4367549,1.12011254,0.004293074,2.607474385,1.91429878,1579.360029,831.5839252,8.897538278,2045.65768
"Naples-Marco Island, FL",15237,34924,4.584104483,8418700.22,241.0577316,2.736759205,11806,4776882.913,20902,228.5371215,1.0735215,0.01904124,2.5544069,1.979216897,1411.353018,800.8205469,43.25732499,5964.985454
"Nashville-Davidson--Murfreesboro--Franklin, TN",83291,202491,4.862254025,59413848.09,293.4147596,2.554549711,60128,31164516.18,106378,292.9601626,1.084912808,0.008469796,5.581947938,4.029623436,3981.762818,2088.565473,57.92240887,14921.49352
"New Bern, NC",8963,21217,4.734352337,7529500.359,354.8805373,2.482539328,6157,3942983.512,11111,354.8720648,1.079001976,0.007110071,1.914792906,1.315338606,1608.550025,842.3515404,2.445526957,4680.923964
"New Haven-Milford, CT",25721,64987,5.053224991,13417620.17,206.4662189,2.675440302,20260,7189360.819,34400,208.9930471,1.08473586,0.011075581,15.76691805,12.41933672,8224.972499,4407.062824,62.03499877,1631.327055
"New York-Newark-Jersey City, NY-NJ-PA",410699,1052145,5.123679386,168078416.7,159.7483395,2.827223831,335954,93513382.85,581084,160.9291993,1.065626477,0.008330981,17.35017674,14.19253827,7100.553532,3950.517824,543.9509146,23671.17097
"Niles, MI",9553,25605,5.360619701,7200622.623,281.2193955,2.752747828,7511,3772232.833,13097,288.0226642,1.058662195,0.012292892,6.360524755,5.000931795,4794.278074,2511.606858,2.019947077,1501.920104
"North Port-Sarasota-Bradenton, FL",42259,105405,4.988523155,18122873.45,171.9356145,2.803142526,34359,10064496.96,59348,169.5844334,1.089257523,0.008812428,10.08720237,8.201476279,4325.920914,2402.390438,28.76504828,4189.367722
"Norwich-New London, CT",11022,27379,4.968063872,7598357.101,277.5250046,2.610778443,8428,4039570.426,14360,281.3071327,1.081162956,0.017896936,5.76416529,4.407583476,3973.705885,2112.570463,24.15914073,1912.158907
"Ocala, FL",28297,74853,5.290525497,17191042.04,229.6640354,2.813266424,23202,9068041.873,39776,227.9777221,1.059992886,0.00766794,6.574847957,5.391017504,3994.362924,2106.97235,9.129006958,4303.825759
"Ocean City, NJ",7766,21190,5.457120783,3574420.612,168.6843139,2.888230749,6137,1907073.122,11224,169.9102924,1.049535243,0.004098361,4.788120238,3.78376177,2203.805778,1175.804199,2.155452676,1621.930865
"Odessa, TX",7663,22376,5.84001044,5204255.922,232.5820487,3.038235678,6681,2799212.347,11620,240.8960712,1.027540935,0.000688468,3.274262589,2.854671586,2223.685302,1196.053278,2.803425333,2340.374295
"Ogden-Clearfield, UT",26640,67635,5.077702703,16435130.96,242.9974268,2.621283784,19736,8656849.706,34933,247.8129478,1.069435015,0.002061088,1.191615886,0.882797715,735.1487668,387.22371,22.95884682,22356.19742
"Oklahoma City, OK",76540,197390,5.157825973,55858754.02,282.9867471,2.744591063,59688,29406273.23,105113,279.7586714,1.059548999,0.00865735,5.296021257,4.129983235,3865.026766,2034.704052,42.6951348,14452.35891
"Olympia-Lacey-Tumwater, WA",16778,39576,4.717606389,9146034.009,231.1005157,2.463821671,11506,4741359.64,20670,229.3836304,1.122912959,0.021625544,8.346142196,5.723609018,4549.654331,2358.568468,11.52661716,2010.270087
"Omaha-Council Bluffs, NE-IA",50700,136053,5.366982249,39744230.93,292.12315,2.935443787,42491,21133907.4,74446,283.8823765,1.043289633,0.004325283,4.441180779,3.722094921,3481.485492,1851.272255,33.64417707,11415.88297
"Orlando-Kissimmee-Sanford, FL",91364,222120,4.862309006,40412492.68,181.9399094,2.776969047,73255,23222700.95,127147,182.6445056,1.096967043,0.008800837,8.797447256,7.05373012,3891.322324,2236.115831,179.190177,10385.28534
"Oshkosh-Neenah, WI",7484,19396,5.183324425,5104081.678,263.1512517,2.819615179,6014,2738096.217,10511,260.4981654,1.048858884,0.004756921,4.994559274,4.013532799,3406.285205,1827.30944,22.08829192,1498.43051
"Owensboro, KY",7100,18287,5.151267606,6773841.043,370.418387,2.682253521,5422,3482429.331,9488,367.0351319,1.073401962,0.007061551,2.947167736,2.250639925,2811.781094,1445.535686,2.358229116,2409.092606
"Oxnard-Thousand Oaks-Ventura, CA",24057,58621,4.87350875,11348785.7,193.5959076,2.681257015,18067,6319022.577,32307,195.5929853,1.110114024,0.005292971,4.124807494,3.09776352,1945.860095,1083.458107,12.88601388,5832.272181
"Palm Bay-Melbourne-Titusville, FL",26970,68247,5.060956618,12570267.15,184.1878347,2.81323693,22183,7020769.511,38030,184.6113466,1.093648198,0.007862214,6.692035134,5.504242321,3119.045956,1742.055478,43.30160239,4030.164137
"Panama City, FL",11251,29260,5.201315439,6228290.838,212.8602474,2.76802062,8887,3300366.952,15564,212.0513333,1.072760011,0.007196094,4.207151124,3.323167011,2328.980606,1234.125192,17.68670042,2674.256205
"Parkersburg-Vienna, WV",5829,14402,4.9414994,4984148.918,346.0733869,2.580545548,4229,2605040.813,7492,347.7096654,1.137254638,0.008142018,3.687130596,2.675051516,3152.72053,1647.817067,7.043737412,1580.904134
"Pensacola-Ferry Pass-Brent, FL",27403,68152,4.974053936,15928751.26,233.7239004,2.661752363,20566,8406297.563,36537,230.0762942,1.079353551,0.007581356,5.168180248,3.878728423,3004.147635,1585.419882,23.17989743,5302.25315
"Peoria, IL",26187,69285,5.291556879,25492132.26,367.9314752,2.796311147,20575,13206032.89,36499,361.8190331,1.047523294,0.004575468,2.971305526,2.334540467,2892.462423,1498.421297,22.1337397,8813.297646
"Philadelphia-Camden-Wilmington, PA-NJ-DE-MD",190616,487036,5.110127167,91318626.4,187.4987196,2.843984765,157824,49939210.27,271381,184.0188159,1.076658726,0.013018597,15.1256248,12.52353742,7246.250474,3962.740575,132.4233108,12602.19016
"Phoenix-Mesa-Chandler, AZ",181979,458340,5.037284522,83790356.3,182.8126638,2.774721259,146781,46359066.59,254164,182.3982413,1.079241247,0.007813852,4.817745885,3.885907488,2218.281474,1227.31855,396.0285688,37772.64396
"Pine Bluff, AR",12060,30762,5.101492537,12830997.92,417.1054521,2.606633499,8735,6557780.288,15662,418.7064416,1.082153992,0.002809347,2.231158099,1.616017081,2373.796428,1213.220945,0.822554909,5405.26465
"Pittsburgh, PA",117483,296406,5.045938561,73845795.68,249.1373173,2.655235226,88963,38930090.62,155996,249.5582619,1.09251254,0.006775815,8.49177384,6.430323333,5337.638603,2813.900949,103.2183472,13834.91862
"Pittsfield, MA",8102,20588,5.082201925,6819785.418,331.250506,2.636262651,6277,3462681.642,10642,325.3788425,1.087570961,0.018981394,3.306359441,2.561591979,2783.098235,1413.091846,14.4396789,2450.429285
"Pocatello, ID",9717,24512,5.045178553,9966665.476,406.6035197,2.604404652,7139,5192394.217,12609,411.8006358,1.105680754,0.01110318,1.448998253,1.064567102,1486.228348,774.289405,3.098997538,6706.012227
"Port St. Lucie, FL",20842,52587,5.046252759,10211424.2,194.1815315,2.822665771,17268,5682767.674,29471,192.8257499,1.06955467,0.008720437,5.588299872,4.630014499,2737.957036,1523.702613,23.91137659,3729.577953
"Portland-South Portland, ME",35778,85192,4.762256135,22005079.88,258.299839,2.467242439,25243,11385000.31,44160,257.8125071,1.085595992,0.031227355,4.828605908,3.406800239,2969.809903,1536.521879,13.16211882,7409.59206
"Portland-Vancouver-Hillsboro, OR-WA",97359,243207,4.996086648,49366072.31,202.9796524,2.621606631,71071,25760149.77,128365,200.6789216,1.111281185,0.004424882,5.512312763,4.023927735,2795.029021,1458.498982,203.5220893,17662.09651
"Poughkeepsie-Newburgh-Middletown, NY",29431,72370,4.917943665,19217165.59,265.5404946,2.549488634,21748,10044463.54,37439,268.2887775,1.10154281,0.016907503,6.838933527,5.053621228,4465.52676,2334.04976,21.35689118,4303.448759
"Prescott Valley-Prescott, AZ",20456,49016,4.792334767,16692816.44,340.5585205,2.502786469,14349,8829991.877,25602,344.8946128,1.141486363,0.00917897,0.971507836,0.681470763,792.7846095,419.3589312,15.22307462,21055.92899
"Providence-Warwick, RI-MA",72030,182473,5.066583368,30602585.17,167.7102101,2.692280994,56357,16382440.07,96998,168.8946171,1.075362601,0.015020928,12.51515776,9.791985922,5317.175916,2846.436512,73.60084547,5755.420856
"Provo-Orem, UT",26065,66793,5.125110301,13735872.36,205.6483817,2.696988298,20118,7232049.809,35253,205.1470743,1.09349692,0.004340056,1.814070362,1.4001714,955.9884498,503.3357843,15.94654039,14368.24091
"Pueblo, CO",10198,27212,5.336732693,9046139.429,332.4319943,2.807805452,8072,4736016.568,14307,331.0279281,1.072548384,0.004123855,1.637842959,1.296398153,1452.849163,760.6247684,4.950483813,6226.482183
"Punta Gorda, FL",16335,44082,5.397245179,8328663.334,188.9356956,2.866727885,13812,4410444.423,23393,188.5369308,1.069177966,0.009148036,7.35224244,6.216661927,3748.659445,1985.102949,11.12828,2221.771131
"Racine, WI",8436,21790,5.165955429,4522144.125,207.5330025,2.927927928,7069,2458090.079,12301,199.8284757,1.056360577,0.018291196,9.481719247,7.945267112,5082.705191,2762.792794,11.65507237,889.7120638
"Raleigh-Cary, NC",67925,158618,4.670386456,31539057.1,198.8365576,2.505734266,47115,16980855.18,85224,199.2496853,1.066501248,0.00660612,12.20659818,8.466895444,5667.789427,3051.578593,101.5588925,5564.613418
"Rapid City, SD",9871,24382,4.940127647,13322465.39,546.405766,2.623239793,7218,6977028.717,12911,540.3941381,1.099774864,0.007590427,0.60859024,0.445021209,821.3881472,430.164277,4.028809999,16219.45171
"Reading, PA",15513,40986,5.284084316,11528788.91,281.2860222,2.817830207,12634,6068921.954,21783,278.6081786,1.07662796,0.006886104,6.924175365,5.639143399,5145.836146,2708.842898,9.124193326,2240.411195
"Redding, CA",14740,33355,4.52578019,14322031.42,429.3818444,2.358480326,9428,7375226.467,17363,424.7668299,1.229917818,0.005356217,1.478379484,0.945601206,1436.458441,739.7139413,11.73852357,9970.376459
"Reno, NV",19708,47248,4.79480414,10124724.17,214.2889471,2.666886544,14779,5562726.443,26371,210.9410505,1.092954992,0.003981647,1.117321244,0.837877545,574.0090015,315.3720533,13.74987248,17638.61567
"Richmond, VA",67567,159076,4.708689153,39785029.83,250.1007684,2.571240398,47650,21696795.33,86878,249.7386603,1.074110083,0.009277377,5.801964589,4.091695837,3416.332444,1863.099415,117.5628703,11645.53816
"Riverside-San Bernardino-Ontario, CA",148751,374550,5.035932532,80332290.06,214.4768123,2.666341739,111197,43533516.17,198655,219.1413061,1.071801713,0.002386046,2.096544581,1.56724639,1132.229211,613.5754207,124.4076258,70950.55425
"Roanoke, VA",17685,42174,4.769465649,14040744.54,332.9241841,2.508510037,12200,7333436.579,22148,331.1105553,1.12118644,0.008849558,3.604673173,2.486684349,2861.877024,1494.749341,4.86539559,4906.131333
"Rochester, MN",15155,38716,5.109336853,17591067.73,454.3617039,2.727680633,11541,9121635.909,20601,442.7763657,1.055685454,0.006892869,2.335246499,1.778362247,2710.622193,1405.560431,11.61610976,6489.678929
"Rochester, NY",36026,94506,5.246544163,33409197.08,353.5140317,2.734747127,29001,17341228.05,49195,352.4998079,1.059010344,0.013680252,2.640159753,2.125333731,2448.387762,1270.849175,59.29521869,13645.3864
"Rockford, IL",16230,43303,5.336167591,9965403.418,230.1319405,2.856685151,13241,5312831.612,23130,229.6944061,1.045637466,0.007220061,7.818918517,6.378946401,4800.904333,2559.494607,11.21065609,2075.734638
"Rocky Mount, NC",9172,22801,4.971870911,7933587.014,347.9490818,2.632468382,6739,4212605.827,12017,350.5538676,1.0485359,0.004826496,3.393494762,2.493323288,2935.301567,1558.59745,8.749989199,2702.818376
"Rome, GA",5273,13146,4.986155888,4329493.689,329.339243,2.632087995,3960,2274871.295,6911,329.1667335,1.097322114,0.006366662,3.920628412,2.944374836,3219.104109,1691.432777,10.74239972,1344.937455
"Sacramento-Roseville-Folsom, CA",88387,214966,4.864199486,43817624.31,203.8351381,2.630251055,65578,23654663.75,116467,203.101855,1.114301947,0.003142521,6.432370916,4.772444137,3188.831075,1721.470025,87.12847577,13740.96755
"Saginaw, MI",8645,24645,5.701561596,7948457.915,322.5180732,2.981839213,7296,4086735.769,12802,319.2263528,1.035855739,0.013201062,4.088150673,3.450219469,3758.761547,1932.584336,5.174274415,2114.648087
"Salem, OR",15600,39172,5.022051282,10812312.78,276.0214638,2.5975,11252,5596292.616,20268,276.1146939,1.093245271,0.003404381,3.115515189,2.247165187,2159.354148,1117.649657,14.90798091,5007.197542
"Salinas, CA",15798,39836,5.043170022,11642760.93,292.2673194,2.687428788,12102,6195031.239,21292,290.9558162,1.12802414,0.011224873,1.610833214,1.23397288,1187.146855,631.6724954,25.82117937,9807.34682
"Salisbury, MD-DE",29180,71857,4.925085675,19285160.46,268.3824883,2.688896504,22541,10243286.17,39297,260.663312,1.075918519,0.009339135,3.895131164,3.008915406,2574.305329,1367.338697,21.2543084,7491.403697
"Salt Lake City, UT",41929,105263,5.02101171,18063590.98,171.6043718,2.679577381,32047,9936897.912,56267,176.6025897,1.07377446,0.002470365,1.999662791,1.528374,861.4822857,473.906962,66.69936933,20968.03531
"San Angelo, TX",10757,29676,5.517523473,14715262.41,495.8640792,2.874221437,8906,7592881.082,15398,493.1082661,1.122578805,0.004026497,1.181405528,0.978116355,1616.128322,833.9008722,11.57853465,9105.256194
"San Antonio-New Braunfels, TX",91978,231030,5.023592598,61033780.01,264.1811886,2.75303877,72912,32832816.02,126716,259.1055275,1.087347414,0.003906373,4.822160992,3.822581511,3199.838147,1721.336892,49.99079046,19074.021
"San Diego-Chula Vista-Carlsbad, CA",85819,203433,4.740978105,36698078.04,180.3939284,2.589461541,61121,20630666.57,111376,185.2344003,1.090215301,0.004237897,7.334428191,5.223640283,3136.361623,1763.177647,58.22937213,11700.84399
"San Francisco-Oakland-Berkeley, CA",109976,266545,4.847330327,39267790.46,147.3214296,2.71256456,83687,22310876.58,149632,149.1049814,1.094496834,0.007632057,13.35040877,10.15908615,4766.867807,2708.402945,190.5644853,8237.650392
"San Jose-Sunnyvale-Santa Clara, CA",49337,118419,4.800413483,19845880.39,167.5903393,2.720372135,38297,11207928.64,67248,166.6656055,1.097141584,0.002869974,7.069521023,5.487594435,2843.725168,1605.989159,140.3129005,6978.832065
"San Luis Obispo-Paso Robles, CA",14040,34767,4.952564103,11226730.53,322.9134102,2.590954416,10156,5875262.789,18252,321.8969312,1.115441014,0.005150121,1.498339245,1.083841408,1198.109042,627.0040463,35.66675643,9370.374599
"Santa Cruz-Watsonville, CA",10531,24600,4.671920995,5186145.474,210.8189217,2.493875226,7309,2720944.421,13165,206.6801687,1.168840349,0.006912267,6.879952432,4.775004494,3388.133526,1777.605943,8.553908354,1530.679188
"Santa Fe, NM",12494,28828,4.614695054,8719467.043,302.4652089,2.535697135,8880,4653080.778,15875,293.1074506,1.109265297,0.012913386,2.527255483,1.796224483,1763.752273,941.2136954,11.08348479,4943.702796
"Santa Maria-Santa Barbara, CA",14944,37791,5.057682013,9872435.123,261.2377318,2.687031585,11303,5287349.373,20103,263.0129519,1.133416378,0.00611849,1.52078853,1.150259151,1004.676533,538.0714857,27.61172194,9826.481264
"Santa Rosa-Petaluma, CA",19942,48035,4.817470665,11177384.09,232.6924969,2.521111223,13956,5834801.308,25166,231.8525514,1.130004309,0.012516888,4.332279673,3.031857142,2428.219531,1267.575524,51.64975483,4603.119259
"Savannah, GA",20604,51259,4.975635799,12178887.47,237.5951046,2.748252766,16170,6607634.111,28330,233.2380555,1.085525709,0.015884222,5.071459269,3.980076509,2997.705869,1626.400081,42.12613084,4062.735971
"Scranton--Wilkes-Barre, PA",25809,66923,5.18602038,17683709.93,264.2396476,2.754039289,20412,9380114.837,35471,264.4446121,1.084832819,0.005046376,5.605275739,4.433139152,3840.600963,2037.201369,21.12245491,4604.412201
"Seattle-Tacoma-Bellevue, WA",149176,358253,4.80309165,59318808.33,165.5779807,2.532887328,104622,31158484.66,189344,164.5601903,1.090530806,0.009833953,9.13330484,6.405484923,3631.795726,1907.679109,209.8720968,16333.18964
"Sebastian-Vero Beach, FL",8859,23012,5.195168755,4254745.124,184.8924528,2.84433909,7330,2323193.143,12634,183.8842127,1.065540377,0.013534906,5.549092985,4.591359248,2665.08368,1455.199771,12.83170265,1596.477122
"Sebring-Avon Park, FL",10640,29070,5.464285714,6450247.406,221.8867357,2.823966165,8881,3330381.626,15017,221.7740978,1.062360321,0.00499434,3.717123807,3.102610576,2253.418064,1163.481281,0.944598833,2862.428198
"Sheboygan, WI",6109,16050,5.254542478,5128148.015,319.5107798,2.870191521,4988,2729302.499,8728,312.7065191,1.041622446,0.01088451,4.544596486,3.710664147,3814.922811,2030.377893,2.318778197,1344.233755
"Sherman-Denison, TX",8825,23782,5.389688385,8135350.472,342.0801645,2.861983003,7313,4305738.366,12599,341.7523903,1.069385997,0.005079768,3.46115037,2.868146476,3190.670968,1688.703449,5.203971604,2549.730309
"Sierra Vista-Douglas, AZ",12946,33461,5.169318708,15920706.21,475.7988765,2.652247799,9511,8240909.756,17157,480.3234689,1.076285666,0.0035554,0.805493543,0.591769588,990.5782518,512.7452182,5.032607567,16072.13381
"Sioux City, IA-NE-SD",10147,28831,5.682664827,13953985.32,483.9924151,2.993298512,8534,7289592.408,15082,483.3306198,1.036315954,0.004376077,1.868942707,1.571849519,2570.138869,1342.646159,5.041172056,5429.272904
"Sioux Falls, SD",15053,43482,5.777187272,20309197.46,467.0713735,3.011559158,12691,10503662.35,22585,465.0724973,1.020578026,0.002302413,2.247649987,1.894966185,3032.483055,1568.362223,8.379015982,6697.217131
"South Bend-Mishawaka, IN-MI",12750,34102,5.349333333,6876872.575,201.6559901,2.831921569,10372,3634783.861,18001,201.9212189,1.048552176,0.009777235,1.713801577,1.394160781,924.3603971,488.5724167,10.98987606,7439.601043
"Spartanburg, SC",18856,46326,4.913661434,12107013.73,261.3438184,2.568466271,13898,6335046.42,24187,261.9194782,1.07756477,0.005250755,8.895061712,6.5561926,5711.319172,2988.472044,40.66363669,2119.827901
"Spokane-Spokane Valley, WA",26802,71805,5.358182225,24612543.23,342.7692115,2.81068577,21207,12636567.49,37633,335.7842184,1.11113573,0.002258656,2.398817649,1.898057081,2202.85811,1130.991012,28.49663114,11173.00434
"Springfield, IL",12705,33357,5.251003542,10095172.5,302.6403004,2.831719795,10241,5342216.674,17962,297.417697,1.055012326,0.003841443,4.115771499,3.317561269,3270.320602,1730.60552,16.03794846,3086.906065
"Springfield, MA",22344,58277,5.216344433,13469697.91,231.1323148,2.766738274,18497,7076243.313,30899,229.0120494,1.082788875,0.032622415,4.676876427,3.871651597,2819.374895,1481.145522,50.41114918,4777.547653
"Springfield, MO",39289,96594,4.917101479,28517901.58,295.23471,2.543180025,28133,14774030.07,49874,296.2270938,1.080929918,0.012952641,5.008747697,3.586528009,3635.597085,1883.463288,7.665401852,7844.076479
"Springfield, OH",5695,15170,5.327480246,4169135.079,274.8276255,2.802107112,4600,2230325.805,7931,281.2162155,1.051548292,0.006808725,5.473837568,4.421361337,4007.228836,2143.712235,2.942981104,1040.403543
"St. Cloud, MN",12576,32241,5.127385496,13968141.18,433.2415614,2.723998092,9625,7303372.606,17051,428.3251778,1.048058875,0.004809102,2.693574453,2.061518298,2991.748429,1564.263508,7.893659294,4668.88895
"St. George, UT",11271,28379,5.035755479,6098671.672,214.9008659,2.65672966,8494,3225571.504,14981,215.3108273,1.107833592,0.003003805,1.790044232,1.349005032,968.5823842,512.2806909,15.91520696,6296.492453
"St. Joseph, MO-KS",10640,28837,5.420488722,12740991.7,441.8279191,2.82406015,8549,6610090.12,14952,442.0873542,1.053053734,0.005082932,2.458940444,1.975703182,2944.486822,1527.614467,2.833671242,4327.06698
"St. Louis, MO-IL",159275,402096,5.049078638,89564908.2,222.7450863,2.682881808,122818,47249254.18,213885,220.9096205,1.087427087,0.029628071,7.607051913,5.865847759,4277.663828,2256.647492,66.030461,20937.809
"State College, PA",6016,14798,4.919547872,6412792.761,433.3553697,2.648271277,4583,3376454.208,7971,423.5922981,1.11099218,0.014552754,2.084345537,1.58785831,2221.821138,1169.829996,15.33912243,2886.27768
"Staunton, VA",6651,16125,4.848894903,6148068.146,381.2755439,2.556307322,4761,3203664.68,8479,377.8352023,1.093320168,0.006486614,2.543970153,1.821055766,2351.601543,1225.383751,2.584937848,2614.417465
"Stockton, CA",23392,59941,5.124914501,13326314.46,222.3238595,2.793091655,18467,7253957.818,32716,221.7250831,1.066117464,0.002445287,6.335383521,5.001518787,3609.238758,1964.629139,45.47719269,3692.278443
"Sumter, SC",13746,34501,5.019787575,11459446.94,332.1482548,2.604030263,10383,5923543.454,17855,331.7582444,1.082289194,0.023690843,3.859650497,2.915375463,3217.624042,1663.233481,13.32108112,3561.462369
"Syracuse, NY",24780,66376,5.357223567,22319306.01,336.2556648,2.795520581,20381,11622812.12,34544,336.4639915,1.06402559,0.013403196,3.338434691,2.745788435,3006.922738,1565.859532,59.49548148,7422.640338
"Tallahassee, FL",21369,50871,4.761196125,14283536.27,280.7795457,2.631522299,16210,7647031.64,28196,271.2098042,1.085127528,0.00677401,3.167301453,2.402637304,2117.097907,1133.438833,11.40998468,6746.752817
"Tampa-St. Petersburg-Clearwater, FL",124563,315501,5.065725777,51336670.03,162.7147617,2.814752374,100245,28466824.17,175612,162.1006775,1.082243286,0.007396989,14.44160941,11.62222438,5951.88087,3300.392217,222.7300789,8625.285209
"Terre Haute, IN",16616,46337,5.577395282,16547816.19,357.1188509,2.883485797,13660,8557392.636,23853,358.7554033,1.054474828,0.010438938,3.315300878,2.725506138,3301.69653,1707.410407,4.298820431,5011.91313
"Texarkana, TX-AR",13341,34285,5.139794618,13511931.03,394.1061989,2.651750244,9971,7027334.818,17663,397.8562429,1.075108903,0.00379324,2.414433182,1.804535887,2445.368011,1271.795995,3.986009426,5525.520481
"The Villages, FL",10223,26561,5.196322019,4752995.642,178.9464117,2.763865793,8565,2583568.769,14144,182.6618191,1.093533166,0.054015837,6.810410521,5.705875586,3166.37499,1721.13508,0.854619188,1501.084255
"Toledo, OH",27647,75045,5.428798785,19926451.17,265.5266996,2.901978515,23567,10565007.29,40058,263.7427553,1.041253191,0.015352739,4.831017992,4.118081564,3481.934537,1846.122195,37.56338708,5722.810399
"Topeka, KS",18499,50142,5.421049786,22332882.09,445.3927264,2.836045192,14886,11507274.76,26135,440.3013108,1.041586571,0.007040367,2.169375472,1.745679403,2618.974356,1349.456706,9.135836036,8527.338968
"Trenton-Princeton, NJ",12072,31348,5.193505633,5487370.191,175.046899,2.871686547,10385,3076620.791,17308,177.7571522,1.089661504,0.023515138,20.37402504,17.52685968,9261.084963,5192.441106,14.2640644,592.5191501
"Tucson, AZ",53107,129478,4.876118026,29073808.46,224.5463203,2.671719359,40283,15643739.82,71203,219.7061896,1.080568738,0.011951744,2.232603129,1.693485828,1222.254613,657.6583591,77.87811092,23787.03107
"Tulsa, OK",64692,165762,5.124652198,47120821.15,284.2679332,2.695109133,49708,24711587.17,87157,283.529575,1.070912409,0.007205388,3.860552056,2.966368664,2811.976488,1474.685721,26.19618708,16757.18889
"Tuscaloosa, AL",24229,57468,4.743736844,20766680.96,361.360774,2.496058442,16969,10756816.46,30224,355.9031384,1.09692873,0.01167946,2.624563125,1.8381366,2249.513603,1165.212919,21.03598967,9231.631645
"Twin Falls, ID",12685,33748,5.320930233,13625948.38,403.7557302,2.696807253,9718,6909045.496,17039,405.4842125,1.080876353,0.008157756,1.935037836,1.482435766,2078.575141,1053.942802,1.464430164,6555.427375
"Tyler, TX",11964,31061,5.192410565,9107481.142,293.2127472,2.731193581,9462,4773739.864,16300,292.8674763,1.072759715,0.005705521,4.864055396,3.846848224,3702.71588,1940.80033,5.33445602,2459.675934
"Urban Honolulu, HI",17896,42021,4.696133214,6661771.128,158.5343311,2.591417076,12829,3771363.895,23232,162.3348784,1.081510117,0.003142218,3.106585583,2.22699969,1156.423902,654.6750506,15.99953252,5760.665374
"Utica-Rome, NY",14308,37611,5.257338552,15364907.73,408.5216488,2.748462399,11491,7998033.446,19594,408.1878864,1.066671132,0.012707972,2.03578054,1.63497024,2186.160202,1137.981608,12.82321167,7028.262486
"Valdosta, GA",9764,25385,5.199713232,10510568.98,414.0464438,2.773453503,7900,5494799.978,13492,407.263562,1.068769253,0.003557664,2.313845385,1.872119884,2490.765211,1302.142316,11.82434999,4219.815231
"Vallejo, CA",17163,42028,4.89751209,8698953.984,206.9799654,2.670279089,12913,4798696.477,23013,208.5211175,1.090484474,0.003041759,7.290365145,5.485083326,3695.073759,2038.352825,28.2692407,2354.203069
"Victoria, TX",6660,17203,5.166066066,6968803.527,405.0923401,2.725525526,5099,3709574.472,9048,409.9883369,1.072445954,0.003647215,1.471492579,1.126597697,1539.721122,819.6113074,2.43961692,4526.016709
"Vineland-Bridgeton, NJ",5702,15326,5.375657664,4378557.084,285.6947073,2.782532445,4526,2244348.112,7896,284.238616,1.039487456,0.003546099,3.292860621,2.613729773,2528.582637,1296.093567,3.685095111,1731.625069
"Virginia Beach-Norfolk-Newport News, VA-NC",85952,203538,4.736085257,39071527.43,191.9618323,2.5908414,61211,21436998.73,111473,192.3066458,1.074610503,0.011150682,6.042055609,4.30286981,2746.56019,1506.928733,140.5955021,14225.62213
"Visalia, CA",17815,47109,5.288689307,17903980.95,380.0543623,2.806342969,14039,9315135.919,24959,373.2175135,1.085304595,0.003966505,1.420534567,1.119443435,1427.629741,742.7714045,3.015341913,12541.0535
"Waco, TX",18023,47123,5.229207124,14757990.83,313.1802056,2.813848971,14554,7858959.238,25300,310.6307999,1.062222695,0.003241107,3.79392739,3.063686358,3106.6274,1654.348372,17.6285628,4750.486276
"Walla Walla, WA",3424,9202,5.375,4098645.923,445.4081638,2.757885514,2702,2101347.819,4701,447.0001742,1.091441189,0.001701766,1.0188887,0.804041258,1219.644864,625.3036059,3.489404958,3360.52407
"Warner Robins, GA",9747,24057,4.936288089,5928683.34,246.44317,2.600697651,7243,3156829.568,12655,249.4531464,1.080945222,0.003555907,7.076293191,5.258396592,4304.206582,2291.848936,16.3350904,1377.416076
"Waterloo-Cedar Falls, IA",9956,28493,5.723784652,11869636.5,416.5807918,3.041582965,8506,6279409.102,15067,416.7657199,1.023899574,0.002654809,2.541062559,2.170980125,3029.478596,1602.688968,5.020842376,3918.046002
"Watertown-Fort Drum, NY",6856,17587,5.130396733,8518697.989,484.374708,2.639731622,5211,4387307.742,9012,486.829532,1.057678862,0.009320905,1.510012623,1.147706502,1876.216671,966.2908507,13.67010883,4540.359395
"Wausau-Weston, WI",12612,32426,5.142086901,15658892.1,482.9116172,2.767840152,9743,8165941.753,17359,470.4154475,1.048357747,0.004550953,1.960407189,1.514450304,2434.015591,1269.312632,4.471725752,6433.357352
"Weirton-Steubenville, WV-OH",8704,21599,4.963005515,5935133.939,274.787441,2.560087316,6297,3098508.594,11084,279.5478703,1.110938724,0.008751353,5.687637104,4.114780658,3878.318935,2024.723397,3.698630087,1530.336736
"Wenatchee, WA",8685,21675,4.991364421,13661692.07,630.2972122,2.550374208,6186,6879990.961,11067,621.6672053,1.176703983,0.004698654,0.692286126,0.493089461,1088.980987,548.4078625,3.770455825,12545.39081
"Wheeling, WV-OH",15363,36633,4.768990432,9922684.815,270.8673823,2.435396732,10404,5134074.492,18644,275.3740877,1.128639919,0.007455482,6.166231414,4.175842715,3982.657737,2060.658167,2.613502596,2491.473149
"Wichita Falls, TX",14484,38232,5.27920464,15730868.67,411.4581678,2.8173847,11665,8224398.85,20372,403.7109194,1.084307924,0.004565089,2.108018009,1.697737509,2289.488709,1196.988463,5.741181405,6870.909042
"Wichita, KS",37320,101278,5.427545552,34553424.4,341.1740398,2.842175777,29720,18021433.4,52982,340.1425654,1.033162229,0.004945076,3.445693524,2.743998166,3190.260201,1663.88897,19.06748006,10830.91103
"Williamsport, PA",8184,20840,5.092864125,8174931.484,392.2711845,2.646138807,6138,4222530.199,10769,392.1004921,1.111818209,0.006128703,2.538127685,1.903595764,2535.31524,1309.545552,2.546235364,3224.42407
"Wilmington, NC",16040,38442,4.793266833,8934181.166,232.406773,2.545261845,11270,4726978.222,20450,231.1480793,1.071556805,0.011198044,4.900598269,3.443250778,2729.603039,1444.203322,15.87780612,3273.06976
"Winchester, VA-WV",10983,24980,4.54884822,8300458.817,332.28418,2.373668397,7073,4318722.221,12997,332.286083,1.118176655,0.012156652,3.958971422,2.549558852,2992.013043,1556.742043,4.779176543,2774.205426
"Winston-Salem, NC",42157,97526,4.62679982,25720857.65,263.7333393,2.414260977,27983,13434447.08,50826,264.3223366,1.076920664,0.007810963,7.984148726,5.299723268,4871.294278,2544.360926,15.6602196,5280.087013
"Worcester, MA-CT",38037,95787,5.036517075,24604031.21,256.8619041,2.657938323,29828,12894683.51,50471,255.4869829,1.077186707,0.017415942,6.986970191,5.479068982,4519.484519,2368.608706,74.41596106,5443.990594
"Yakima, WA",10920,28902,5.293406593,14155026.87,489.7594241,2.709981685,8275,7249500.452,14773,490.7263556,1.119549451,0.004061463,0.978504954,0.741495284,1268.384975,649.603673,15.77297903,11159.88218
"York-Hanover, PA",16622,44476,5.351461918,13291255.85,298.8410795,2.781193599,13507,6831204.674,23064,296.1847327,1.080533666,0.006286854,7.049713746,5.728581613,5637.08032,2897.246871,18.43283907,2357.826232
"Youngstown-Warren-Boardman, OH-PA",24885,66650,5.356640547,19738540.79,296.1521499,2.794735785,19982,10381621.77,34674,299.4065229,1.044778168,0.006085251,5.511547931,4.425627919,4371.706396,2299.329155,15.89755006,4515.065516
"Yuba City, CA",8419,21665,5.146692006,7925868.395,365.8374519,2.678465376,6360,4094273.24,11260,363.6121883,1.084151447,0.002220249,2.597364532,1.962137834,2445.227397,1263.1334,1.594076018,3241.362503
"Yuma, AZ",9291,25210,5.426757077,8925887.915,354.0614008,2.840490798,7505,4715715.695,13203,357.170014,1.052820289,0.001514807,0.647429346,0.522974625,621.9870602,328.6075481,5.123357715,14350.60066
